2025-04-13 02:06:28,227 - CRITICAL - bot.config - Критическая ошибка при запуске: DefaultBotProperties.__init__() got an unexpected keyword argument 'disable_web_page_preview'
2025-04-13 02:06:28,228 - CRITICAL - bot.config - Стек вызовов: Traceback (most recent call last):
  File "C:\Users\micha\Desktop\Projects\parser-bot-1\bot\main.py", line 116, in main
    bot, dp = setup_bot()
              ^^^^^^^^^^^
  File "C:\Users\micha\Desktop\Projects\parser-bot-1\bot\config.py", line 159, in setup_bot
    bot_settings = DefaultBotProperties(
                   ^^^^^^^^^^^^^^^^^^^^^
TypeError: DefaultBotProperties.__init__() got an unexpected keyword argument 'disable_web_page_preview'

2025-04-13 02:07:03,444 - CRITICAL - bot.config - Критическая ошибка при запуске: DefaultBotProperties.__init__() got an unexpected keyword argument 'disable_web_page_preview'
2025-04-13 02:07:03,445 - CRITICAL - bot.config - Стек вызовов: Traceback (most recent call last):
  File "C:\Users\micha\Desktop\Projects\parser-bot-1\bot\main.py", line 116, in main
    bot, dp = setup_bot()
              ^^^^^^^^^^^
  File "C:\Users\micha\Desktop\Projects\parser-bot-1\bot\config.py", line 159, in setup_bot
    bot_settings = DefaultBotProperties(
                   ^^^^^^^^^^^^^^^^^^^^^
TypeError: DefaultBotProperties.__init__() got an unexpected keyword argument 'disable_web_page_preview'

2025-04-13 02:11:02,251 - INFO - bot.config - Загружена конфигурация из bot\config.json
2025-04-13 02:11:02,251 - INFO - bot.utils.channel_utils - Загружено 194 каналов из файла sources.txt
2025-04-13 02:11:02,252 - INFO - bot.config - Итоговое количество источников: 193
2025-04-13 02:11:02,293 - WARNING - bot.config - Не удалось зарегистрировать обработчики сигналов: 
2025-04-13 02:11:02,294 - INFO - bot.config - Используется директория для сессий: sessions
2025-04-13 02:11:02,295 - INFO - bot.config - Проверка прав доступа к sessions пройдена успешно
2025-04-13 02:11:02,641 - INFO - bot.config - Инициализирован бот и диспетчер
2025-04-13 02:11:02,641 - INFO - bot.config - Запуск обработки сообщений ботом
2025-04-13 02:11:02,950 - ERROR - aiogram.event - Cause exception while process update id=494929815 by bot id=7579606423
TelegramBadRequest: Telegram server says - Bad Request: object expected as link preview options
Traceback (most recent call last):
  File "C:\Python312\Lib\site-packages\aiogram\dispatcher\dispatcher.py", line 309, in _process_update
    response = await self.feed_update(bot, update, **kwargs)
               ^^^^^^^^^^^^^^^^^^^^^^^^^^^^^^^^^^^^^^^^^^^^^
  File "C:\Python312\Lib\site-packages\aiogram\dispatcher\dispatcher.py", line 158, in feed_update
    response = await self.update.wrap_outer_middleware(
               ^^^^^^^^^^^^^^^^^^^^^^^^^^^^^^^^^^^^^^^^
  File "C:\Python312\Lib\site-packages\aiogram\dispatcher\middlewares\error.py", line 25, in __call__
    return await handler(event, data)
           ^^^^^^^^^^^^^^^^^^^^^^^^^^
  File "C:\Python312\Lib\site-packages\aiogram\dispatcher\middlewares\user_context.py", line 49, in __call__
    return await handler(event, data)
           ^^^^^^^^^^^^^^^^^^^^^^^^^^
  File "C:\Python312\Lib\site-packages\aiogram\fsm\middleware.py", line 42, in __call__
    return await handler(event, data)
           ^^^^^^^^^^^^^^^^^^^^^^^^^^
  File "C:\Python312\Lib\site-packages\aiogram\dispatcher\event\telegram.py", line 121, in trigger
    return await wrapped_inner(event, kwargs)
           ^^^^^^^^^^^^^^^^^^^^^^^^^^^^^^^^^^
  File "C:\Python312\Lib\site-packages\aiogram\dispatcher\event\handler.py", line 43, in call
    return await wrapped()
           ^^^^^^^^^^^^^^^
  File "C:\Python312\Lib\site-packages\aiogram\dispatcher\dispatcher.py", line 276, in _listen_update
    return await self.propagate_event(update_type=update_type, event=event, **kwargs)
           ^^^^^^^^^^^^^^^^^^^^^^^^^^^^^^^^^^^^^^^^^^^^^^^^^^^^^^^^^^^^^^^^^^^^^^^^^^
  File "C:\Python312\Lib\site-packages\aiogram\dispatcher\router.py", line 142, in propagate_event
    return await observer.wrap_outer_middleware(_wrapped, event=event, data=kwargs)
           ^^^^^^^^^^^^^^^^^^^^^^^^^^^^^^^^^^^^^^^^^^^^^^^^^^^^^^^^^^^^^^^^^^^^^^^^
  File "C:\Python312\Lib\site-packages\aiogram\dispatcher\router.py", line 137, in _wrapped
    return await self._propagate_event(
           ^^^^^^^^^^^^^^^^^^^^^^^^^^^^
  File "C:\Python312\Lib\site-packages\aiogram\dispatcher\router.py", line 170, in _propagate_event
    response = await router.propagate_event(update_type=update_type, event=event, **kwargs)
               ^^^^^^^^^^^^^^^^^^^^^^^^^^^^^^^^^^^^^^^^^^^^^^^^^^^^^^^^^^^^^^^^^^^^^^^^^^^^
  File "C:\Python312\Lib\site-packages\aiogram\dispatcher\router.py", line 142, in propagate_event
    return await observer.wrap_outer_middleware(_wrapped, event=event, data=kwargs)
           ^^^^^^^^^^^^^^^^^^^^^^^^^^^^^^^^^^^^^^^^^^^^^^^^^^^^^^^^^^^^^^^^^^^^^^^^
  File "C:\Python312\Lib\site-packages\aiogram\dispatcher\router.py", line 137, in _wrapped
    return await self._propagate_event(
           ^^^^^^^^^^^^^^^^^^^^^^^^^^^^
  File "C:\Python312\Lib\site-packages\aiogram\dispatcher\router.py", line 162, in _propagate_event
    response = await observer.trigger(event, **kwargs)
               ^^^^^^^^^^^^^^^^^^^^^^^^^^^^^^^^^^^^^^^
  File "C:\Python312\Lib\site-packages\aiogram\dispatcher\event\telegram.py", line 121, in trigger
    return await wrapped_inner(event, kwargs)
           ^^^^^^^^^^^^^^^^^^^^^^^^^^^^^^^^^^
  File "C:\Users\micha\Desktop\Projects\parser-bot-1\bot\middleware\rate_limit.py", line 42, in __call__
    return await handler(event, data)
          ^^^^^^^^^^^^^^^^^^^^^^^^^^
  File "C:\Python312\Lib\site-packages\aiogram\dispatcher\event\handler.py", line 43, in call
    return await wrapped()
           ^^^^^^^^^^^^^^^
  File "C:\Users\micha\Desktop\Projects\parser-bot-1\bot\handlers\commands.py", line 12, in start_cmd
    await message.answer(
  File "C:\Python312\Lib\site-packages\aiogram\methods\base.py", line 84, in emit
    return await bot(self)
           ^^^^^^^^^^^^^^^
  File "C:\Python312\Lib\site-packages\aiogram\client\bot.py", line 480, in __call__
    return await self.session(self, method, timeout=request_timeout)
           ^^^^^^^^^^^^^^^^^^^^^^^^^^^^^^^^^^^^^^^^^^^^^^^^^^^^^^^^^
  File "C:\Python312\Lib\site-packages\aiogram\client\session\base.py", line 254, in __call__
    return cast(TelegramType, await middleware(bot, method))
                              ^^^^^^^^^^^^^^^^^^^^^^^^^^^^^
  File "C:\Python312\Lib\site-packages\aiogram\client\session\aiohttp.py", line 178, in make_request
    response = self.check_response(
               ^^^^^^^^^^^^^^^^^^^^
  File "C:\Python312\Lib\site-packages\aiogram\client\session\base.py", line 120, in check_response
    raise TelegramBadRequest(method=method, message=description)
aiogram.exceptions.TelegramBadRequest: Telegram server says - Bad Request: object expected as link preview options
2025-04-13 02:11:02,981 - ERROR - aiogram.event - Cause exception while process update id=494929814 by bot id=7579606423
TelegramBadRequest: Telegram server says - Bad Request: object expected as link preview options
Traceback (most recent call last):
  File "C:\Python312\Lib\site-packages\aiogram\dispatcher\dispatcher.py", line 309, in _process_update
    response = await self.feed_update(bot, update, **kwargs)
               ^^^^^^^^^^^^^^^^^^^^^^^^^^^^^^^^^^^^^^^^^^^^^
  File "C:\Python312\Lib\site-packages\aiogram\dispatcher\dispatcher.py", line 158, in feed_update
    response = await self.update.wrap_outer_middleware(
               ^^^^^^^^^^^^^^^^^^^^^^^^^^^^^^^^^^^^^^^^
  File "C:\Python312\Lib\site-packages\aiogram\dispatcher\middlewares\error.py", line 25, in __call__
    return await handler(event, data)
           ^^^^^^^^^^^^^^^^^^^^^^^^^^
  File "C:\Python312\Lib\site-packages\aiogram\dispatcher\middlewares\user_context.py", line 49, in __call__
    return await handler(event, data)
           ^^^^^^^^^^^^^^^^^^^^^^^^^^
  File "C:\Python312\Lib\site-packages\aiogram\fsm\middleware.py", line 42, in __call__
    return await handler(event, data)
           ^^^^^^^^^^^^^^^^^^^^^^^^^^
  File "C:\Python312\Lib\site-packages\aiogram\dispatcher\event\telegram.py", line 121, in trigger
    return await wrapped_inner(event, kwargs)
           ^^^^^^^^^^^^^^^^^^^^^^^^^^^^^^^^^^
  File "C:\Python312\Lib\site-packages\aiogram\dispatcher\event\handler.py", line 43, in call
    return await wrapped()
           ^^^^^^^^^^^^^^^
  File "C:\Python312\Lib\site-packages\aiogram\dispatcher\dispatcher.py", line 276, in _listen_update
    return await self.propagate_event(update_type=update_type, event=event, **kwargs)
           ^^^^^^^^^^^^^^^^^^^^^^^^^^^^^^^^^^^^^^^^^^^^^^^^^^^^^^^^^^^^^^^^^^^^^^^^^^
  File "C:\Python312\Lib\site-packages\aiogram\dispatcher\router.py", line 142, in propagate_event
    return await observer.wrap_outer_middleware(_wrapped, event=event, data=kwargs)
           ^^^^^^^^^^^^^^^^^^^^^^^^^^^^^^^^^^^^^^^^^^^^^^^^^^^^^^^^^^^^^^^^^^^^^^^^
  File "C:\Python312\Lib\site-packages\aiogram\dispatcher\router.py", line 137, in _wrapped
    return await self._propagate_event(
           ^^^^^^^^^^^^^^^^^^^^^^^^^^^^
  File "C:\Python312\Lib\site-packages\aiogram\dispatcher\router.py", line 170, in _propagate_event
    response = await router.propagate_event(update_type=update_type, event=event, **kwargs)
               ^^^^^^^^^^^^^^^^^^^^^^^^^^^^^^^^^^^^^^^^^^^^^^^^^^^^^^^^^^^^^^^^^^^^^^^^^^^^
  File "C:\Python312\Lib\site-packages\aiogram\dispatcher\router.py", line 142, in propagate_event
    return await observer.wrap_outer_middleware(_wrapped, event=event, data=kwargs)
           ^^^^^^^^^^^^^^^^^^^^^^^^^^^^^^^^^^^^^^^^^^^^^^^^^^^^^^^^^^^^^^^^^^^^^^^^
  File "C:\Python312\Lib\site-packages\aiogram\dispatcher\router.py", line 137, in _wrapped
    return await self._propagate_event(
           ^^^^^^^^^^^^^^^^^^^^^^^^^^^^
  File "C:\Python312\Lib\site-packages\aiogram\dispatcher\router.py", line 162, in _propagate_event
    response = await observer.trigger(event, **kwargs)
               ^^^^^^^^^^^^^^^^^^^^^^^^^^^^^^^^^^^^^^^
  File "C:\Python312\Lib\site-packages\aiogram\dispatcher\event\telegram.py", line 121, in trigger
    return await wrapped_inner(event, kwargs)
           ^^^^^^^^^^^^^^^^^^^^^^^^^^^^^^^^^^
  File "C:\Users\micha\Desktop\Projects\parser-bot-1\bot\middleware\rate_limit.py", line 42, in __call__
    return await handler(event, data)
          ^^^^^^^^^^^^^^^^^^^^^^^^^^
  File "C:\Python312\Lib\site-packages\aiogram\dispatcher\event\handler.py", line 43, in call
    return await wrapped()
           ^^^^^^^^^^^^^^^
  File "C:\Users\micha\Desktop\Projects\parser-bot-1\bot\handlers\commands.py", line 12, in start_cmd
    await message.answer(
  File "C:\Python312\Lib\site-packages\aiogram\methods\base.py", line 84, in emit
    return await bot(self)
           ^^^^^^^^^^^^^^^
  File "C:\Python312\Lib\site-packages\aiogram\client\bot.py", line 480, in __call__
    return await self.session(self, method, timeout=request_timeout)
           ^^^^^^^^^^^^^^^^^^^^^^^^^^^^^^^^^^^^^^^^^^^^^^^^^^^^^^^^^
  File "C:\Python312\Lib\site-packages\aiogram\client\session\base.py", line 254, in __call__
    return cast(TelegramType, await middleware(bot, method))
                              ^^^^^^^^^^^^^^^^^^^^^^^^^^^^^
  File "C:\Python312\Lib\site-packages\aiogram\client\session\aiohttp.py", line 178, in make_request
    response = self.check_response(
               ^^^^^^^^^^^^^^^^^^^^
  File "C:\Python312\Lib\site-packages\aiogram\client\session\base.py", line 120, in check_response
    raise TelegramBadRequest(method=method, message=description)
aiogram.exceptions.TelegramBadRequest: Telegram server says - Bad Request: object expected as link preview options
2025-04-13 02:11:02,984 - ERROR - aiogram.event - Cause exception while process update id=494929813 by bot id=7579606423
TelegramBadRequest: Telegram server says - Bad Request: object expected as link preview options
Traceback (most recent call last):
  File "C:\Python312\Lib\site-packages\aiogram\dispatcher\dispatcher.py", line 309, in _process_update
    response = await self.feed_update(bot, update, **kwargs)
               ^^^^^^^^^^^^^^^^^^^^^^^^^^^^^^^^^^^^^^^^^^^^^
  File "C:\Python312\Lib\site-packages\aiogram\dispatcher\dispatcher.py", line 158, in feed_update
    response = await self.update.wrap_outer_middleware(
               ^^^^^^^^^^^^^^^^^^^^^^^^^^^^^^^^^^^^^^^^
  File "C:\Python312\Lib\site-packages\aiogram\dispatcher\middlewares\error.py", line 25, in __call__
    return await handler(event, data)
           ^^^^^^^^^^^^^^^^^^^^^^^^^^
  File "C:\Python312\Lib\site-packages\aiogram\dispatcher\middlewares\user_context.py", line 49, in __call__
    return await handler(event, data)
           ^^^^^^^^^^^^^^^^^^^^^^^^^^
  File "C:\Python312\Lib\site-packages\aiogram\fsm\middleware.py", line 42, in __call__
    return await handler(event, data)
           ^^^^^^^^^^^^^^^^^^^^^^^^^^
  File "C:\Python312\Lib\site-packages\aiogram\dispatcher\event\telegram.py", line 121, in trigger
    return await wrapped_inner(event, kwargs)
           ^^^^^^^^^^^^^^^^^^^^^^^^^^^^^^^^^^
  File "C:\Python312\Lib\site-packages\aiogram\dispatcher\event\handler.py", line 43, in call
    return await wrapped()
           ^^^^^^^^^^^^^^^
  File "C:\Python312\Lib\site-packages\aiogram\dispatcher\dispatcher.py", line 276, in _listen_update
    return await self.propagate_event(update_type=update_type, event=event, **kwargs)
           ^^^^^^^^^^^^^^^^^^^^^^^^^^^^^^^^^^^^^^^^^^^^^^^^^^^^^^^^^^^^^^^^^^^^^^^^^^
  File "C:\Python312\Lib\site-packages\aiogram\dispatcher\router.py", line 142, in propagate_event
    return await observer.wrap_outer_middleware(_wrapped, event=event, data=kwargs)
           ^^^^^^^^^^^^^^^^^^^^^^^^^^^^^^^^^^^^^^^^^^^^^^^^^^^^^^^^^^^^^^^^^^^^^^^^
  File "C:\Python312\Lib\site-packages\aiogram\dispatcher\router.py", line 137, in _wrapped
    return await self._propagate_event(
           ^^^^^^^^^^^^^^^^^^^^^^^^^^^^
  File "C:\Python312\Lib\site-packages\aiogram\dispatcher\router.py", line 170, in _propagate_event
    response = await router.propagate_event(update_type=update_type, event=event, **kwargs)
               ^^^^^^^^^^^^^^^^^^^^^^^^^^^^^^^^^^^^^^^^^^^^^^^^^^^^^^^^^^^^^^^^^^^^^^^^^^^^
  File "C:\Python312\Lib\site-packages\aiogram\dispatcher\router.py", line 142, in propagate_event
    return await observer.wrap_outer_middleware(_wrapped, event=event, data=kwargs)
           ^^^^^^^^^^^^^^^^^^^^^^^^^^^^^^^^^^^^^^^^^^^^^^^^^^^^^^^^^^^^^^^^^^^^^^^^
  File "C:\Python312\Lib\site-packages\aiogram\dispatcher\router.py", line 137, in _wrapped
    return await self._propagate_event(
           ^^^^^^^^^^^^^^^^^^^^^^^^^^^^
  File "C:\Python312\Lib\site-packages\aiogram\dispatcher\router.py", line 162, in _propagate_event
    response = await observer.trigger(event, **kwargs)
               ^^^^^^^^^^^^^^^^^^^^^^^^^^^^^^^^^^^^^^^
  File "C:\Python312\Lib\site-packages\aiogram\dispatcher\event\telegram.py", line 121, in trigger
    return await wrapped_inner(event, kwargs)
           ^^^^^^^^^^^^^^^^^^^^^^^^^^^^^^^^^^
  File "C:\Users\micha\Desktop\Projects\parser-bot-1\bot\middleware\rate_limit.py", line 42, in __call__
    return await handler(event, data)
          ^^^^^^^^^^^^^^^^^^^^^^^^^^
  File "C:\Python312\Lib\site-packages\aiogram\dispatcher\event\handler.py", line 43, in call
    return await wrapped()
           ^^^^^^^^^^^^^^^
  File "C:\Users\micha\Desktop\Projects\parser-bot-1\bot\handlers\commands.py", line 12, in start_cmd
    await message.answer(
  File "C:\Python312\Lib\site-packages\aiogram\methods\base.py", line 84, in emit
    return await bot(self)
           ^^^^^^^^^^^^^^^
  File "C:\Python312\Lib\site-packages\aiogram\client\bot.py", line 480, in __call__
    return await self.session(self, method, timeout=request_timeout)
           ^^^^^^^^^^^^^^^^^^^^^^^^^^^^^^^^^^^^^^^^^^^^^^^^^^^^^^^^^
  File "C:\Python312\Lib\site-packages\aiogram\client\session\base.py", line 254, in __call__
    return cast(TelegramType, await middleware(bot, method))
                              ^^^^^^^^^^^^^^^^^^^^^^^^^^^^^
  File "C:\Python312\Lib\site-packages\aiogram\client\session\aiohttp.py", line 178, in make_request
    response = self.check_response(
               ^^^^^^^^^^^^^^^^^^^^
  File "C:\Python312\Lib\site-packages\aiogram\client\session\base.py", line 120, in check_response
    raise TelegramBadRequest(method=method, message=description)
aiogram.exceptions.TelegramBadRequest: Telegram server says - Bad Request: object expected as link preview options
2025-04-13 02:11:02,986 - ERROR - aiogram.event - Cause exception while process update id=494929812 by bot id=7579606423
TelegramBadRequest: Telegram server says - Bad Request: object expected as link preview options
Traceback (most recent call last):
  File "C:\Python312\Lib\site-packages\aiogram\dispatcher\dispatcher.py", line 309, in _process_update
    response = await self.feed_update(bot, update, **kwargs)
               ^^^^^^^^^^^^^^^^^^^^^^^^^^^^^^^^^^^^^^^^^^^^^
  File "C:\Python312\Lib\site-packages\aiogram\dispatcher\dispatcher.py", line 158, in feed_update
    response = await self.update.wrap_outer_middleware(
               ^^^^^^^^^^^^^^^^^^^^^^^^^^^^^^^^^^^^^^^^
  File "C:\Python312\Lib\site-packages\aiogram\dispatcher\middlewares\error.py", line 25, in __call__
    return await handler(event, data)
           ^^^^^^^^^^^^^^^^^^^^^^^^^^
  File "C:\Python312\Lib\site-packages\aiogram\dispatcher\middlewares\user_context.py", line 49, in __call__
    return await handler(event, data)
           ^^^^^^^^^^^^^^^^^^^^^^^^^^
  File "C:\Python312\Lib\site-packages\aiogram\fsm\middleware.py", line 42, in __call__
    return await handler(event, data)
           ^^^^^^^^^^^^^^^^^^^^^^^^^^
  File "C:\Python312\Lib\site-packages\aiogram\dispatcher\event\telegram.py", line 121, in trigger
    return await wrapped_inner(event, kwargs)
           ^^^^^^^^^^^^^^^^^^^^^^^^^^^^^^^^^^
  File "C:\Python312\Lib\site-packages\aiogram\dispatcher\event\handler.py", line 43, in call
    return await wrapped()
           ^^^^^^^^^^^^^^^
  File "C:\Python312\Lib\site-packages\aiogram\dispatcher\dispatcher.py", line 276, in _listen_update
    return await self.propagate_event(update_type=update_type, event=event, **kwargs)
           ^^^^^^^^^^^^^^^^^^^^^^^^^^^^^^^^^^^^^^^^^^^^^^^^^^^^^^^^^^^^^^^^^^^^^^^^^^
  File "C:\Python312\Lib\site-packages\aiogram\dispatcher\router.py", line 142, in propagate_event
    return await observer.wrap_outer_middleware(_wrapped, event=event, data=kwargs)
           ^^^^^^^^^^^^^^^^^^^^^^^^^^^^^^^^^^^^^^^^^^^^^^^^^^^^^^^^^^^^^^^^^^^^^^^^
  File "C:\Python312\Lib\site-packages\aiogram\dispatcher\router.py", line 137, in _wrapped
    return await self._propagate_event(
           ^^^^^^^^^^^^^^^^^^^^^^^^^^^^
  File "C:\Python312\Lib\site-packages\aiogram\dispatcher\router.py", line 170, in _propagate_event
    response = await router.propagate_event(update_type=update_type, event=event, **kwargs)
               ^^^^^^^^^^^^^^^^^^^^^^^^^^^^^^^^^^^^^^^^^^^^^^^^^^^^^^^^^^^^^^^^^^^^^^^^^^^^
  File "C:\Python312\Lib\site-packages\aiogram\dispatcher\router.py", line 142, in propagate_event
    return await observer.wrap_outer_middleware(_wrapped, event=event, data=kwargs)
           ^^^^^^^^^^^^^^^^^^^^^^^^^^^^^^^^^^^^^^^^^^^^^^^^^^^^^^^^^^^^^^^^^^^^^^^^
  File "C:\Python312\Lib\site-packages\aiogram\dispatcher\router.py", line 137, in _wrapped
    return await self._propagate_event(
           ^^^^^^^^^^^^^^^^^^^^^^^^^^^^
  File "C:\Python312\Lib\site-packages\aiogram\dispatcher\router.py", line 162, in _propagate_event
    response = await observer.trigger(event, **kwargs)
               ^^^^^^^^^^^^^^^^^^^^^^^^^^^^^^^^^^^^^^^
  File "C:\Python312\Lib\site-packages\aiogram\dispatcher\event\telegram.py", line 121, in trigger
    return await wrapped_inner(event, kwargs)
           ^^^^^^^^^^^^^^^^^^^^^^^^^^^^^^^^^^
  File "C:\Users\micha\Desktop\Projects\parser-bot-1\bot\middleware\rate_limit.py", line 42, in __call__
    return await handler(event, data)
          ^^^^^^^^^^^^^^^^^^^^^^^^^^
  File "C:\Python312\Lib\site-packages\aiogram\dispatcher\event\handler.py", line 43, in call
    return await wrapped()
           ^^^^^^^^^^^^^^^
  File "C:\Users\micha\Desktop\Projects\parser-bot-1\bot\handlers\commands.py", line 12, in start_cmd
    await message.answer(
  File "C:\Python312\Lib\site-packages\aiogram\methods\base.py", line 84, in emit
    return await bot(self)
           ^^^^^^^^^^^^^^^
  File "C:\Python312\Lib\site-packages\aiogram\client\bot.py", line 480, in __call__
    return await self.session(self, method, timeout=request_timeout)
           ^^^^^^^^^^^^^^^^^^^^^^^^^^^^^^^^^^^^^^^^^^^^^^^^^^^^^^^^^
  File "C:\Python312\Lib\site-packages\aiogram\client\session\base.py", line 254, in __call__
    return cast(TelegramType, await middleware(bot, method))
                              ^^^^^^^^^^^^^^^^^^^^^^^^^^^^^
  File "C:\Python312\Lib\site-packages\aiogram\client\session\aiohttp.py", line 178, in make_request
    response = self.check_response(
               ^^^^^^^^^^^^^^^^^^^^
  File "C:\Python312\Lib\site-packages\aiogram\client\session\base.py", line 120, in check_response
    raise TelegramBadRequest(method=method, message=description)
aiogram.exceptions.TelegramBadRequest: Telegram server says - Bad Request: object expected as link preview options
2025-04-13 02:11:05,639 - INFO - bot.config - Бот запущен и готов получать сообщения
2025-04-13 02:11:05,677 - ERROR - bot.config - Не удалось отправить начальное сообщение админу 5304440647: Telegram server says - Bad Request: object expected as link preview options
2025-04-13 02:11:08,677 - INFO - bot.config - Инициализация парсера Telegram
2025-04-13 02:11:08,678 - INFO - bot.config - Путь к файлу сессии: sessions\79939366352
2025-04-13 02:11:08,679 - INFO - bot.data.storage - Файл состояния parser_state.json не найден, создаем новый
2025-04-13 02:11:08,679 - INFO - bot.config - Зарегистрированы обработчики сигналов для грациозного завершения
2025-04-13 02:11:08,679 - INFO - bot.config - Парсер инициализирован, время запуска: 2025-04-12 23:11:08.678651+00:00
2025-04-13 02:11:08,679 - INFO - bot.config - Привязан экземпляр бота к парсеру
2025-04-13 02:11:08,680 - INFO - bot.config - Запуск задачи парсера
2025-04-13 02:11:08,680 - INFO - bot.utils.monitoring - Запущен мониторинг работоспособности
2025-04-13 02:11:08,680 - INFO - bot.config - Используется сессия: sessions\79939366352
2025-04-13 02:11:08,706 - ERROR - bot.config - Критическая ошибка в парсере: 'TelegramClient' object has no attribute 'set_callback'
2025-04-13 02:11:08,707 - INFO - bot.config - Очистка ресурсов парсера...
2025-04-13 02:11:08,707 - INFO - bot.utils.monitoring - Мониторинг работоспособности остановлен
2025-04-13 02:11:08,708 - INFO - bot.config - Временная директория C:\Users\micha\AppData\Local\Temp\telethon_media_njnw7llq удалена
2025-04-13 02:15:22,240 - INFO - bot.config - Получен сигнал 2, начинаем грациозное завершение
2025-04-13 02:15:22,241 - INFO - bot.config - Очистка ресурсов парсера...
2025-04-13 02:15:22,242 - INFO - bot.config - Временная директория C:\Users\micha\AppData\Local\Temp\telethon_media_njnw7llq удалена
2025-04-13 02:15:29,028 - INFO - bot.config - Получен сигнал 2, начинаем грациозное завершение
2025-04-13 02:15:29,028 - INFO - bot.config - Очистка ресурсов парсера...
2025-04-13 02:15:29,029 - INFO - bot.config - Временная директория C:\Users\micha\AppData\Local\Temp\telethon_media_njnw7llq удалена
2025-04-13 02:15:38,808 - INFO - bot.config - Загружена конфигурация из bot\config.json
2025-04-13 02:15:38,809 - INFO - bot.utils.channel_utils - Загружено 194 каналов из файла sources.txt
2025-04-13 02:15:38,809 - INFO - bot.config - Итоговое количество источников: 193
2025-04-13 02:15:38,862 - WARNING - bot.config - Не удалось зарегистрировать обработчики сигналов: 
2025-04-13 02:15:38,862 - INFO - bot.config - Используется директория для сессий: sessions
2025-04-13 02:15:38,864 - INFO - bot.config - Проверка прав доступа к sessions пройдена успешно
2025-04-13 02:15:39,205 - INFO - bot.config - Инициализирован бот и диспетчер
2025-04-13 02:15:39,205 - INFO - bot.config - Запуск обработки сообщений ботом
2025-04-13 02:15:42,211 - INFO - bot.config - Бот запущен и готов получать сообщения
2025-04-13 02:15:42,364 - ERROR - bot.config - Отправлено предварительное уведомление администратору 5304440647
2025-04-13 02:15:45,372 - INFO - bot.config - Инициализация парсера Telegram
2025-04-13 02:15:45,374 - INFO - bot.config - Путь к файлу сессии: sessions\79939366352
2025-04-13 02:15:45,382 - INFO - bot.data.storage - Состояние загружено из parser_state.json
2025-04-13 02:15:45,382 - INFO - bot.config - Зарегистрированы обработчики сигналов для грациозного завершения
2025-04-13 02:15:45,382 - INFO - bot.config - Парсер инициализирован, время запуска: 2025-04-12 23:15:45.374130+00:00
2025-04-13 02:15:45,382 - INFO - bot.config - Привязан экземпляр бота к парсеру
2025-04-13 02:15:45,383 - INFO - bot.config - Запуск задачи парсера
2025-04-13 02:15:45,383 - INFO - bot.utils.monitoring - Запущен мониторинг работоспособности
2025-04-13 02:15:45,383 - INFO - bot.config - Используется сессия: sessions\79939366352
2025-04-13 02:15:45,384 - INFO - bot.config - Попытка подключения к Telegram (попытка 1/5)...
2025-04-13 02:15:47,211 - INFO - bot.config - Начало авторизации для номера 79939366352
2025-04-13 02:15:47,274 - INFO - bot.config - Запрос кода авторизации отправлен
2025-04-13 02:16:01,559 - ERROR - bot.config - Получен код авторизации от администратора 5304440647: 50950
2025-04-13 02:16:03,572 - INFO - bot.config - Успешно авторизован как Will.i.am (ID: 7193033126)
2025-04-13 02:16:03,573 - INFO - bot.config - Получение диалогов для обнаружения каналов...
2025-04-13 02:16:03,576 - INFO - bot.utils.channel_utils - Загружено 194 каналов из файла sources.txt
2025-04-13 02:16:03,626 - ERROR - bot.config - Ошибка при инициализации активности канала https://t.me/blacklist_cashback: 'coroutine' object has no attribute 'messages'
2025-04-13 02:16:03,674 - ERROR - bot.config - Ошибка при инициализации активности канала https://t.me/globalotzivi: 'coroutine' object has no attribute 'messages'
2025-04-13 02:16:03,722 - ERROR - bot.config - Ошибка при инициализации активности канала https://t.me/ozonwbandsale: 'coroutine' object has no attribute 'messages'
2025-04-13 02:16:03,776 - ERROR - bot.config - Ошибка при инициализации активности канала https://t.me/razdachawbozon: 'coroutine' object has no attribute 'messages'
2025-04-13 02:16:03,874 - ERROR - bot.config - Ошибка при инициализации активности канала https://t.me/keshbek_tovar1: 'coroutine' object has no attribute 'messages'
2025-04-13 02:16:03,957 - ERROR - bot.config - Ошибка при инициализации активности канала https://t.me/walrus_best_cashbacks: 'coroutine' object has no attribute 'messages'
2025-04-13 02:16:04,020 - ERROR - bot.config - Ошибка при инициализации активности канала https://t.me/xalavshikipromokoda4: 'coroutine' object has no attribute 'messages'
2025-04-13 02:16:04,162 - ERROR - bot.config - Ошибка при инициализации активности канала https://t.me/mani_egg: 'coroutine' object has no attribute 'messages'
2025-04-13 02:16:04,285 - ERROR - bot.config - Ошибка при инициализации активности канала https://t.me/otzyv_cashback: 'coroutine' object has no attribute 'messages'
2025-04-13 02:16:04,375 - ERROR - bot.config - Ошибка при инициализации активности канала https://t.me/skidkology: 'coroutine' object has no attribute 'messages'
2025-04-13 02:16:04,432 - ERROR - bot.config - Ошибка при инициализации активности канала https://t.me/best_wb_sale: 'coroutine' object has no attribute 'messages'
2025-04-13 02:16:04,472 - ERROR - bot.config - Ошибка при инициализации активности канала https://t.me/wb_oz_cashback: 'coroutine' object has no attribute 'messages'
2025-04-13 02:16:04,515 - ERROR - bot.config - Ошибка при инициализации активности канала https://t.me/HALYAVASR1: 'coroutine' object has no attribute 'messages'
2025-04-13 02:16:04,567 - ERROR - bot.config - Ошибка при инициализации активности канала https://t.me/cashforfeedback: 'coroutine' object has no attribute 'messages'
2025-04-13 02:16:04,678 - ERROR - bot.config - Ошибка при инициализации активности канала https://t.me/cashzaotzyv: 'coroutine' object has no attribute 'messages'
2025-04-13 02:16:04,766 - ERROR - bot.config - Ошибка при инициализации активности канала https://t.me/raspakovkacpek: 'coroutine' object has no attribute 'messages'
2025-04-13 02:16:04,884 - ERROR - bot.config - Ошибка при инициализации активности канала https://t.me/Skid_best: 'coroutine' object has no attribute 'messages'
2025-04-13 02:16:04,948 - ERROR - bot.config - Ошибка при инициализации активности канала https://t.me/top_sale_wildberries: 'coroutine' object has no attribute 'messages'
2025-04-13 02:16:04,988 - ERROR - bot.config - Ошибка при инициализации активности канала https://t.me/WB_OZON_100_cashback: 'coroutine' object has no attribute 'messages'
2025-04-13 02:16:05,029 - ERROR - bot.config - Ошибка при инициализации активности канала https://t.me/tovari_waldberries: 'coroutine' object has no attribute 'messages'
2025-04-13 02:16:09,123 - ERROR - bot.config - Ошибка при инициализации активности канала https://t.me/tovar_za_otzivi_wb_ozon: 'coroutine' object has no attribute 'messages'
2025-04-13 02:16:09,165 - ERROR - bot.config - Ошибка при инициализации активности канала https://t.me/wbcashback_go: 'coroutine' object has no attribute 'messages'
2025-04-13 02:16:09,205 - ERROR - bot.config - Ошибка при инициализации активности канала https://t.me/za5zvezd: 'coroutine' object has no attribute 'messages'
2025-04-13 02:16:09,246 - ERROR - bot.config - Ошибка при инициализации активности канала https://t.me/online_hit_cashback: 'coroutine' object has no attribute 'messages'
2025-04-13 02:16:09,298 - ERROR - bot.config - Ошибка при инициализации активности канала https://t.me/vukypi: 'coroutine' object has no attribute 'messages'
2025-04-13 02:16:09,338 - ERROR - bot.config - Ошибка при инициализации активности канала https://t.me/backcashwb: 'coroutine' object has no attribute 'messages'
2025-04-13 02:16:09,379 - ERROR - bot.config - Ошибка при инициализации активности канала https://t.me/otzivi_wb_ozon: 'coroutine' object has no attribute 'messages'
2025-04-13 02:16:09,420 - ERROR - bot.config - Ошибка при инициализации активности канала https://t.me/OzonWbSales: 'coroutine' object has no attribute 'messages'
2025-04-13 02:16:09,463 - ERROR - bot.config - Ошибка при инициализации активности канала https://t.me/Childrens_cashback: 'coroutine' object has no attribute 'messages'
2025-04-13 02:16:09,504 - ERROR - bot.config - Ошибка при инициализации активности канала https://t.me/wb_kesh100: 'coroutine' object has no attribute 'messages'
2025-04-13 02:17:04,597 - ERROR - bot.config - Ошибка при инициализации активности канала https://t.me/collectionskidka: 'coroutine' object has no attribute 'messages'
2025-04-13 02:17:04,638 - ERROR - bot.config - Ошибка при инициализации активности канала https://t.me/WBOZONBESPLATNO100: 'coroutine' object has no attribute 'messages'
2025-04-13 02:17:04,678 - ERROR - bot.config - Ошибка при инициализации активности канала https://t.me/Wildberries1cashback: 'coroutine' object has no attribute 'messages'
2025-04-13 02:17:04,719 - ERROR - bot.config - Ошибка при инициализации активности канала https://t.me/sharovik_wb: 'coroutine' object has no attribute 'messages'
2025-04-13 02:17:04,760 - ERROR - bot.config - Ошибка при инициализации активности канала https://t.me/Otzovik_WB_OZON_TOP: 'coroutine' object has no attribute 'messages'
2025-04-13 02:17:04,800 - ERROR - bot.config - Ошибка при инициализации активности канала https://t.me/yagoda_xalava: 'coroutine' object has no attribute 'messages'
2025-04-13 02:17:04,841 - ERROR - bot.config - Ошибка при инициализации активности канала https://t.me/skidki_za_otzivi: 'coroutine' object has no attribute 'messages'
2025-04-13 02:17:04,881 - ERROR - bot.config - Ошибка при инициализации активности канала https://t.me/vykup2: 'coroutine' object has no attribute 'messages'
2025-04-13 02:17:04,924 - ERROR - bot.config - Ошибка при инициализации активности канала https://t.me/gives_ozon_wb: 'coroutine' object has no attribute 'messages'
2025-04-13 02:17:04,963 - ERROR - bot.utils.channel_utils - Не удалось получить сущность для канала https://t.me/wb_cashback_sales: No user has "wb_cashback_sales" as username
2025-04-13 02:17:04,963 - WARNING - bot.config - Не удалось получить сущность для канала https://t.me/wb_cashback_sales, пропускаем
2025-04-13 02:17:05,004 - ERROR - bot.config - Ошибка при инициализации активности канала https://t.me/wbrazdachi: 'coroutine' object has no attribute 'messages'
2025-04-13 02:17:05,043 - ERROR - bot.config - Ошибка при инициализации активности канала https://t.me/razdachi_keshbek: 'coroutine' object has no attribute 'messages'
2025-04-13 02:17:05,085 - ERROR - bot.config - Ошибка при инициализации активности канала https://t.me/LussiaK: 'coroutine' object has no attribute 'messages'
2025-04-13 02:17:05,126 - ERROR - bot.config - Ошибка при инициализации активности канала https://t.me/uletnuicashback: 'coroutine' object has no attribute 'messages'
2025-04-13 02:17:05,167 - ERROR - bot.config - Ошибка при инициализации активности канала https://t.me/vykup_keshbek6: 'coroutine' object has no attribute 'messages'
2025-04-13 02:17:05,207 - ERROR - bot.config - Ошибка при инициализации активности канала https://t.me/razdachaottani: 'coroutine' object has no attribute 'messages'
2025-04-13 02:17:05,249 - ERROR - bot.config - Ошибка при инициализации активности канала https://t.me/item_for_rewiew: 'coroutine' object has no attribute 'messages'
2025-04-13 02:17:05,289 - ERROR - bot.config - Ошибка при инициализации активности канала https://t.me/onereklamatovara: 'coroutine' object has no attribute 'messages'
2025-04-13 02:17:05,330 - ERROR - bot.config - Ошибка при инициализации активности канала https://t.me/cashback_za_tovar: 'coroutine' object has no attribute 'messages'
2025-04-13 02:17:05,371 - ERROR - bot.config - Ошибка при инициализации активности канала https://t.me/cashbekwbozon: 'coroutine' object has no attribute 'messages'
2025-04-13 02:17:10,461 - ERROR - bot.config - Ошибка при инициализации активности канала https://t.me/otzev_go: 'coroutine' object has no attribute 'messages'
2025-04-13 02:17:10,505 - ERROR - bot.config - Ошибка при инициализации активности канала https://t.me/keshbekiwboz: 'coroutine' object has no attribute 'messages'
2025-04-13 02:17:10,544 - ERROR - bot.utils.channel_utils - Не удалось получить сущность для канала https://t.me/zona_raspakovku: No user has "zona_raspakovku" as username
2025-04-13 02:17:10,545 - WARNING - bot.config - Не удалось получить сущность для канала https://t.me/zona_raspakovku, пропускаем
2025-04-13 02:17:10,585 - ERROR - bot.config - Ошибка при инициализации активности канала https://t.me/wb_ozon_saless: 'coroutine' object has no attribute 'messages'
2025-04-13 02:17:10,625 - ERROR - bot.config - Ошибка при инициализации активности канала https://t.me/vikup_cashback: 'coroutine' object has no attribute 'messages'
2025-04-13 02:17:10,667 - ERROR - bot.config - Ошибка при инициализации активности канала https://t.me/father_cashback: 'coroutine' object has no attribute 'messages'
2025-04-13 02:17:10,708 - ERROR - bot.config - Ошибка при инициализации активности канала https://t.me/HalyavaWildberriess: 'coroutine' object has no attribute 'messages'
2025-04-13 02:17:10,753 - ERROR - bot.config - Ошибка при инициализации активности канала https://t.me/VBBUKOP: 'coroutine' object has no attribute 'messages'
2025-04-13 02:17:10,794 - ERROR - bot.config - Ошибка при инициализации активности канала https://t.me/HAXODKI_PAZDACHI: 'coroutine' object has no attribute 'messages'
2025-04-13 02:17:10,835 - ERROR - bot.config - Ошибка при инициализации активности канала https://t.me/wildberries_cash_back: 'coroutine' object has no attribute 'messages'
2025-04-13 02:18:04,914 - ERROR - bot.config - Ошибка при инициализации активности канала https://t.me/reclamawbozonya: 'coroutine' object has no attribute 'messages'
2025-04-13 02:18:04,954 - ERROR - bot.utils.channel_utils - Не удалось получить сущность для канала https://t.me/razdachawbozoncashback: No user has "razdachawbozoncashback" as username
2025-04-13 02:18:04,954 - WARNING - bot.config - Не удалось получить сущность для канала https://t.me/razdachawbozoncashback, пропускаем
2025-04-13 02:18:04,996 - ERROR - bot.config - Ошибка при инициализации активности канала https://t.me/shtrihkodhalyavy: 'coroutine' object has no attribute 'messages'
2025-04-13 02:18:05,037 - ERROR - bot.config - Ошибка при инициализации активности канала https://t.me/cashback_cherny_spisok: 'coroutine' object has no attribute 'messages'
2025-04-13 02:18:05,079 - ERROR - bot.config - Ошибка при инициализации активности канала https://t.me/tovar_za_kesh1: 'coroutine' object has no attribute 'messages'
2025-04-13 02:18:05,120 - ERROR - bot.utils.channel_utils - Не удалось получить сущность для канала https://t.me/+lo9c0teJQrNiNzk6: Cannot get entity from a channel (or group) that you are not part of. Join the group and retry
2025-04-13 02:18:05,121 - WARNING - bot.config - Не удалось получить сущность для канала https://t.me/+lo9c0teJQrNiNzk6, пропускаем
2025-04-13 02:18:05,162 - ERROR - bot.config - Ошибка при инициализации активности канала https://t.me/skidkiwblina: 'coroutine' object has no attribute 'messages'
2025-04-13 02:18:05,202 - ERROR - bot.config - Ошибка при инициализации активности канала https://t.me/tovary_za_otzyvyy: 'coroutine' object has no attribute 'messages'
2025-04-13 02:18:05,243 - ERROR - bot.config - Ошибка при инициализации активности канала https://t.me/marketplacehot: 'coroutine' object has no attribute 'messages'
2025-04-13 02:18:05,284 - ERROR - bot.config - Ошибка при инициализации активности канала https://t.me/tovar_za_otziv2: 'coroutine' object has no attribute 'messages'
2025-04-13 02:18:05,326 - ERROR - bot.config - Ошибка при инициализации активности канала https://t.me/cashbackWBOZ: 'coroutine' object has no attribute 'messages'
2025-04-13 02:18:05,380 - ERROR - bot.utils.channel_utils - Не удалось получить сущность для канала https://t.me/+I7fWHohKZ84zYWRi: Cannot get entity from a channel (or group) that you are not part of. Join the group and retry
2025-04-13 02:18:05,381 - WARNING - bot.config - Не удалось получить сущность для канала https://t.me/+I7fWHohKZ84zYWRi, пропускаем
2025-04-13 02:18:05,422 - ERROR - bot.config - Ошибка при инициализации активности канала https://t.me/zayachya_lapkaa: 'coroutine' object has no attribute 'messages'
2025-04-13 02:18:05,463 - ERROR - bot.config - Ошибка при инициализации активности канала https://t.me/chatstopmosh: 'coroutine' object has no attribute 'messages'
2025-04-13 02:18:05,504 - ERROR - bot.config - Ошибка при инициализации активности канала https://t.me/wbskidka2023: 'coroutine' object has no attribute 'messages'
2025-04-13 02:18:05,545 - ERROR - bot.config - Ошибка при инициализации активности канала https://t.me/supertovariwb: 'coroutine' object has no attribute 'messages'
2025-04-13 02:18:05,585 - ERROR - bot.config - Ошибка при инициализации активности канала https://t.me/tovariWB_po_sebestoimosti: 'coroutine' object has no attribute 'messages'
2025-04-13 02:18:05,625 - ERROR - bot.config - Ошибка при инициализации активности канала https://t.me/mani_egg2: 'coroutine' object has no attribute 'messages'
2025-04-13 02:18:05,667 - ERROR - bot.config - Ошибка при инициализации активности канала https://t.me/chestnyreiting: 'coroutine' object has no attribute 'messages'
2025-04-13 02:18:05,707 - ERROR - bot.config - Ошибка при инициализации активности канала https://t.me/wb_ozon_skidki_rasprodazha: 'coroutine' object has no attribute 'messages'
2025-04-13 02:18:05,753 - ERROR - bot.config - Ошибка при инициализации активности канала https://t.me/CashikWB: 'coroutine' object has no attribute 'messages'
2025-04-13 02:18:05,794 - ERROR - bot.config - Ошибка при инициализации активности канала https://t.me/svwboz: 'coroutine' object has no attribute 'messages'
2025-04-13 02:18:10,877 - ERROR - bot.config - Ошибка при инициализации активности канала https://t.me/cashbacknutie: 'coroutine' object has no attribute 'messages'
2025-04-13 02:18:10,920 - ERROR - bot.utils.channel_utils - Не удалось получить сущность для канала https://t.me/+QeewdGww_go2YTYy: Cannot get entity from a channel (or group) that you are not part of. Join the group and retry
2025-04-13 02:18:10,920 - WARNING - bot.config - Не удалось получить сущность для канала https://t.me/+QeewdGww_go2YTYy, пропускаем
2025-04-13 02:18:10,969 - ERROR - bot.utils.channel_utils - Не удалось получить сущность для канала https://t.me/+u-89-NYsWnozMDZi: Cannot get entity from a channel (or group) that you are not part of. Join the group and retry
2025-04-13 02:18:10,970 - WARNING - bot.config - Не удалось получить сущность для канала https://t.me/+u-89-NYsWnozMDZi, пропускаем
2025-04-13 02:18:11,010 - ERROR - bot.config - Ошибка при инициализации активности канала https://t.me/cashbacknamp: 'coroutine' object has no attribute 'messages'
2025-04-13 02:18:11,051 - ERROR - bot.config - Ошибка при инициализации активности канала https://t.me/darimzaotzyv: 'coroutine' object has no attribute 'messages'
2025-04-13 02:18:11,093 - ERROR - bot.config - Ошибка при инициализации активности канала https://t.me/razdachaWB2: 'coroutine' object has no attribute 'messages'
2025-04-13 02:18:11,133 - ERROR - bot.config - Ошибка при инициализации активности канала https://t.me/razdazhawbozon: 'coroutine' object has no attribute 'messages'
2025-04-13 02:18:11,175 - ERROR - bot.config - Ошибка при инициализации активности канала https://t.me/+St2-cQONIA9lZjA6: 'coroutine' object has no attribute 'messages'
2025-04-13 02:18:11,217 - ERROR - bot.config - Ошибка при инициализации активности канала https://t.me/wildberrieskesh: 'coroutine' object has no attribute 'messages'
2025-04-13 02:18:11,259 - ERROR - bot.config - Ошибка при инициализации активности канала https://t.me/cashbakzaotzyv: 'coroutine' object has no attribute 'messages'
2025-04-13 02:18:11,300 - ERROR - bot.config - Ошибка при инициализации активности канала https://t.me/wbozon_razdachi: 'coroutine' object has no attribute 'messages'
2025-04-13 02:18:11,341 - ERROR - bot.config - Ошибка при инициализации активности канала https://t.me/cashbackitoshka2023: 'coroutine' object has no attribute 'messages'
2025-04-13 02:18:11,380 - ERROR - bot.config - Ошибка при инициализации активности канала https://t.me/keshbek_za_otzyv: 'coroutine' object has no attribute 'messages'
2025-04-13 02:18:32,487 - INFO - bot.config - Получен сигнал 2, начинаем грациозное завершение
2025-04-13 02:18:32,487 - INFO - bot.config - Очистка ресурсов парсера...
2025-04-13 02:18:32,488 - INFO - bot.utils.monitoring - Мониторинг работоспособности остановлен
2025-04-13 02:18:32,495 - INFO - bot.config - Соединение с Telegram закрыто
2025-04-13 02:18:32,496 - INFO - bot.config - Временная директория C:\Users\micha\AppData\Local\Temp\telethon_media_cdvzyygh удалена
2025-04-13 02:19:06,428 - ERROR - bot.utils.channel_utils - Не удалось получить сущность для канала https://t.me/aukzzionrazdach: Cannot send requests while disconnected
2025-04-13 02:19:06,428 - WARNING - bot.config - Не удалось получить сущность для канала https://t.me/aukzzionrazdach, пропускаем
2025-04-13 02:19:06,428 - ERROR - bot.utils.channel_utils - Не удалось получить сущность для канала https://t.me/keshbek_za_otziv: Cannot send requests while disconnected
2025-04-13 02:19:06,429 - WARNING - bot.config - Не удалось получить сущность для канала https://t.me/keshbek_za_otziv, пропускаем
2025-04-13 02:19:06,429 - ERROR - bot.utils.channel_utils - Не удалось получить сущность для канала https://t.me/keshbek7: Cannot send requests while disconnected
2025-04-13 02:19:06,429 - WARNING - bot.config - Не удалось получить сущность для канала https://t.me/keshbek7, пропускаем
2025-04-13 02:19:06,429 - ERROR - bot.utils.channel_utils - Не удалось получить сущность для канала https://t.me/tovarotzuvi: Cannot send requests while disconnected
2025-04-13 02:19:06,430 - WARNING - bot.config - Не удалось получить сущность для канала https://t.me/tovarotzuvi, пропускаем
2025-04-13 02:19:06,430 - ERROR - bot.utils.channel_utils - Не удалось получить сущность для канала https://t.me/vykup5: Cannot send requests while disconnected
2025-04-13 02:19:06,430 - WARNING - bot.config - Не удалось получить сущность для канала https://t.me/vykup5, пропускаем
2025-04-13 02:19:06,430 - ERROR - bot.utils.channel_utils - Не удалось получить сущность для канала https://t.me/keshanytiigoose: Cannot send requests while disconnected
2025-04-13 02:19:06,431 - WARNING - bot.config - Не удалось получить сущность для канала https://t.me/keshanytiigoose, пропускаем
2025-04-13 02:19:06,431 - ERROR - bot.utils.channel_utils - Не удалось получить сущность для канала https://t.me/wbozoncashback01: Cannot send requests while disconnected
2025-04-13 02:19:06,431 - WARNING - bot.config - Не удалось получить сущность для канала https://t.me/wbozoncashback01, пропускаем
2025-04-13 02:19:06,431 - ERROR - bot.utils.channel_utils - Не удалось получить сущность для канала https://t.me/wbpizdec: Cannot send requests while disconnected
2025-04-13 02:19:06,432 - WARNING - bot.config - Не удалось получить сущность для канала https://t.me/wbpizdec, пропускаем
2025-04-13 02:19:06,432 - ERROR - bot.utils.channel_utils - Не удалось получить сущность для канала https://t.me/tovar_za_otz: Cannot send requests while disconnected
2025-04-13 02:19:06,432 - WARNING - bot.config - Не удалось получить сущность для канала https://t.me/tovar_za_otz, пропускаем
2025-04-13 02:19:06,432 - ERROR - bot.utils.channel_utils - Не удалось получить сущность для канала https://t.me/cashbacksv: Cannot send requests while disconnected
2025-04-13 02:19:06,433 - WARNING - bot.config - Не удалось получить сущность для канала https://t.me/cashbacksv, пропускаем
2025-04-13 02:19:06,433 - ERROR - bot.utils.channel_utils - Не удалось получить сущность для канала https://t.me/wbozoncashbackyou: Cannot send requests while disconnected
2025-04-13 02:19:06,433 - WARNING - bot.config - Не удалось получить сущность для канала https://t.me/wbozoncashbackyou, пропускаем
2025-04-13 02:19:06,434 - ERROR - bot.utils.channel_utils - Не удалось получить сущность для канала https://t.me/+FkVWNsfMjJFjOWQ6: Cannot send requests while disconnected
2025-04-13 02:19:06,434 - WARNING - bot.config - Не удалось получить сущность для канала https://t.me/+FkVWNsfMjJFjOWQ6, пропускаем
2025-04-13 02:19:06,434 - ERROR - bot.utils.channel_utils - Не удалось получить сущность для канала https://t.me/wildberries_top_YSMP: Cannot send requests while disconnected
2025-04-13 02:19:06,434 - WARNING - bot.config - Не удалось получить сущность для канала https://t.me/wildberries_top_YSMP, пропускаем
2025-04-13 02:19:06,434 - ERROR - bot.utils.channel_utils - Не удалось получить сущность для канала https://t.me/vikup_razdacha_kashback: Cannot send requests while disconnected
2025-04-13 02:19:06,435 - WARNING - bot.config - Не удалось получить сущность для канала https://t.me/vikup_razdacha_kashback, пропускаем
2025-04-13 02:19:06,435 - ERROR - bot.utils.channel_utils - Не удалось получить сущность для канала https://t.me/halyava_za_otziv: Cannot send requests while disconnected
2025-04-13 02:19:06,435 - WARNING - bot.config - Не удалось получить сущность для канала https://t.me/halyava_za_otziv, пропускаем
2025-04-13 02:19:06,435 - ERROR - bot.utils.channel_utils - Не удалось получить сущность для канала https://t.me/madiko431: Cannot send requests while disconnected
2025-04-13 02:19:06,436 - WARNING - bot.config - Не удалось получить сущность для канала https://t.me/madiko431, пропускаем
2025-04-13 02:19:06,436 - ERROR - bot.utils.channel_utils - Не удалось получить сущность для канала https://t.me/cashback_wbozon: Cannot send requests while disconnected
2025-04-13 02:19:06,436 - WARNING - bot.config - Не удалось получить сущность для канала https://t.me/cashback_wbozon, пропускаем
2025-04-13 02:19:06,436 - ERROR - bot.utils.channel_utils - Не удалось получить сущность для канала https://t.me/jurello_youlove: Cannot send requests while disconnected
2025-04-13 02:19:06,436 - WARNING - bot.config - Не удалось получить сущность для канала https://t.me/jurello_youlove, пропускаем
2025-04-13 02:19:06,437 - ERROR - bot.utils.channel_utils - Не удалось получить сущность для канала https://t.me/cashback_wb_and_ozonn: Cannot send requests while disconnected
2025-04-13 02:19:06,437 - WARNING - bot.config - Не удалось получить сущность для канала https://t.me/cashback_wb_and_ozonn, пропускаем
2025-04-13 02:19:06,437 - ERROR - bot.utils.channel_utils - Не удалось получить сущность для канала https://t.me/WOzonWb: Cannot send requests while disconnected
2025-04-13 02:19:06,437 - WARNING - bot.config - Не удалось получить сущность для канала https://t.me/WOzonWb, пропускаем
2025-04-13 02:19:06,438 - ERROR - bot.utils.channel_utils - Не удалось получить сущность для канала https://t.me/keshanytiigus: Cannot send requests while disconnected
2025-04-13 02:19:06,438 - WARNING - bot.config - Не удалось получить сущность для канала https://t.me/keshanytiigus, пропускаем
2025-04-13 02:19:06,438 - ERROR - bot.utils.channel_utils - Не удалось получить сущность для канала https://t.me/stop_moshennik_wb_ozon: Cannot send requests while disconnected
2025-04-13 02:19:06,438 - WARNING - bot.config - Не удалось получить сущность для канала https://t.me/stop_moshennik_wb_ozon, пропускаем
2025-04-13 02:19:06,439 - ERROR - bot.utils.channel_utils - Не удалось получить сущность для канала https://t.me/wHvKsxJzQU0NjVi: Cannot send requests while disconnected
2025-04-13 02:19:06,439 - WARNING - bot.config - Не удалось получить сущность для канала https://t.me/wHvKsxJzQU0NjVi, пропускаем
2025-04-13 02:19:06,439 - ERROR - bot.utils.channel_utils - Не удалось получить сущность для канала https://t.me/black_cashbacks2: Cannot send requests while disconnected
2025-04-13 02:19:06,439 - WARNING - bot.config - Не удалось получить сущность для канала https://t.me/black_cashbacks2, пропускаем
2025-04-13 02:19:06,440 - ERROR - bot.utils.channel_utils - Не удалось получить сущность для канала https://t.me/cascbackcity: Cannot send requests while disconnected
2025-04-13 02:19:06,440 - WARNING - bot.config - Не удалось получить сущность для канала https://t.me/cascbackcity, пропускаем
2025-04-13 02:19:06,440 - ERROR - bot.utils.channel_utils - Не удалось получить сущность для канала https://t.me/bookshaloba: Cannot send requests while disconnected
2025-04-13 02:19:06,440 - WARNING - bot.config - Не удалось получить сущность для канала https://t.me/bookshaloba, пропускаем
2025-04-13 02:19:06,441 - ERROR - bot.utils.channel_utils - Не удалось получить сущность для канала https://t.me/cachbeck: Cannot send requests while disconnected
2025-04-13 02:19:06,441 - WARNING - bot.config - Не удалось получить сущность для канала https://t.me/cachbeck, пропускаем
2025-04-13 02:19:06,442 - ERROR - bot.utils.channel_utils - Не удалось получить сущность для канала https://t.me/discountforthewholeseason69: Cannot send requests while disconnected
2025-04-13 02:19:06,442 - WARNING - bot.config - Не удалось получить сущность для канала https://t.me/discountforthewholeseason69, пропускаем
2025-04-13 02:19:06,442 - ERROR - bot.utils.channel_utils - Не удалось получить сущность для канала https://t.me/produkty_vykup: Cannot send requests while disconnected
2025-04-13 02:19:06,442 - WARNING - bot.config - Не удалось получить сущность для канала https://t.me/produkty_vykup, пропускаем
2025-04-13 02:19:06,443 - ERROR - bot.utils.channel_utils - Не удалось получить сущность для канала https://t.me/wb_ozon_start: Cannot send requests while disconnected
2025-04-13 02:19:06,443 - WARNING - bot.config - Не удалось получить сущность для канала https://t.me/wb_ozon_start, пропускаем
2025-04-13 02:19:06,443 - ERROR - bot.utils.channel_utils - Не удалось получить сущность для канала https://t.me/razdahatovarov: Cannot send requests while disconnected
2025-04-13 02:19:06,443 - WARNING - bot.config - Не удалось получить сущность для канала https://t.me/razdahatovarov, пропускаем
2025-04-13 02:19:06,443 - ERROR - bot.utils.channel_utils - Не удалось получить сущность для канала https://t.me/tovar_za_otzyv_vykup_cashback: Cannot send requests while disconnected
2025-04-13 02:19:06,444 - WARNING - bot.config - Не удалось получить сущность для канала https://t.me/tovar_za_otzyv_vykup_cashback, пропускаем
2025-04-13 02:19:06,444 - ERROR - bot.utils.channel_utils - Не удалось получить сущность для канала https://t.me/keshbek9: Cannot send requests while disconnected
2025-04-13 02:19:06,444 - WARNING - bot.config - Не удалось получить сущность для канала https://t.me/keshbek9, пропускаем
2025-04-13 02:19:06,445 - ERROR - bot.utils.channel_utils - Не удалось получить сущность для канала https://t.me/wb_ozonavito: Cannot send requests while disconnected
2025-04-13 02:19:06,445 - WARNING - bot.config - Не удалось получить сущность для канала https://t.me/wb_ozonavito, пропускаем
2025-04-13 02:19:06,445 - ERROR - bot.utils.channel_utils - Не удалось получить сущность для канала https://t.me/wbozonkesh: Cannot send requests while disconnected
2025-04-13 02:19:06,445 - WARNING - bot.config - Не удалось получить сущность для канала https://t.me/wbozonkesh, пропускаем
2025-04-13 02:19:06,445 - ERROR - bot.utils.channel_utils - Не удалось получить сущность для канала https://t.me/tvoy_cashbek: Cannot send requests while disconnected
2025-04-13 02:19:06,446 - WARNING - bot.config - Не удалось получить сущность для канала https://t.me/tvoy_cashbek, пропускаем
2025-04-13 02:19:06,446 - ERROR - bot.utils.channel_utils - Не удалось получить сущность для канала https://t.me/cashback100only: Cannot send requests while disconnected
2025-04-13 02:19:06,446 - WARNING - bot.config - Не удалось получить сущность для канала https://t.me/cashback100only, пропускаем
2025-04-13 02:19:06,446 - ERROR - bot.utils.channel_utils - Не удалось получить сущность для канала https://t.me/kingssports_tg: Cannot send requests while disconnected
2025-04-13 02:19:06,446 - WARNING - bot.config - Не удалось получить сущность для канала https://t.me/kingssports_tg, пропускаем
2025-04-13 02:19:06,447 - ERROR - bot.utils.channel_utils - Не удалось получить сущность для канала https://t.me/+yOKXb9ugkVVhNDMy: Cannot send requests while disconnected
2025-04-13 02:19:06,447 - WARNING - bot.config - Не удалось получить сущность для канала https://t.me/+yOKXb9ugkVVhNDMy, пропускаем
2025-04-13 02:19:06,447 - ERROR - bot.utils.channel_utils - Не удалось получить сущность для канала https://t.me/cashbackonwb: Cannot send requests while disconnected
2025-04-13 02:19:06,447 - WARNING - bot.config - Не удалось получить сущность для канала https://t.me/cashbackonwb, пропускаем
2025-04-13 02:19:06,448 - ERROR - bot.utils.channel_utils - Не удалось получить сущность для канала https://t.me/tovar_waldberries: Cannot send requests while disconnected
2025-04-13 02:19:06,448 - WARNING - bot.config - Не удалось получить сущность для канала https://t.me/tovar_waldberries, пропускаем
2025-04-13 02:19:06,448 - ERROR - bot.utils.channel_utils - Не удалось получить сущность для канала https://t.me/dis_navigator: Cannot send requests while disconnected
2025-04-13 02:19:06,448 - WARNING - bot.config - Не удалось получить сущность для канала https://t.me/dis_navigator, пропускаем
2025-04-13 02:19:06,448 - ERROR - bot.utils.channel_utils - Не удалось получить сущность для канала https://t.me/supertovariwb1: Cannot send requests while disconnected
2025-04-13 02:19:06,449 - WARNING - bot.config - Не удалось получить сущность для канала https://t.me/supertovariwb1, пропускаем
2025-04-13 02:19:06,449 - ERROR - bot.utils.channel_utils - Не удалось получить сущность для канала https://t.me/vJa3xvKmH9AxNzgy: Cannot send requests while disconnected
2025-04-13 02:19:06,449 - WARNING - bot.config - Не удалось получить сущность для канала https://t.me/vJa3xvKmH9AxNzgy, пропускаем
2025-04-13 02:19:06,449 - ERROR - bot.utils.channel_utils - Не удалось получить сущность для канала https://t.me/tingresscahback: Cannot send requests while disconnected
2025-04-13 02:19:06,449 - WARNING - bot.config - Не удалось получить сущность для канала https://t.me/tingresscahback, пропускаем
2025-04-13 02:19:06,450 - ERROR - bot.utils.channel_utils - Не удалось получить сущность для канала https://t.me/grcashback: Cannot send requests while disconnected
2025-04-13 02:19:06,450 - WARNING - bot.config - Не удалось получить сущность для канала https://t.me/grcashback, пропускаем
2025-04-13 02:19:06,450 - ERROR - bot.utils.channel_utils - Не удалось получить сущность для канала https://t.me/Cashback_WB_OZON_2024: Cannot send requests while disconnected
2025-04-13 02:19:06,450 - WARNING - bot.config - Не удалось получить сущность для канала https://t.me/Cashback_WB_OZON_2024, пропускаем
2025-04-13 02:19:06,450 - ERROR - bot.utils.channel_utils - Не удалось получить сущность для канала https://t.me/samovikupibesplatno: Cannot send requests while disconnected
2025-04-13 02:19:06,450 - WARNING - bot.config - Не удалось получить сущность для канала https://t.me/samovikupibesplatno, пропускаем
2025-04-13 02:19:06,451 - ERROR - bot.utils.channel_utils - Не удалось получить сущность для канала https://t.me/moshenniki_wildberries_wb: Cannot send requests while disconnected
2025-04-13 02:19:06,451 - WARNING - bot.config - Не удалось получить сущность для канала https://t.me/moshenniki_wildberries_wb, пропускаем
2025-04-13 02:19:06,451 - ERROR - bot.utils.channel_utils - Не удалось получить сущность для канала https://t.me/zayka_nevinoven: Cannot send requests while disconnected
2025-04-13 02:19:06,451 - WARNING - bot.config - Не удалось получить сущность для канала https://t.me/zayka_nevinoven, пропускаем
2025-04-13 02:19:06,451 - ERROR - bot.utils.channel_utils - Не удалось получить сущность для канала https://t.me/besplatnowb: Cannot send requests while disconnected
2025-04-13 02:19:06,452 - WARNING - bot.config - Не удалось получить сущность для канала https://t.me/besplatnowb, пропускаем
2025-04-13 02:19:06,452 - ERROR - bot.utils.channel_utils - Не удалось получить сущность для канала https://t.me/CASH_Trash1000: Cannot send requests while disconnected
2025-04-13 02:19:06,452 - WARNING - bot.config - Не удалось получить сущность для канала https://t.me/CASH_Trash1000, пропускаем
2025-04-13 02:19:06,452 - ERROR - bot.utils.channel_utils - Не удалось получить сущность для канала https://t.me/cashback77777: Cannot send requests while disconnected
2025-04-13 02:19:06,452 - WARNING - bot.config - Не удалось получить сущность для канала https://t.me/cashback77777, пропускаем
2025-04-13 02:19:06,454 - ERROR - bot.utils.channel_utils - Не удалось получить сущность для канала https://t.me/razdazhawbozon2: Cannot send requests while disconnected
2025-04-13 02:19:06,454 - WARNING - bot.config - Не удалось получить сущность для канала https://t.me/razdazhawbozon2, пропускаем
2025-04-13 02:19:06,454 - ERROR - bot.utils.channel_utils - Не удалось получить сущность для канала https://t.me/cashbundi: Cannot send requests while disconnected
2025-04-13 02:19:06,454 - WARNING - bot.config - Не удалось получить сущность для канала https://t.me/cashbundi, пропускаем
2025-04-13 02:19:06,455 - ERROR - bot.utils.channel_utils - Не удалось получить сущность для канала https://t.me/razdacha_za_otziv: Cannot send requests while disconnected
2025-04-13 02:19:06,455 - WARNING - bot.config - Не удалось получить сущность для канала https://t.me/razdacha_za_otziv, пропускаем
2025-04-13 02:19:06,455 - ERROR - bot.utils.channel_utils - Не удалось получить сущность для канала https://t.me/wbzfree: Cannot send requests while disconnected
2025-04-13 02:19:06,455 - WARNING - bot.config - Не удалось получить сущность для канала https://t.me/wbzfree, пропускаем
2025-04-13 02:19:06,455 - ERROR - bot.utils.channel_utils - Не удалось получить сущность для канала https://t.me/WB_OZON_for_Kidss: Cannot send requests while disconnected
2025-04-13 02:19:06,455 - WARNING - bot.config - Не удалось получить сущность для канала https://t.me/WB_OZON_for_Kidss, пропускаем
2025-04-13 02:19:06,456 - ERROR - bot.utils.channel_utils - Не удалось получить сущность для канала https://t.me/wbozonkesh70100: Cannot send requests while disconnected
2025-04-13 02:19:06,456 - WARNING - bot.config - Не удалось получить сущность для канала https://t.me/wbozonkesh70100, пропускаем
2025-04-13 02:19:06,458 - ERROR - bot.utils.channel_utils - Не удалось получить сущность для канала -1002404189771: Cannot send requests while disconnected
2025-04-13 02:19:06,458 - WARNING - bot.config - Не удалось получить сущность для канала -1002404189771, пропускаем
2025-04-13 02:19:06,458 - ERROR - bot.utils.channel_utils - Не удалось получить сущность для канала https://t.me/kashartfamily: Cannot send requests while disconnected
2025-04-13 02:19:06,458 - WARNING - bot.config - Не удалось получить сущность для канала https://t.me/kashartfamily, пропускаем
2025-04-13 02:19:06,459 - ERROR - bot.utils.channel_utils - Не удалось получить сущность для канала https://t.me/baraholka_wilberries: Cannot send requests while disconnected
2025-04-13 02:19:06,459 - WARNING - bot.config - Не удалось получить сущность для канала https://t.me/baraholka_wilberries, пропускаем
2025-04-13 02:19:06,459 - ERROR - bot.utils.channel_utils - Не удалось получить сущность для канала https://t.me/best_kosmetics: Cannot send requests while disconnected
2025-04-13 02:19:06,459 - WARNING - bot.config - Не удалось получить сущность для канала https://t.me/best_kosmetics, пропускаем
2025-04-13 02:19:06,460 - ERROR - bot.utils.channel_utils - Не удалось получить сущность для канала https://t.me/+xgtGB-MZBAVlOTZi: Cannot send requests while disconnected
2025-04-13 02:19:06,460 - WARNING - bot.config - Не удалось получить сущность для канала https://t.me/+xgtGB-MZBAVlOTZi, пропускаем
2025-04-13 02:19:06,460 - ERROR - bot.utils.channel_utils - Не удалось получить сущность для канала https://t.me/super_cash_back: Cannot send requests while disconnected
2025-04-13 02:19:06,461 - WARNING - bot.config - Не удалось получить сущность для канала https://t.me/super_cash_back, пропускаем
2025-04-13 02:19:06,461 - ERROR - bot.utils.channel_utils - Не удалось получить сущность для канала https://t.me/+i8MathZcizEwMmVi: Cannot send requests while disconnected
2025-04-13 02:19:06,461 - WARNING - bot.config - Не удалось получить сущность для канала https://t.me/+i8MathZcizEwMmVi, пропускаем
2025-04-13 02:19:06,461 - ERROR - bot.utils.channel_utils - Не удалось получить сущность для канала https://t.me/otzyvy_cashback: Cannot send requests while disconnected
2025-04-13 02:19:06,461 - WARNING - bot.config - Не удалось получить сущность для канала https://t.me/otzyvy_cashback, пропускаем
2025-04-13 02:19:06,461 - ERROR - bot.utils.channel_utils - Не удалось получить сущность для канала https://t.me/+Vwzt0Wl3ahllMDI6: Cannot send requests while disconnected
2025-04-13 02:19:06,463 - WARNING - bot.config - Не удалось получить сущность для канала https://t.me/+Vwzt0Wl3ahllMDI6, пропускаем
2025-04-13 02:19:06,463 - ERROR - bot.utils.channel_utils - Не удалось получить сущность для канала https://t.me/tovarotzuv: Cannot send requests while disconnected
2025-04-13 02:19:06,463 - WARNING - bot.config - Не удалось получить сущность для канала https://t.me/tovarotzuv, пропускаем
2025-04-13 02:19:06,463 - ERROR - bot.utils.channel_utils - Не удалось получить сущность для канала https://t.me/cashback_WBiOzon: Cannot send requests while disconnected
2025-04-13 02:19:06,464 - WARNING - bot.config - Не удалось получить сущность для канала https://t.me/cashback_WBiOzon, пропускаем
2025-04-13 02:19:06,464 - ERROR - bot.utils.channel_utils - Не удалось получить сущность для канала https://t.me/cashbackpro100: Cannot send requests while disconnected
2025-04-13 02:19:06,464 - WARNING - bot.config - Не удалось получить сущность для канала https://t.me/cashbackpro100, пропускаем
2025-04-13 02:19:06,464 - ERROR - bot.utils.channel_utils - Не удалось получить сущность для канала https://t.me/cashback_for_5_stars: Cannot send requests while disconnected
2025-04-13 02:19:06,464 - WARNING - bot.config - Не удалось получить сущность для канала https://t.me/cashback_for_5_stars, пропускаем
2025-04-13 02:19:06,464 - ERROR - bot.utils.channel_utils - Не удалось получить сущность для канала https://t.me/keshmania: Cannot send requests while disconnected
2025-04-13 02:19:06,465 - WARNING - bot.config - Не удалось получить сущность для канала https://t.me/keshmania, пропускаем
2025-04-13 02:19:06,465 - ERROR - bot.utils.channel_utils - Не удалось получить сущность для канала https://t.me/keshbekcs: Cannot send requests while disconnected
2025-04-13 02:19:06,465 - WARNING - bot.config - Не удалось получить сущность для канала https://t.me/keshbekcs, пропускаем
2025-04-13 02:19:06,466 - ERROR - bot.utils.channel_utils - Не удалось получить сущность для канала https://t.me/lovtsy_skidok: Cannot send requests while disconnected
2025-04-13 02:19:06,466 - WARNING - bot.config - Не удалось получить сущность для канала https://t.me/lovtsy_skidok, пропускаем
2025-04-13 02:19:06,466 - ERROR - bot.utils.channel_utils - Не удалось получить сущность для канала https://t.me/Products_for_review: Cannot send requests while disconnected
2025-04-13 02:19:06,466 - WARNING - bot.config - Не удалось получить сущность для канала https://t.me/Products_for_review, пропускаем
2025-04-13 02:19:06,466 - ERROR - bot.utils.channel_utils - Не удалось получить сущность для канала https://t.me/topprodajizdec: Cannot send requests while disconnected
2025-04-13 02:19:06,466 - WARNING - bot.config - Не удалось получить сущность для канала https://t.me/topprodajizdec, пропускаем
2025-04-13 02:19:06,467 - ERROR - bot.utils.channel_utils - Не удалось получить сущность для канала https://t.me/tovarzaotziv: Cannot send requests while disconnected
2025-04-13 02:19:06,467 - WARNING - bot.config - Не удалось получить сущность для канала https://t.me/tovarzaotziv, пропускаем
2025-04-13 02:19:06,467 - ERROR - bot.utils.channel_utils - Не удалось получить сущность для канала https://t.me/tovarzakashbackwbozonn: Cannot send requests while disconnected
2025-04-13 02:19:06,467 - WARNING - bot.config - Не удалось получить сущность для канала https://t.me/tovarzakashbackwbozonn, пропускаем
2025-04-13 02:19:06,467 - ERROR - bot.utils.channel_utils - Не удалось получить сущность для канала https://t.me/cash_wb_and_ozon: Cannot send requests while disconnected
2025-04-13 02:19:06,468 - WARNING - bot.config - Не удалось получить сущность для канала https://t.me/cash_wb_and_ozon, пропускаем
2025-04-13 02:19:06,468 - ERROR - bot.utils.channel_utils - Не удалось получить сущность для канала https://t.me/ceshbek_wb: Cannot send requests while disconnected
2025-04-13 02:19:06,468 - WARNING - bot.config - Не удалось получить сущность для канала https://t.me/ceshbek_wb, пропускаем
2025-04-13 02:19:06,468 - ERROR - bot.utils.channel_utils - Не удалось получить сущность для канала https://t.me/vykupiwbozon: Cannot send requests while disconnected
2025-04-13 02:19:06,468 - WARNING - bot.config - Не удалось получить сущность для канала https://t.me/vykupiwbozon, пропускаем
2025-04-13 02:19:06,469 - ERROR - bot.utils.channel_utils - Не удалось получить сущность для канала https://t.me/cashback_wb_ozo: Cannot send requests while disconnected
2025-04-13 02:19:06,469 - WARNING - bot.config - Не удалось получить сущность для канала https://t.me/cashback_wb_ozo, пропускаем
2025-04-13 02:19:06,469 - ERROR - bot.utils.channel_utils - Не удалось получить сущность для канала https://t.me/keshbek_za_otzyv_lovi: Cannot send requests while disconnected
2025-04-13 02:19:06,469 - WARNING - bot.config - Не удалось получить сущность для канала https://t.me/keshbek_za_otzyv_lovi, пропускаем
2025-04-13 02:19:06,470 - ERROR - bot.utils.channel_utils - Не удалось получить сущность для канала https://t.me/mpforcashback: Cannot send requests while disconnected
2025-04-13 02:19:06,470 - WARNING - bot.config - Не удалось получить сущность для канала https://t.me/mpforcashback, пропускаем
2025-04-13 02:19:06,470 - ERROR - bot.utils.channel_utils - Не удалось получить сущность для канала https://t.me/wb_saleobzor: Cannot send requests while disconnected
2025-04-13 02:19:06,470 - WARNING - bot.config - Не удалось получить сущность для канала https://t.me/wb_saleobzor, пропускаем
2025-04-13 02:19:06,471 - ERROR - bot.utils.channel_utils - Не удалось получить сущность для канала https://t.me/cashback_halyva: Cannot send requests while disconnected
2025-04-13 02:19:06,471 - WARNING - bot.config - Не удалось получить сущность для канала https://t.me/cashback_halyva, пропускаем
2025-04-13 02:19:06,471 - ERROR - bot.utils.channel_utils - Не удалось получить сущность для канала https://t.me/discounts_on_marketplaces: Cannot send requests while disconnected
2025-04-13 02:19:06,471 - WARNING - bot.config - Не удалось получить сущность для канала https://t.me/discounts_on_marketplaces, пропускаем
2025-04-13 02:19:06,472 - ERROR - bot.utils.channel_utils - Не удалось получить сущность для канала https://t.me/wilderries_free: Cannot send requests while disconnected
2025-04-13 02:19:06,472 - WARNING - bot.config - Не удалось получить сущность для канала https://t.me/wilderries_free, пропускаем
2025-04-13 02:19:06,472 - ERROR - bot.utils.channel_utils - Не удалось получить сущность для канала https://t.me/onlyhitcash100: Cannot send requests while disconnected
2025-04-13 02:19:06,472 - WARNING - bot.config - Не удалось получить сущность для канала https://t.me/onlyhitcash100, пропускаем
2025-04-13 02:19:06,472 - ERROR - bot.utils.channel_utils - Не удалось получить сущность для канала https://t.me/cashbackLiza: Cannot send requests while disconnected
2025-04-13 02:19:06,473 - WARNING - bot.config - Не удалось получить сущность для канала https://t.me/cashbackLiza, пропускаем
2025-04-13 02:19:06,473 - ERROR - bot.utils.channel_utils - Не удалось получить сущность для канала https://t.me/wbozoncash1: Cannot send requests while disconnected
2025-04-13 02:19:06,473 - WARNING - bot.config - Не удалось получить сущность для канала https://t.me/wbozoncash1, пропускаем
2025-04-13 02:19:06,473 - ERROR - bot.utils.channel_utils - Не удалось получить сущность для канала https://t.me/onlinehitkids: Cannot send requests while disconnected
2025-04-13 02:19:06,474 - WARNING - bot.config - Не удалось получить сущность для канала https://t.me/onlinehitkids, пропускаем
2025-04-13 02:19:06,474 - ERROR - bot.utils.channel_utils - Не удалось получить сущность для канала https://t.me/bestsellerpack: Cannot send requests while disconnected
2025-04-13 02:19:06,474 - WARNING - bot.config - Не удалось получить сущность для канала https://t.me/bestsellerpack, пропускаем
2025-04-13 02:19:06,474 - ERROR - bot.utils.channel_utils - Не удалось получить сущность для канала https://t.me/salenawb: Cannot send requests while disconnected
2025-04-13 02:19:06,475 - WARNING - bot.config - Не удалось получить сущность для канала https://t.me/salenawb, пропускаем
2025-04-13 02:19:06,475 - ERROR - bot.utils.channel_utils - Не удалось получить сущность для канала https://t.me/keshbek_za_otzyv_WB: Cannot send requests while disconnected
2025-04-13 02:19:06,475 - WARNING - bot.config - Не удалось получить сущность для канала https://t.me/keshbek_za_otzyv_WB, пропускаем
2025-04-13 02:19:06,475 - ERROR - bot.utils.channel_utils - Не удалось получить сущность для канала https://t.me/BLVDvikupay: Cannot send requests while disconnected
2025-04-13 02:19:06,476 - WARNING - bot.config - Не удалось получить сущность для канала https://t.me/BLVDvikupay, пропускаем
2025-04-13 02:19:06,476 - ERROR - bot.utils.channel_utils - Не удалось получить сущность для канала https://t.me/razdachirosee: Cannot send requests while disconnected
2025-04-13 02:19:06,476 - WARNING - bot.config - Не удалось получить сущность для канала https://t.me/razdachirosee, пропускаем
2025-04-13 02:19:06,477 - INFO - bot.config - Инициализация: получение ID последних сообщений
2025-04-13 02:19:06,478 - INFO - bot.utils.channel_utils - Загружено 194 каналов из файла sources.txt
2025-04-13 02:19:06,478 - ERROR - bot.utils.channel_utils - Не удалось получить сущность для канала https://t.me/blacklist_cashback: Cannot send requests while disconnected
2025-04-13 02:19:06,478 - WARNING - bot.config - Не удалось получить entity для канала https://t.me/blacklist_cashback, пропускаем
2025-04-13 02:19:06,478 - ERROR - bot.utils.channel_utils - Не удалось получить сущность для канала https://t.me/globalotzivi: Cannot send requests while disconnected
2025-04-13 02:19:06,479 - WARNING - bot.config - Не удалось получить entity для канала https://t.me/globalotzivi, пропускаем
2025-04-13 02:19:06,479 - ERROR - bot.utils.channel_utils - Не удалось получить сущность для канала https://t.me/ozonwbandsale: Cannot send requests while disconnected
2025-04-13 02:19:06,479 - WARNING - bot.config - Не удалось получить entity для канала https://t.me/ozonwbandsale, пропускаем
2025-04-13 02:19:06,479 - ERROR - bot.utils.channel_utils - Не удалось получить сущность для канала https://t.me/razdachawbozon: Cannot send requests while disconnected
2025-04-13 02:19:06,479 - WARNING - bot.config - Не удалось получить entity для канала https://t.me/razdachawbozon, пропускаем
2025-04-13 02:19:06,480 - ERROR - bot.utils.channel_utils - Не удалось получить сущность для канала https://t.me/keshbek_tovar1: Cannot send requests while disconnected
2025-04-13 02:19:06,480 - WARNING - bot.config - Не удалось получить entity для канала https://t.me/keshbek_tovar1, пропускаем
2025-04-13 02:19:06,480 - ERROR - bot.utils.channel_utils - Не удалось получить сущность для канала https://t.me/walrus_best_cashbacks: Cannot send requests while disconnected
2025-04-13 02:19:06,481 - WARNING - bot.config - Не удалось получить entity для канала https://t.me/walrus_best_cashbacks, пропускаем
2025-04-13 02:19:06,481 - ERROR - bot.utils.channel_utils - Не удалось получить сущность для канала https://t.me/xalavshikipromokoda4: Cannot send requests while disconnected
2025-04-13 02:19:06,481 - WARNING - bot.config - Не удалось получить entity для канала https://t.me/xalavshikipromokoda4, пропускаем
2025-04-13 02:19:06,481 - ERROR - bot.utils.channel_utils - Не удалось получить сущность для канала https://t.me/mani_egg: Cannot send requests while disconnected
2025-04-13 02:19:06,482 - WARNING - bot.config - Не удалось получить entity для канала https://t.me/mani_egg, пропускаем
2025-04-13 02:19:06,482 - ERROR - bot.utils.channel_utils - Не удалось получить сущность для канала https://t.me/otzyv_cashback: Cannot send requests while disconnected
2025-04-13 02:19:06,482 - WARNING - bot.config - Не удалось получить entity для канала https://t.me/otzyv_cashback, пропускаем
2025-04-13 02:19:06,482 - ERROR - bot.utils.channel_utils - Не удалось получить сущность для канала https://t.me/skidkology: Cannot send requests while disconnected
2025-04-13 02:19:06,482 - WARNING - bot.config - Не удалось получить entity для канала https://t.me/skidkology, пропускаем
2025-04-13 02:19:06,483 - ERROR - bot.utils.channel_utils - Не удалось получить сущность для канала https://t.me/best_wb_sale: Cannot send requests while disconnected
2025-04-13 02:19:06,483 - WARNING - bot.config - Не удалось получить entity для канала https://t.me/best_wb_sale, пропускаем
2025-04-13 02:19:06,483 - ERROR - bot.utils.channel_utils - Не удалось получить сущность для канала https://t.me/wb_oz_cashback: Cannot send requests while disconnected
2025-04-13 02:19:06,483 - WARNING - bot.config - Не удалось получить entity для канала https://t.me/wb_oz_cashback, пропускаем
2025-04-13 02:19:06,484 - ERROR - bot.utils.channel_utils - Не удалось получить сущность для канала https://t.me/HALYAVASR1: Cannot send requests while disconnected
2025-04-13 02:19:06,484 - WARNING - bot.config - Не удалось получить entity для канала https://t.me/HALYAVASR1, пропускаем
2025-04-13 02:19:06,484 - ERROR - bot.utils.channel_utils - Не удалось получить сущность для канала https://t.me/cashforfeedback: Cannot send requests while disconnected
2025-04-13 02:19:06,484 - WARNING - bot.config - Не удалось получить entity для канала https://t.me/cashforfeedback, пропускаем
2025-04-13 02:19:06,485 - ERROR - bot.utils.channel_utils - Не удалось получить сущность для канала https://t.me/cashzaotzyv: Cannot send requests while disconnected
2025-04-13 02:19:06,485 - WARNING - bot.config - Не удалось получить entity для канала https://t.me/cashzaotzyv, пропускаем
2025-04-13 02:19:06,485 - ERROR - bot.utils.channel_utils - Не удалось получить сущность для канала https://t.me/raspakovkacpek: Cannot send requests while disconnected
2025-04-13 02:19:06,485 - WARNING - bot.config - Не удалось получить entity для канала https://t.me/raspakovkacpek, пропускаем
2025-04-13 02:19:06,485 - ERROR - bot.utils.channel_utils - Не удалось получить сущность для канала https://t.me/Skid_best: Cannot send requests while disconnected
2025-04-13 02:19:06,486 - WARNING - bot.config - Не удалось получить entity для канала https://t.me/Skid_best, пропускаем
2025-04-13 02:19:06,486 - ERROR - bot.utils.channel_utils - Не удалось получить сущность для канала https://t.me/top_sale_wildberries: Cannot send requests while disconnected
2025-04-13 02:19:06,486 - WARNING - bot.config - Не удалось получить entity для канала https://t.me/top_sale_wildberries, пропускаем
2025-04-13 02:19:06,486 - ERROR - bot.utils.channel_utils - Не удалось получить сущность для канала https://t.me/WB_OZON_100_cashback: Cannot send requests while disconnected
2025-04-13 02:19:06,487 - WARNING - bot.config - Не удалось получить entity для канала https://t.me/WB_OZON_100_cashback, пропускаем
2025-04-13 02:19:06,487 - ERROR - bot.utils.channel_utils - Не удалось получить сущность для канала https://t.me/tovari_waldberries: Cannot send requests while disconnected
2025-04-13 02:19:06,487 - WARNING - bot.config - Не удалось получить entity для канала https://t.me/tovari_waldberries, пропускаем
2025-04-13 02:19:06,488 - ERROR - bot.utils.channel_utils - Не удалось получить сущность для канала https://t.me/tovar_za_otzivi_wb_ozon: Cannot send requests while disconnected
2025-04-13 02:19:06,488 - WARNING - bot.config - Не удалось получить entity для канала https://t.me/tovar_za_otzivi_wb_ozon, пропускаем
2025-04-13 02:19:06,488 - ERROR - bot.utils.channel_utils - Не удалось получить сущность для канала https://t.me/wbcashback_go: Cannot send requests while disconnected
2025-04-13 02:19:06,489 - WARNING - bot.config - Не удалось получить entity для канала https://t.me/wbcashback_go, пропускаем
2025-04-13 02:19:06,489 - ERROR - bot.utils.channel_utils - Не удалось получить сущность для канала https://t.me/za5zvezd: Cannot send requests while disconnected
2025-04-13 02:19:06,489 - WARNING - bot.config - Не удалось получить entity для канала https://t.me/za5zvezd, пропускаем
2025-04-13 02:19:06,490 - ERROR - bot.utils.channel_utils - Не удалось получить сущность для канала https://t.me/online_hit_cashback: Cannot send requests while disconnected
2025-04-13 02:19:06,490 - WARNING - bot.config - Не удалось получить entity для канала https://t.me/online_hit_cashback, пропускаем
2025-04-13 02:19:06,490 - ERROR - bot.utils.channel_utils - Не удалось получить сущность для канала https://t.me/vukypi: Cannot send requests while disconnected
2025-04-13 02:19:06,490 - WARNING - bot.config - Не удалось получить entity для канала https://t.me/vukypi, пропускаем
2025-04-13 02:19:06,491 - ERROR - bot.utils.channel_utils - Не удалось получить сущность для канала https://t.me/backcashwb: Cannot send requests while disconnected
2025-04-13 02:19:06,491 - WARNING - bot.config - Не удалось получить entity для канала https://t.me/backcashwb, пропускаем
2025-04-13 02:19:06,491 - ERROR - bot.utils.channel_utils - Не удалось получить сущность для канала https://t.me/otzivi_wb_ozon: Cannot send requests while disconnected
2025-04-13 02:19:06,491 - WARNING - bot.config - Не удалось получить entity для канала https://t.me/otzivi_wb_ozon, пропускаем
2025-04-13 02:19:06,492 - ERROR - bot.utils.channel_utils - Не удалось получить сущность для канала https://t.me/OzonWbSales: Cannot send requests while disconnected
2025-04-13 02:19:06,492 - WARNING - bot.config - Не удалось получить entity для канала https://t.me/OzonWbSales, пропускаем
2025-04-13 02:19:06,492 - ERROR - bot.utils.channel_utils - Не удалось получить сущность для канала https://t.me/Childrens_cashback: Cannot send requests while disconnected
2025-04-13 02:19:06,492 - WARNING - bot.config - Не удалось получить entity для канала https://t.me/Childrens_cashback, пропускаем
2025-04-13 02:19:06,493 - ERROR - bot.utils.channel_utils - Не удалось получить сущность для канала https://t.me/wb_kesh100: Cannot send requests while disconnected
2025-04-13 02:19:06,493 - WARNING - bot.config - Не удалось получить entity для канала https://t.me/wb_kesh100, пропускаем
2025-04-13 02:19:06,493 - ERROR - bot.utils.channel_utils - Не удалось получить сущность для канала https://t.me/collectionskidka: Cannot send requests while disconnected
2025-04-13 02:19:06,493 - WARNING - bot.config - Не удалось получить entity для канала https://t.me/collectionskidka, пропускаем
2025-04-13 02:19:06,493 - ERROR - bot.utils.channel_utils - Не удалось получить сущность для канала https://t.me/WBOZONBESPLATNO100: Cannot send requests while disconnected
2025-04-13 02:19:06,494 - WARNING - bot.config - Не удалось получить entity для канала https://t.me/WBOZONBESPLATNO100, пропускаем
2025-04-13 02:19:06,494 - ERROR - bot.utils.channel_utils - Не удалось получить сущность для канала https://t.me/Wildberries1cashback: Cannot send requests while disconnected
2025-04-13 02:19:06,494 - WARNING - bot.config - Не удалось получить entity для канала https://t.me/Wildberries1cashback, пропускаем
2025-04-13 02:19:06,494 - ERROR - bot.utils.channel_utils - Не удалось получить сущность для канала https://t.me/sharovik_wb: Cannot send requests while disconnected
2025-04-13 02:19:06,495 - WARNING - bot.config - Не удалось получить entity для канала https://t.me/sharovik_wb, пропускаем
2025-04-13 02:19:06,495 - ERROR - bot.utils.channel_utils - Не удалось получить сущность для канала https://t.me/Otzovik_WB_OZON_TOP: Cannot send requests while disconnected
2025-04-13 02:19:06,495 - WARNING - bot.config - Не удалось получить entity для канала https://t.me/Otzovik_WB_OZON_TOP, пропускаем
2025-04-13 02:19:06,495 - ERROR - bot.utils.channel_utils - Не удалось получить сущность для канала https://t.me/yagoda_xalava: Cannot send requests while disconnected
2025-04-13 02:19:06,495 - WARNING - bot.config - Не удалось получить entity для канала https://t.me/yagoda_xalava, пропускаем
2025-04-13 02:19:06,496 - ERROR - bot.utils.channel_utils - Не удалось получить сущность для канала https://t.me/skidki_za_otzivi: Cannot send requests while disconnected
2025-04-13 02:19:06,496 - WARNING - bot.config - Не удалось получить entity для канала https://t.me/skidki_za_otzivi, пропускаем
2025-04-13 02:19:06,496 - ERROR - bot.utils.channel_utils - Не удалось получить сущность для канала https://t.me/vykup2: Cannot send requests while disconnected
2025-04-13 02:19:06,496 - WARNING - bot.config - Не удалось получить entity для канала https://t.me/vykup2, пропускаем
2025-04-13 02:19:06,496 - ERROR - bot.utils.channel_utils - Не удалось получить сущность для канала https://t.me/gives_ozon_wb: Cannot send requests while disconnected
2025-04-13 02:19:06,497 - WARNING - bot.config - Не удалось получить entity для канала https://t.me/gives_ozon_wb, пропускаем
2025-04-13 02:19:06,497 - ERROR - bot.utils.channel_utils - Не удалось получить сущность для канала https://t.me/wb_cashback_sales: Cannot send requests while disconnected
2025-04-13 02:19:06,497 - WARNING - bot.config - Не удалось получить entity для канала https://t.me/wb_cashback_sales, пропускаем
2025-04-13 02:19:06,497 - ERROR - bot.utils.channel_utils - Не удалось получить сущность для канала https://t.me/wbrazdachi: Cannot send requests while disconnected
2025-04-13 02:19:06,497 - WARNING - bot.config - Не удалось получить entity для канала https://t.me/wbrazdachi, пропускаем
2025-04-13 02:19:06,498 - ERROR - bot.utils.channel_utils - Не удалось получить сущность для канала https://t.me/razdachi_keshbek: Cannot send requests while disconnected
2025-04-13 02:19:06,498 - WARNING - bot.config - Не удалось получить entity для канала https://t.me/razdachi_keshbek, пропускаем
2025-04-13 02:19:06,498 - ERROR - bot.utils.channel_utils - Не удалось получить сущность для канала https://t.me/LussiaK: Cannot send requests while disconnected
2025-04-13 02:19:06,498 - WARNING - bot.config - Не удалось получить entity для канала https://t.me/LussiaK, пропускаем
2025-04-13 02:19:06,499 - ERROR - bot.utils.channel_utils - Не удалось получить сущность для канала https://t.me/uletnuicashback: Cannot send requests while disconnected
2025-04-13 02:19:06,499 - WARNING - bot.config - Не удалось получить entity для канала https://t.me/uletnuicashback, пропускаем
2025-04-13 02:19:06,499 - ERROR - bot.utils.channel_utils - Не удалось получить сущность для канала https://t.me/vykup_keshbek6: Cannot send requests while disconnected
2025-04-13 02:19:06,499 - WARNING - bot.config - Не удалось получить entity для канала https://t.me/vykup_keshbek6, пропускаем
2025-04-13 02:19:06,500 - ERROR - bot.utils.channel_utils - Не удалось получить сущность для канала https://t.me/razdachaottani: Cannot send requests while disconnected
2025-04-13 02:19:06,500 - WARNING - bot.config - Не удалось получить entity для канала https://t.me/razdachaottani, пропускаем
2025-04-13 02:19:06,500 - ERROR - bot.utils.channel_utils - Не удалось получить сущность для канала https://t.me/item_for_rewiew: Cannot send requests while disconnected
2025-04-13 02:19:06,500 - WARNING - bot.config - Не удалось получить entity для канала https://t.me/item_for_rewiew, пропускаем
2025-04-13 02:19:06,501 - ERROR - bot.utils.channel_utils - Не удалось получить сущность для канала https://t.me/onereklamatovara: Cannot send requests while disconnected
2025-04-13 02:19:06,501 - WARNING - bot.config - Не удалось получить entity для канала https://t.me/onereklamatovara, пропускаем
2025-04-13 02:19:06,501 - ERROR - bot.utils.channel_utils - Не удалось получить сущность для канала https://t.me/cashback_za_tovar: Cannot send requests while disconnected
2025-04-13 02:19:06,501 - WARNING - bot.config - Не удалось получить entity для канала https://t.me/cashback_za_tovar, пропускаем
2025-04-13 02:19:06,502 - ERROR - bot.utils.channel_utils - Не удалось получить сущность для канала https://t.me/cashbekwbozon: Cannot send requests while disconnected
2025-04-13 02:19:06,502 - WARNING - bot.config - Не удалось получить entity для канала https://t.me/cashbekwbozon, пропускаем
2025-04-13 02:19:06,502 - ERROR - bot.utils.channel_utils - Не удалось получить сущность для канала https://t.me/otzev_go: Cannot send requests while disconnected
2025-04-13 02:19:06,502 - WARNING - bot.config - Не удалось получить entity для канала https://t.me/otzev_go, пропускаем
2025-04-13 02:19:06,503 - ERROR - bot.utils.channel_utils - Не удалось получить сущность для канала https://t.me/keshbekiwboz: Cannot send requests while disconnected
2025-04-13 02:19:06,503 - WARNING - bot.config - Не удалось получить entity для канала https://t.me/keshbekiwboz, пропускаем
2025-04-13 02:19:06,503 - ERROR - bot.utils.channel_utils - Не удалось получить сущность для канала https://t.me/zona_raspakovku: Cannot send requests while disconnected
2025-04-13 02:19:06,503 - WARNING - bot.config - Не удалось получить entity для канала https://t.me/zona_raspakovku, пропускаем
2025-04-13 02:19:06,504 - ERROR - bot.utils.channel_utils - Не удалось получить сущность для канала https://t.me/wb_ozon_saless: Cannot send requests while disconnected
2025-04-13 02:19:06,504 - WARNING - bot.config - Не удалось получить entity для канала https://t.me/wb_ozon_saless, пропускаем
2025-04-13 02:19:06,504 - ERROR - bot.utils.channel_utils - Не удалось получить сущность для канала https://t.me/vikup_cashback: Cannot send requests while disconnected
2025-04-13 02:19:06,504 - WARNING - bot.config - Не удалось получить entity для канала https://t.me/vikup_cashback, пропускаем
2025-04-13 02:19:06,505 - ERROR - bot.utils.channel_utils - Не удалось получить сущность для канала https://t.me/father_cashback: Cannot send requests while disconnected
2025-04-13 02:19:06,505 - WARNING - bot.config - Не удалось получить entity для канала https://t.me/father_cashback, пропускаем
2025-04-13 02:19:06,505 - ERROR - bot.utils.channel_utils - Не удалось получить сущность для канала https://t.me/HalyavaWildberriess: Cannot send requests while disconnected
2025-04-13 02:19:06,506 - WARNING - bot.config - Не удалось получить entity для канала https://t.me/HalyavaWildberriess, пропускаем
2025-04-13 02:19:06,506 - ERROR - bot.utils.channel_utils - Не удалось получить сущность для канала https://t.me/VBBUKOP: Cannot send requests while disconnected
2025-04-13 02:19:06,506 - WARNING - bot.config - Не удалось получить entity для канала https://t.me/VBBUKOP, пропускаем
2025-04-13 02:19:06,506 - ERROR - bot.utils.channel_utils - Не удалось получить сущность для канала https://t.me/HAXODKI_PAZDACHI: Cannot send requests while disconnected
2025-04-13 02:19:06,506 - WARNING - bot.config - Не удалось получить entity для канала https://t.me/HAXODKI_PAZDACHI, пропускаем
2025-04-13 02:19:06,507 - ERROR - bot.utils.channel_utils - Не удалось получить сущность для канала https://t.me/wildberries_cash_back: Cannot send requests while disconnected
2025-04-13 02:19:06,507 - WARNING - bot.config - Не удалось получить entity для канала https://t.me/wildberries_cash_back, пропускаем
2025-04-13 02:19:06,507 - ERROR - bot.utils.channel_utils - Не удалось получить сущность для канала https://t.me/reclamawbozonya: Cannot send requests while disconnected
2025-04-13 02:19:06,507 - WARNING - bot.config - Не удалось получить entity для канала https://t.me/reclamawbozonya, пропускаем
2025-04-13 02:19:06,508 - ERROR - bot.utils.channel_utils - Не удалось получить сущность для канала https://t.me/razdachawbozoncashback: Cannot send requests while disconnected
2025-04-13 02:19:06,508 - WARNING - bot.config - Не удалось получить entity для канала https://t.me/razdachawbozoncashback, пропускаем
2025-04-13 02:19:06,508 - ERROR - bot.utils.channel_utils - Не удалось получить сущность для канала https://t.me/shtrihkodhalyavy: Cannot send requests while disconnected
2025-04-13 02:19:06,508 - WARNING - bot.config - Не удалось получить entity для канала https://t.me/shtrihkodhalyavy, пропускаем
2025-04-13 02:19:06,509 - ERROR - bot.utils.channel_utils - Не удалось получить сущность для канала https://t.me/cashback_cherny_spisok: Cannot send requests while disconnected
2025-04-13 02:19:06,509 - WARNING - bot.config - Не удалось получить entity для канала https://t.me/cashback_cherny_spisok, пропускаем
2025-04-13 02:19:06,509 - ERROR - bot.utils.channel_utils - Не удалось получить сущность для канала https://t.me/tovar_za_kesh1: Cannot send requests while disconnected
2025-04-13 02:19:06,509 - WARNING - bot.config - Не удалось получить entity для канала https://t.me/tovar_za_kesh1, пропускаем
2025-04-13 02:19:06,510 - ERROR - bot.utils.channel_utils - Не удалось получить сущность для канала https://t.me/+lo9c0teJQrNiNzk6: Cannot send requests while disconnected
2025-04-13 02:19:06,510 - WARNING - bot.config - Не удалось получить entity для канала https://t.me/+lo9c0teJQrNiNzk6, пропускаем
2025-04-13 02:19:06,510 - ERROR - bot.utils.channel_utils - Не удалось получить сущность для канала https://t.me/skidkiwblina: Cannot send requests while disconnected
2025-04-13 02:19:06,510 - WARNING - bot.config - Не удалось получить entity для канала https://t.me/skidkiwblina, пропускаем
2025-04-13 02:19:06,511 - ERROR - bot.utils.channel_utils - Не удалось получить сущность для канала https://t.me/tovary_za_otzyvyy: Cannot send requests while disconnected
2025-04-13 02:19:06,511 - WARNING - bot.config - Не удалось получить entity для канала https://t.me/tovary_za_otzyvyy, пропускаем
2025-04-13 02:19:06,511 - ERROR - bot.utils.channel_utils - Не удалось получить сущность для канала https://t.me/marketplacehot: Cannot send requests while disconnected
2025-04-13 02:19:06,511 - WARNING - bot.config - Не удалось получить entity для канала https://t.me/marketplacehot, пропускаем
2025-04-13 02:19:06,511 - ERROR - bot.utils.channel_utils - Не удалось получить сущность для канала https://t.me/tovar_za_otziv2: Cannot send requests while disconnected
2025-04-13 02:19:06,512 - WARNING - bot.config - Не удалось получить entity для канала https://t.me/tovar_za_otziv2, пропускаем
2025-04-13 02:19:06,512 - ERROR - bot.utils.channel_utils - Не удалось получить сущность для канала https://t.me/cashbackWBOZ: Cannot send requests while disconnected
2025-04-13 02:19:06,512 - WARNING - bot.config - Не удалось получить entity для канала https://t.me/cashbackWBOZ, пропускаем
2025-04-13 02:19:06,512 - ERROR - bot.utils.channel_utils - Не удалось получить сущность для канала https://t.me/+I7fWHohKZ84zYWRi: Cannot send requests while disconnected
2025-04-13 02:19:06,513 - WARNING - bot.config - Не удалось получить entity для канала https://t.me/+I7fWHohKZ84zYWRi, пропускаем
2025-04-13 02:19:06,513 - ERROR - bot.utils.channel_utils - Не удалось получить сущность для канала https://t.me/zayachya_lapkaa: Cannot send requests while disconnected
2025-04-13 02:19:06,513 - WARNING - bot.config - Не удалось получить entity для канала https://t.me/zayachya_lapkaa, пропускаем
2025-04-13 02:19:06,514 - ERROR - bot.utils.channel_utils - Не удалось получить сущность для канала https://t.me/chatstopmosh: Cannot send requests while disconnected
2025-04-13 02:19:06,514 - WARNING - bot.config - Не удалось получить entity для канала https://t.me/chatstopmosh, пропускаем
2025-04-13 02:19:06,514 - ERROR - bot.utils.channel_utils - Не удалось получить сущность для канала https://t.me/wbskidka2023: Cannot send requests while disconnected
2025-04-13 02:19:06,514 - WARNING - bot.config - Не удалось получить entity для канала https://t.me/wbskidka2023, пропускаем
2025-04-13 02:19:06,514 - ERROR - bot.utils.channel_utils - Не удалось получить сущность для канала https://t.me/supertovariwb: Cannot send requests while disconnected
2025-04-13 02:19:06,515 - WARNING - bot.config - Не удалось получить entity для канала https://t.me/supertovariwb, пропускаем
2025-04-13 02:19:06,515 - ERROR - bot.utils.channel_utils - Не удалось получить сущность для канала https://t.me/tovariWB_po_sebestoimosti: Cannot send requests while disconnected
2025-04-13 02:19:06,515 - WARNING - bot.config - Не удалось получить entity для канала https://t.me/tovariWB_po_sebestoimosti, пропускаем
2025-04-13 02:19:06,515 - ERROR - bot.utils.channel_utils - Не удалось получить сущность для канала https://t.me/mani_egg2: Cannot send requests while disconnected
2025-04-13 02:19:06,516 - WARNING - bot.config - Не удалось получить entity для канала https://t.me/mani_egg2, пропускаем
2025-04-13 02:19:06,516 - ERROR - bot.utils.channel_utils - Не удалось получить сущность для канала https://t.me/chestnyreiting: Cannot send requests while disconnected
2025-04-13 02:19:06,516 - WARNING - bot.config - Не удалось получить entity для канала https://t.me/chestnyreiting, пропускаем
2025-04-13 02:19:06,516 - ERROR - bot.utils.channel_utils - Не удалось получить сущность для канала https://t.me/wb_ozon_skidki_rasprodazha: Cannot send requests while disconnected
2025-04-13 02:19:06,517 - WARNING - bot.config - Не удалось получить entity для канала https://t.me/wb_ozon_skidki_rasprodazha, пропускаем
2025-04-13 02:19:06,517 - ERROR - bot.utils.channel_utils - Не удалось получить сущность для канала https://t.me/CashikWB: Cannot send requests while disconnected
2025-04-13 02:19:06,517 - WARNING - bot.config - Не удалось получить entity для канала https://t.me/CashikWB, пропускаем
2025-04-13 02:19:06,517 - ERROR - bot.utils.channel_utils - Не удалось получить сущность для канала https://t.me/svwboz: Cannot send requests while disconnected
2025-04-13 02:19:06,518 - WARNING - bot.config - Не удалось получить entity для канала https://t.me/svwboz, пропускаем
2025-04-13 02:19:06,518 - ERROR - bot.utils.channel_utils - Не удалось получить сущность для канала https://t.me/cashbacknutie: Cannot send requests while disconnected
2025-04-13 02:19:06,518 - WARNING - bot.config - Не удалось получить entity для канала https://t.me/cashbacknutie, пропускаем
2025-04-13 02:19:06,518 - ERROR - bot.utils.channel_utils - Не удалось получить сущность для канала https://t.me/+QeewdGww_go2YTYy: Cannot send requests while disconnected
2025-04-13 02:19:06,518 - WARNING - bot.config - Не удалось получить entity для канала https://t.me/+QeewdGww_go2YTYy, пропускаем
2025-04-13 02:19:06,519 - ERROR - bot.utils.channel_utils - Не удалось получить сущность для канала https://t.me/+u-89-NYsWnozMDZi: Cannot send requests while disconnected
2025-04-13 02:19:06,519 - WARNING - bot.config - Не удалось получить entity для канала https://t.me/+u-89-NYsWnozMDZi, пропускаем
2025-04-13 02:19:06,519 - ERROR - bot.utils.channel_utils - Не удалось получить сущность для канала https://t.me/cashbacknamp: Cannot send requests while disconnected
2025-04-13 02:19:06,519 - WARNING - bot.config - Не удалось получить entity для канала https://t.me/cashbacknamp, пропускаем
2025-04-13 02:19:06,519 - ERROR - bot.utils.channel_utils - Не удалось получить сущность для канала https://t.me/darimzaotzyv: Cannot send requests while disconnected
2025-04-13 02:19:06,520 - WARNING - bot.config - Не удалось получить entity для канала https://t.me/darimzaotzyv, пропускаем
2025-04-13 02:19:06,520 - ERROR - bot.utils.channel_utils - Не удалось получить сущность для канала https://t.me/razdachaWB2: Cannot send requests while disconnected
2025-04-13 02:19:06,520 - WARNING - bot.config - Не удалось получить entity для канала https://t.me/razdachaWB2, пропускаем
2025-04-13 02:19:06,521 - ERROR - bot.utils.channel_utils - Не удалось получить сущность для канала https://t.me/razdazhawbozon: Cannot send requests while disconnected
2025-04-13 02:19:06,521 - WARNING - bot.config - Не удалось получить entity для канала https://t.me/razdazhawbozon, пропускаем
2025-04-13 02:19:06,521 - ERROR - bot.utils.channel_utils - Не удалось получить сущность для канала https://t.me/+St2-cQONIA9lZjA6: Cannot send requests while disconnected
2025-04-13 02:19:06,521 - WARNING - bot.config - Не удалось получить entity для канала https://t.me/+St2-cQONIA9lZjA6, пропускаем
2025-04-13 02:19:06,522 - ERROR - bot.utils.channel_utils - Не удалось получить сущность для канала https://t.me/wildberrieskesh: Cannot send requests while disconnected
2025-04-13 02:19:06,522 - WARNING - bot.config - Не удалось получить entity для канала https://t.me/wildberrieskesh, пропускаем
2025-04-13 02:19:06,522 - ERROR - bot.utils.channel_utils - Не удалось получить сущность для канала https://t.me/cashbakzaotzyv: Cannot send requests while disconnected
2025-04-13 02:19:06,522 - WARNING - bot.config - Не удалось получить entity для канала https://t.me/cashbakzaotzyv, пропускаем
2025-04-13 02:19:06,523 - ERROR - bot.utils.channel_utils - Не удалось получить сущность для канала https://t.me/wbozon_razdachi: Cannot send requests while disconnected
2025-04-13 02:19:06,523 - WARNING - bot.config - Не удалось получить entity для канала https://t.me/wbozon_razdachi, пропускаем
2025-04-13 02:19:06,523 - ERROR - bot.utils.channel_utils - Не удалось получить сущность для канала https://t.me/cashbackitoshka2023: Cannot send requests while disconnected
2025-04-13 02:19:06,523 - WARNING - bot.config - Не удалось получить entity для канала https://t.me/cashbackitoshka2023, пропускаем
2025-04-13 02:19:06,523 - ERROR - bot.utils.channel_utils - Не удалось получить сущность для канала https://t.me/keshbek_za_otzyv: Cannot send requests while disconnected
2025-04-13 02:19:06,523 - WARNING - bot.config - Не удалось получить entity для канала https://t.me/keshbek_za_otzyv, пропускаем
2025-04-13 02:19:06,525 - ERROR - bot.utils.channel_utils - Не удалось получить сущность для канала https://t.me/aukzzionrazdach: Cannot send requests while disconnected
2025-04-13 02:19:06,525 - WARNING - bot.config - Не удалось получить entity для канала https://t.me/aukzzionrazdach, пропускаем
2025-04-13 02:19:06,525 - ERROR - bot.utils.channel_utils - Не удалось получить сущность для канала https://t.me/keshbek_za_otziv: Cannot send requests while disconnected
2025-04-13 02:19:06,525 - WARNING - bot.config - Не удалось получить entity для канала https://t.me/keshbek_za_otziv, пропускаем
2025-04-13 02:19:06,525 - ERROR - bot.utils.channel_utils - Не удалось получить сущность для канала https://t.me/keshbek7: Cannot send requests while disconnected
2025-04-13 02:19:06,526 - WARNING - bot.config - Не удалось получить entity для канала https://t.me/keshbek7, пропускаем
2025-04-13 02:19:06,526 - ERROR - bot.utils.channel_utils - Не удалось получить сущность для канала https://t.me/tovarotzuvi: Cannot send requests while disconnected
2025-04-13 02:19:06,526 - WARNING - bot.config - Не удалось получить entity для канала https://t.me/tovarotzuvi, пропускаем
2025-04-13 02:19:06,526 - ERROR - bot.utils.channel_utils - Не удалось получить сущность для канала https://t.me/vykup5: Cannot send requests while disconnected
2025-04-13 02:19:06,527 - WARNING - bot.config - Не удалось получить entity для канала https://t.me/vykup5, пропускаем
2025-04-13 02:19:06,527 - ERROR - bot.utils.channel_utils - Не удалось получить сущность для канала https://t.me/keshanytiigoose: Cannot send requests while disconnected
2025-04-13 02:19:06,527 - WARNING - bot.config - Не удалось получить entity для канала https://t.me/keshanytiigoose, пропускаем
2025-04-13 02:19:06,527 - ERROR - bot.utils.channel_utils - Не удалось получить сущность для канала https://t.me/wbozoncashback01: Cannot send requests while disconnected
2025-04-13 02:19:06,528 - WARNING - bot.config - Не удалось получить entity для канала https://t.me/wbozoncashback01, пропускаем
2025-04-13 02:19:06,528 - ERROR - bot.utils.channel_utils - Не удалось получить сущность для канала https://t.me/wbpizdec: Cannot send requests while disconnected
2025-04-13 02:19:06,528 - WARNING - bot.config - Не удалось получить entity для канала https://t.me/wbpizdec, пропускаем
2025-04-13 02:19:06,528 - ERROR - bot.utils.channel_utils - Не удалось получить сущность для канала https://t.me/tovar_za_otz: Cannot send requests while disconnected
2025-04-13 02:19:06,529 - WARNING - bot.config - Не удалось получить entity для канала https://t.me/tovar_za_otz, пропускаем
2025-04-13 02:19:06,529 - ERROR - bot.utils.channel_utils - Не удалось получить сущность для канала https://t.me/cashbacksv: Cannot send requests while disconnected
2025-04-13 02:19:06,529 - WARNING - bot.config - Не удалось получить entity для канала https://t.me/cashbacksv, пропускаем
2025-04-13 02:19:06,529 - ERROR - bot.utils.channel_utils - Не удалось получить сущность для канала https://t.me/wbozoncashbackyou: Cannot send requests while disconnected
2025-04-13 02:19:06,530 - WARNING - bot.config - Не удалось получить entity для канала https://t.me/wbozoncashbackyou, пропускаем
2025-04-13 02:19:06,530 - ERROR - bot.utils.channel_utils - Не удалось получить сущность для канала https://t.me/+FkVWNsfMjJFjOWQ6: Cannot send requests while disconnected
2025-04-13 02:19:06,530 - WARNING - bot.config - Не удалось получить entity для канала https://t.me/+FkVWNsfMjJFjOWQ6, пропускаем
2025-04-13 02:19:06,530 - ERROR - bot.utils.channel_utils - Не удалось получить сущность для канала https://t.me/wildberries_top_YSMP: Cannot send requests while disconnected
2025-04-13 02:19:06,531 - WARNING - bot.config - Не удалось получить entity для канала https://t.me/wildberries_top_YSMP, пропускаем
2025-04-13 02:19:06,531 - ERROR - bot.utils.channel_utils - Не удалось получить сущность для канала https://t.me/vikup_razdacha_kashback: Cannot send requests while disconnected
2025-04-13 02:19:06,531 - WARNING - bot.config - Не удалось получить entity для канала https://t.me/vikup_razdacha_kashback, пропускаем
2025-04-13 02:19:06,531 - ERROR - bot.utils.channel_utils - Не удалось получить сущность для канала https://t.me/halyava_za_otziv: Cannot send requests while disconnected
2025-04-13 02:19:06,531 - WARNING - bot.config - Не удалось получить entity для канала https://t.me/halyava_za_otziv, пропускаем
2025-04-13 02:19:06,532 - ERROR - bot.utils.channel_utils - Не удалось получить сущность для канала https://t.me/madiko431: Cannot send requests while disconnected
2025-04-13 02:19:06,532 - WARNING - bot.config - Не удалось получить entity для канала https://t.me/madiko431, пропускаем
2025-04-13 02:19:06,532 - ERROR - bot.utils.channel_utils - Не удалось получить сущность для канала https://t.me/cashback_wbozon: Cannot send requests while disconnected
2025-04-13 02:19:06,532 - WARNING - bot.config - Не удалось получить entity для канала https://t.me/cashback_wbozon, пропускаем
2025-04-13 02:19:06,532 - ERROR - bot.utils.channel_utils - Не удалось получить сущность для канала https://t.me/jurello_youlove: Cannot send requests while disconnected
2025-04-13 02:19:06,533 - WARNING - bot.config - Не удалось получить entity для канала https://t.me/jurello_youlove, пропускаем
2025-04-13 02:19:06,533 - ERROR - bot.utils.channel_utils - Не удалось получить сущность для канала https://t.me/cashback_wb_and_ozonn: Cannot send requests while disconnected
2025-04-13 02:19:06,533 - WARNING - bot.config - Не удалось получить entity для канала https://t.me/cashback_wb_and_ozonn, пропускаем
2025-04-13 02:19:06,533 - ERROR - bot.utils.channel_utils - Не удалось получить сущность для канала https://t.me/WOzonWb: Cannot send requests while disconnected
2025-04-13 02:19:06,533 - WARNING - bot.config - Не удалось получить entity для канала https://t.me/WOzonWb, пропускаем
2025-04-13 02:19:06,534 - ERROR - bot.utils.channel_utils - Не удалось получить сущность для канала https://t.me/keshanytiigus: Cannot send requests while disconnected
2025-04-13 02:19:06,534 - WARNING - bot.config - Не удалось получить entity для канала https://t.me/keshanytiigus, пропускаем
2025-04-13 02:19:06,534 - ERROR - bot.utils.channel_utils - Не удалось получить сущность для канала https://t.me/stop_moshennik_wb_ozon: Cannot send requests while disconnected
2025-04-13 02:19:06,534 - WARNING - bot.config - Не удалось получить entity для канала https://t.me/stop_moshennik_wb_ozon, пропускаем
2025-04-13 02:19:06,535 - ERROR - bot.utils.channel_utils - Не удалось получить сущность для канала https://t.me/wHvKsxJzQU0NjVi: Cannot send requests while disconnected
2025-04-13 02:19:06,535 - WARNING - bot.config - Не удалось получить entity для канала https://t.me/wHvKsxJzQU0NjVi, пропускаем
2025-04-13 02:19:06,535 - ERROR - bot.utils.channel_utils - Не удалось получить сущность для канала https://t.me/black_cashbacks2: Cannot send requests while disconnected
2025-04-13 02:19:06,535 - WARNING - bot.config - Не удалось получить entity для канала https://t.me/black_cashbacks2, пропускаем
2025-04-13 02:19:06,536 - ERROR - bot.utils.channel_utils - Не удалось получить сущность для канала https://t.me/cascbackcity: Cannot send requests while disconnected
2025-04-13 02:19:06,536 - WARNING - bot.config - Не удалось получить entity для канала https://t.me/cascbackcity, пропускаем
2025-04-13 02:19:06,536 - ERROR - bot.utils.channel_utils - Не удалось получить сущность для канала https://t.me/bookshaloba: Cannot send requests while disconnected
2025-04-13 02:19:06,536 - WARNING - bot.config - Не удалось получить entity для канала https://t.me/bookshaloba, пропускаем
2025-04-13 02:19:06,537 - ERROR - bot.utils.channel_utils - Не удалось получить сущность для канала https://t.me/cachbeck: Cannot send requests while disconnected
2025-04-13 02:19:06,537 - WARNING - bot.config - Не удалось получить entity для канала https://t.me/cachbeck, пропускаем
2025-04-13 02:19:06,537 - ERROR - bot.utils.channel_utils - Не удалось получить сущность для канала https://t.me/discountforthewholeseason69: Cannot send requests while disconnected
2025-04-13 02:19:06,538 - WARNING - bot.config - Не удалось получить entity для канала https://t.me/discountforthewholeseason69, пропускаем
2025-04-13 02:19:06,538 - ERROR - bot.utils.channel_utils - Не удалось получить сущность для канала https://t.me/produkty_vykup: Cannot send requests while disconnected
2025-04-13 02:19:06,538 - WARNING - bot.config - Не удалось получить entity для канала https://t.me/produkty_vykup, пропускаем
2025-04-13 02:19:06,539 - ERROR - bot.utils.channel_utils - Не удалось получить сущность для канала https://t.me/wb_ozon_start: Cannot send requests while disconnected
2025-04-13 02:19:06,539 - WARNING - bot.config - Не удалось получить entity для канала https://t.me/wb_ozon_start, пропускаем
2025-04-13 02:19:06,539 - ERROR - bot.utils.channel_utils - Не удалось получить сущность для канала https://t.me/razdahatovarov: Cannot send requests while disconnected
2025-04-13 02:19:06,539 - WARNING - bot.config - Не удалось получить entity для канала https://t.me/razdahatovarov, пропускаем
2025-04-13 02:19:06,540 - ERROR - bot.utils.channel_utils - Не удалось получить сущность для канала https://t.me/tovar_za_otzyv_vykup_cashback: Cannot send requests while disconnected
2025-04-13 02:19:06,540 - WARNING - bot.config - Не удалось получить entity для канала https://t.me/tovar_za_otzyv_vykup_cashback, пропускаем
2025-04-13 02:19:06,540 - ERROR - bot.utils.channel_utils - Не удалось получить сущность для канала https://t.me/keshbek9: Cannot send requests while disconnected
2025-04-13 02:19:06,540 - WARNING - bot.config - Не удалось получить entity для канала https://t.me/keshbek9, пропускаем
2025-04-13 02:19:06,540 - ERROR - bot.utils.channel_utils - Не удалось получить сущность для канала https://t.me/wb_ozonavito: Cannot send requests while disconnected
2025-04-13 02:19:06,541 - WARNING - bot.config - Не удалось получить entity для канала https://t.me/wb_ozonavito, пропускаем
2025-04-13 02:19:06,541 - ERROR - bot.utils.channel_utils - Не удалось получить сущность для канала https://t.me/wbozonkesh: Cannot send requests while disconnected
2025-04-13 02:19:06,541 - WARNING - bot.config - Не удалось получить entity для канала https://t.me/wbozonkesh, пропускаем
2025-04-13 02:19:06,541 - ERROR - bot.utils.channel_utils - Не удалось получить сущность для канала https://t.me/tvoy_cashbek: Cannot send requests while disconnected
2025-04-13 02:19:06,542 - WARNING - bot.config - Не удалось получить entity для канала https://t.me/tvoy_cashbek, пропускаем
2025-04-13 02:19:06,542 - ERROR - bot.utils.channel_utils - Не удалось получить сущность для канала https://t.me/cashback100only: Cannot send requests while disconnected
2025-04-13 02:19:06,542 - WARNING - bot.config - Не удалось получить entity для канала https://t.me/cashback100only, пропускаем
2025-04-13 02:19:06,542 - ERROR - bot.utils.channel_utils - Не удалось получить сущность для канала https://t.me/kingssports_tg: Cannot send requests while disconnected
2025-04-13 02:19:06,543 - WARNING - bot.config - Не удалось получить entity для канала https://t.me/kingssports_tg, пропускаем
2025-04-13 02:19:06,543 - ERROR - bot.utils.channel_utils - Не удалось получить сущность для канала https://t.me/+yOKXb9ugkVVhNDMy: Cannot send requests while disconnected
2025-04-13 02:19:06,543 - WARNING - bot.config - Не удалось получить entity для канала https://t.me/+yOKXb9ugkVVhNDMy, пропускаем
2025-04-13 02:19:06,543 - ERROR - bot.utils.channel_utils - Не удалось получить сущность для канала https://t.me/cashbackonwb: Cannot send requests while disconnected
2025-04-13 02:19:06,544 - WARNING - bot.config - Не удалось получить entity для канала https://t.me/cashbackonwb, пропускаем
2025-04-13 02:19:06,544 - ERROR - bot.utils.channel_utils - Не удалось получить сущность для канала https://t.me/tovar_waldberries: Cannot send requests while disconnected
2025-04-13 02:19:06,544 - WARNING - bot.config - Не удалось получить entity для канала https://t.me/tovar_waldberries, пропускаем
2025-04-13 02:19:06,544 - ERROR - bot.utils.channel_utils - Не удалось получить сущность для канала https://t.me/dis_navigator: Cannot send requests while disconnected
2025-04-13 02:19:06,545 - WARNING - bot.config - Не удалось получить entity для канала https://t.me/dis_navigator, пропускаем
2025-04-13 02:19:06,545 - ERROR - bot.utils.channel_utils - Не удалось получить сущность для канала https://t.me/supertovariwb1: Cannot send requests while disconnected
2025-04-13 02:19:06,545 - WARNING - bot.config - Не удалось получить entity для канала https://t.me/supertovariwb1, пропускаем
2025-04-13 02:19:06,545 - ERROR - bot.utils.channel_utils - Не удалось получить сущность для канала https://t.me/vJa3xvKmH9AxNzgy: Cannot send requests while disconnected
2025-04-13 02:19:06,546 - WARNING - bot.config - Не удалось получить entity для канала https://t.me/vJa3xvKmH9AxNzgy, пропускаем
2025-04-13 02:19:06,546 - ERROR - bot.utils.channel_utils - Не удалось получить сущность для канала https://t.me/tingresscahback: Cannot send requests while disconnected
2025-04-13 02:19:06,547 - WARNING - bot.config - Не удалось получить entity для канала https://t.me/tingresscahback, пропускаем
2025-04-13 02:19:06,547 - ERROR - bot.utils.channel_utils - Не удалось получить сущность для канала https://t.me/grcashback: Cannot send requests while disconnected
2025-04-13 02:19:06,547 - WARNING - bot.config - Не удалось получить entity для канала https://t.me/grcashback, пропускаем
2025-04-13 02:19:06,547 - ERROR - bot.utils.channel_utils - Не удалось получить сущность для канала https://t.me/Cashback_WB_OZON_2024: Cannot send requests while disconnected
2025-04-13 02:19:06,547 - WARNING - bot.config - Не удалось получить entity для канала https://t.me/Cashback_WB_OZON_2024, пропускаем
2025-04-13 02:19:06,548 - ERROR - bot.utils.channel_utils - Не удалось получить сущность для канала https://t.me/samovikupibesplatno: Cannot send requests while disconnected
2025-04-13 02:19:06,548 - WARNING - bot.config - Не удалось получить entity для канала https://t.me/samovikupibesplatno, пропускаем
2025-04-13 02:19:06,548 - ERROR - bot.utils.channel_utils - Не удалось получить сущность для канала https://t.me/moshenniki_wildberries_wb: Cannot send requests while disconnected
2025-04-13 02:19:06,548 - WARNING - bot.config - Не удалось получить entity для канала https://t.me/moshenniki_wildberries_wb, пропускаем
2025-04-13 02:19:06,549 - ERROR - bot.utils.channel_utils - Не удалось получить сущность для канала https://t.me/zayka_nevinoven: Cannot send requests while disconnected
2025-04-13 02:19:06,549 - WARNING - bot.config - Не удалось получить entity для канала https://t.me/zayka_nevinoven, пропускаем
2025-04-13 02:19:06,549 - ERROR - bot.utils.channel_utils - Не удалось получить сущность для канала https://t.me/besplatnowb: Cannot send requests while disconnected
2025-04-13 02:19:06,549 - WARNING - bot.config - Не удалось получить entity для канала https://t.me/besplatnowb, пропускаем
2025-04-13 02:19:06,549 - ERROR - bot.utils.channel_utils - Не удалось получить сущность для канала https://t.me/CASH_Trash1000: Cannot send requests while disconnected
2025-04-13 02:19:06,550 - WARNING - bot.config - Не удалось получить entity для канала https://t.me/CASH_Trash1000, пропускаем
2025-04-13 02:19:06,550 - ERROR - bot.utils.channel_utils - Не удалось получить сущность для канала https://t.me/cashback77777: Cannot send requests while disconnected
2025-04-13 02:19:06,550 - WARNING - bot.config - Не удалось получить entity для канала https://t.me/cashback77777, пропускаем
2025-04-13 02:19:06,550 - ERROR - bot.utils.channel_utils - Не удалось получить сущность для канала https://t.me/razdazhawbozon2: Cannot send requests while disconnected
2025-04-13 02:19:06,551 - WARNING - bot.config - Не удалось получить entity для канала https://t.me/razdazhawbozon2, пропускаем
2025-04-13 02:19:06,551 - ERROR - bot.utils.channel_utils - Не удалось получить сущность для канала https://t.me/cashbundi: Cannot send requests while disconnected
2025-04-13 02:19:06,551 - WARNING - bot.config - Не удалось получить entity для канала https://t.me/cashbundi, пропускаем
2025-04-13 02:19:06,551 - ERROR - bot.utils.channel_utils - Не удалось получить сущность для канала https://t.me/razdacha_za_otziv: Cannot send requests while disconnected
2025-04-13 02:19:06,551 - WARNING - bot.config - Не удалось получить entity для канала https://t.me/razdacha_za_otziv, пропускаем
2025-04-13 02:19:06,551 - ERROR - bot.utils.channel_utils - Не удалось получить сущность для канала https://t.me/wbzfree: Cannot send requests while disconnected
2025-04-13 02:19:06,552 - WARNING - bot.config - Не удалось получить entity для канала https://t.me/wbzfree, пропускаем
2025-04-13 02:19:06,552 - ERROR - bot.utils.channel_utils - Не удалось получить сущность для канала https://t.me/WB_OZON_for_Kidss: Cannot send requests while disconnected
2025-04-13 02:19:06,552 - WARNING - bot.config - Не удалось получить entity для канала https://t.me/WB_OZON_for_Kidss, пропускаем
2025-04-13 02:19:06,552 - ERROR - bot.utils.channel_utils - Не удалось получить сущность для канала https://t.me/wbozonkesh70100: Cannot send requests while disconnected
2025-04-13 02:19:06,553 - WARNING - bot.config - Не удалось получить entity для канала https://t.me/wbozonkesh70100, пропускаем
2025-04-13 02:19:06,553 - ERROR - bot.utils.channel_utils - Не удалось получить сущность для канала -1002404189771: Cannot send requests while disconnected
2025-04-13 02:19:06,553 - WARNING - bot.config - Не удалось получить entity для канала -1002404189771, пропускаем
2025-04-13 02:19:06,554 - ERROR - bot.utils.channel_utils - Не удалось получить сущность для канала https://t.me/kashartfamily: Cannot send requests while disconnected
2025-04-13 02:19:06,554 - WARNING - bot.config - Не удалось получить entity для канала https://t.me/kashartfamily, пропускаем
2025-04-13 02:19:06,554 - ERROR - bot.utils.channel_utils - Не удалось получить сущность для канала https://t.me/baraholka_wilberries: Cannot send requests while disconnected
2025-04-13 02:19:06,554 - WARNING - bot.config - Не удалось получить entity для канала https://t.me/baraholka_wilberries, пропускаем
2025-04-13 02:19:06,555 - ERROR - bot.utils.channel_utils - Не удалось получить сущность для канала https://t.me/best_kosmetics: Cannot send requests while disconnected
2025-04-13 02:19:06,555 - WARNING - bot.config - Не удалось получить entity для канала https://t.me/best_kosmetics, пропускаем
2025-04-13 02:19:06,555 - ERROR - bot.utils.channel_utils - Не удалось получить сущность для канала https://t.me/+xgtGB-MZBAVlOTZi: Cannot send requests while disconnected
2025-04-13 02:19:06,556 - WARNING - bot.config - Не удалось получить entity для канала https://t.me/+xgtGB-MZBAVlOTZi, пропускаем
2025-04-13 02:19:06,556 - ERROR - bot.utils.channel_utils - Не удалось получить сущность для канала https://t.me/super_cash_back: Cannot send requests while disconnected
2025-04-13 02:19:06,556 - WARNING - bot.config - Не удалось получить entity для канала https://t.me/super_cash_back, пропускаем
2025-04-13 02:19:06,556 - ERROR - bot.utils.channel_utils - Не удалось получить сущность для канала https://t.me/+i8MathZcizEwMmVi: Cannot send requests while disconnected
2025-04-13 02:19:06,557 - WARNING - bot.config - Не удалось получить entity для канала https://t.me/+i8MathZcizEwMmVi, пропускаем
2025-04-13 02:19:06,557 - ERROR - bot.utils.channel_utils - Не удалось получить сущность для канала https://t.me/otzyvy_cashback: Cannot send requests while disconnected
2025-04-13 02:19:06,557 - WARNING - bot.config - Не удалось получить entity для канала https://t.me/otzyvy_cashback, пропускаем
2025-04-13 02:19:06,557 - ERROR - bot.utils.channel_utils - Не удалось получить сущность для канала https://t.me/+Vwzt0Wl3ahllMDI6: Cannot send requests while disconnected
2025-04-13 02:19:06,557 - WARNING - bot.config - Не удалось получить entity для канала https://t.me/+Vwzt0Wl3ahllMDI6, пропускаем
2025-04-13 02:19:06,558 - ERROR - bot.utils.channel_utils - Не удалось получить сущность для канала https://t.me/tovarotzuv: Cannot send requests while disconnected
2025-04-13 02:19:06,558 - WARNING - bot.config - Не удалось получить entity для канала https://t.me/tovarotzuv, пропускаем
2025-04-13 02:19:06,558 - ERROR - bot.utils.channel_utils - Не удалось получить сущность для канала https://t.me/cashback_WBiOzon: Cannot send requests while disconnected
2025-04-13 02:19:06,559 - WARNING - bot.config - Не удалось получить entity для канала https://t.me/cashback_WBiOzon, пропускаем
2025-04-13 02:19:06,559 - ERROR - bot.utils.channel_utils - Не удалось получить сущность для канала https://t.me/cashbackpro100: Cannot send requests while disconnected
2025-04-13 02:19:06,559 - WARNING - bot.config - Не удалось получить entity для канала https://t.me/cashbackpro100, пропускаем
2025-04-13 02:19:06,560 - ERROR - bot.utils.channel_utils - Не удалось получить сущность для канала https://t.me/cashback_for_5_stars: Cannot send requests while disconnected
2025-04-13 02:19:06,560 - WARNING - bot.config - Не удалось получить entity для канала https://t.me/cashback_for_5_stars, пропускаем
2025-04-13 02:19:06,560 - ERROR - bot.utils.channel_utils - Не удалось получить сущность для канала https://t.me/keshmania: Cannot send requests while disconnected
2025-04-13 02:19:06,560 - WARNING - bot.config - Не удалось получить entity для канала https://t.me/keshmania, пропускаем
2025-04-13 02:19:06,560 - ERROR - bot.utils.channel_utils - Не удалось получить сущность для канала https://t.me/keshbekcs: Cannot send requests while disconnected
2025-04-13 02:19:06,560 - WARNING - bot.config - Не удалось получить entity для канала https://t.me/keshbekcs, пропускаем
2025-04-13 02:19:06,561 - ERROR - bot.utils.channel_utils - Не удалось получить сущность для канала https://t.me/lovtsy_skidok: Cannot send requests while disconnected
2025-04-13 02:19:06,561 - WARNING - bot.config - Не удалось получить entity для канала https://t.me/lovtsy_skidok, пропускаем
2025-04-13 02:19:06,561 - ERROR - bot.utils.channel_utils - Не удалось получить сущность для канала https://t.me/Products_for_review: Cannot send requests while disconnected
2025-04-13 02:19:06,561 - WARNING - bot.config - Не удалось получить entity для канала https://t.me/Products_for_review, пропускаем
2025-04-13 02:19:06,562 - ERROR - bot.utils.channel_utils - Не удалось получить сущность для канала https://t.me/topprodajizdec: Cannot send requests while disconnected
2025-04-13 02:19:06,562 - WARNING - bot.config - Не удалось получить entity для канала https://t.me/topprodajizdec, пропускаем
2025-04-13 02:19:06,562 - ERROR - bot.utils.channel_utils - Не удалось получить сущность для канала https://t.me/tovarzaotziv: Cannot send requests while disconnected
2025-04-13 02:19:06,562 - WARNING - bot.config - Не удалось получить entity для канала https://t.me/tovarzaotziv, пропускаем
2025-04-13 02:19:06,563 - ERROR - bot.utils.channel_utils - Не удалось получить сущность для канала https://t.me/tovarzakashbackwbozonn: Cannot send requests while disconnected
2025-04-13 02:19:06,563 - WARNING - bot.config - Не удалось получить entity для канала https://t.me/tovarzakashbackwbozonn, пропускаем
2025-04-13 02:19:06,563 - ERROR - bot.utils.channel_utils - Не удалось получить сущность для канала https://t.me/cash_wb_and_ozon: Cannot send requests while disconnected
2025-04-13 02:19:06,563 - WARNING - bot.config - Не удалось получить entity для канала https://t.me/cash_wb_and_ozon, пропускаем
2025-04-13 02:19:06,564 - ERROR - bot.utils.channel_utils - Не удалось получить сущность для канала https://t.me/ceshbek_wb: Cannot send requests while disconnected
2025-04-13 02:19:06,564 - WARNING - bot.config - Не удалось получить entity для канала https://t.me/ceshbek_wb, пропускаем
2025-04-13 02:19:06,564 - ERROR - bot.utils.channel_utils - Не удалось получить сущность для канала https://t.me/vykupiwbozon: Cannot send requests while disconnected
2025-04-13 02:19:06,564 - WARNING - bot.config - Не удалось получить entity для канала https://t.me/vykupiwbozon, пропускаем
2025-04-13 02:19:06,564 - ERROR - bot.utils.channel_utils - Не удалось получить сущность для канала https://t.me/cashback_wb_ozo: Cannot send requests while disconnected
2025-04-13 02:19:06,565 - WARNING - bot.config - Не удалось получить entity для канала https://t.me/cashback_wb_ozo, пропускаем
2025-04-13 02:19:06,565 - ERROR - bot.utils.channel_utils - Не удалось получить сущность для канала https://t.me/keshbek_za_otzyv_lovi: Cannot send requests while disconnected
2025-04-13 02:19:06,565 - WARNING - bot.config - Не удалось получить entity для канала https://t.me/keshbek_za_otzyv_lovi, пропускаем
2025-04-13 02:19:06,565 - ERROR - bot.utils.channel_utils - Не удалось получить сущность для канала https://t.me/mpforcashback: Cannot send requests while disconnected
2025-04-13 02:19:06,565 - WARNING - bot.config - Не удалось получить entity для канала https://t.me/mpforcashback, пропускаем
2025-04-13 02:19:06,566 - ERROR - bot.utils.channel_utils - Не удалось получить сущность для канала https://t.me/wb_saleobzor: Cannot send requests while disconnected
2025-04-13 02:19:06,566 - WARNING - bot.config - Не удалось получить entity для канала https://t.me/wb_saleobzor, пропускаем
2025-04-13 02:19:06,566 - ERROR - bot.utils.channel_utils - Не удалось получить сущность для канала https://t.me/cashback_halyva: Cannot send requests while disconnected
2025-04-13 02:19:06,566 - WARNING - bot.config - Не удалось получить entity для канала https://t.me/cashback_halyva, пропускаем
2025-04-13 02:19:06,567 - ERROR - bot.utils.channel_utils - Не удалось получить сущность для канала https://t.me/discounts_on_marketplaces: Cannot send requests while disconnected
2025-04-13 02:19:06,567 - WARNING - bot.config - Не удалось получить entity для канала https://t.me/discounts_on_marketplaces, пропускаем
2025-04-13 02:19:06,567 - ERROR - bot.utils.channel_utils - Не удалось получить сущность для канала https://t.me/wilderries_free: Cannot send requests while disconnected
2025-04-13 02:19:06,567 - WARNING - bot.config - Не удалось получить entity для канала https://t.me/wilderries_free, пропускаем
2025-04-13 02:19:06,568 - ERROR - bot.utils.channel_utils - Не удалось получить сущность для канала https://t.me/onlyhitcash100: Cannot send requests while disconnected
2025-04-13 02:19:06,568 - WARNING - bot.config - Не удалось получить entity для канала https://t.me/onlyhitcash100, пропускаем
2025-04-13 02:19:06,568 - ERROR - bot.utils.channel_utils - Не удалось получить сущность для канала https://t.me/cashbackLiza: Cannot send requests while disconnected
2025-04-13 02:19:06,569 - WARNING - bot.config - Не удалось получить entity для канала https://t.me/cashbackLiza, пропускаем
2025-04-13 02:19:06,569 - ERROR - bot.utils.channel_utils - Не удалось получить сущность для канала https://t.me/wbozoncash1: Cannot send requests while disconnected
2025-04-13 02:19:06,569 - WARNING - bot.config - Не удалось получить entity для канала https://t.me/wbozoncash1, пропускаем
2025-04-13 02:19:06,569 - ERROR - bot.utils.channel_utils - Не удалось получить сущность для канала https://t.me/onlinehitkids: Cannot send requests while disconnected
2025-04-13 02:19:06,569 - WARNING - bot.config - Не удалось получить entity для канала https://t.me/onlinehitkids, пропускаем
2025-04-13 02:19:06,570 - ERROR - bot.utils.channel_utils - Не удалось получить сущность для канала https://t.me/bestsellerpack: Cannot send requests while disconnected
2025-04-13 02:19:06,570 - WARNING - bot.config - Не удалось получить entity для канала https://t.me/bestsellerpack, пропускаем
2025-04-13 02:19:06,570 - ERROR - bot.utils.channel_utils - Не удалось получить сущность для канала https://t.me/salenawb: Cannot send requests while disconnected
2025-04-13 02:19:06,570 - WARNING - bot.config - Не удалось получить entity для канала https://t.me/salenawb, пропускаем
2025-04-13 02:19:06,571 - ERROR - bot.utils.channel_utils - Не удалось получить сущность для канала https://t.me/keshbek_za_otzyv_WB: Cannot send requests while disconnected
2025-04-13 02:19:06,571 - WARNING - bot.config - Не удалось получить entity для канала https://t.me/keshbek_za_otzyv_WB, пропускаем
2025-04-13 02:19:06,571 - ERROR - bot.utils.channel_utils - Не удалось получить сущность для канала https://t.me/BLVDvikupay: Cannot send requests while disconnected
2025-04-13 02:19:06,571 - WARNING - bot.config - Не удалось получить entity для канала https://t.me/BLVDvikupay, пропускаем
2025-04-13 02:19:06,572 - ERROR - bot.utils.channel_utils - Не удалось получить сущность для канала https://t.me/razdachirosee: Cannot send requests while disconnected
2025-04-13 02:19:06,572 - WARNING - bot.config - Не удалось получить entity для канала https://t.me/razdachirosee, пропускаем
2025-04-13 02:19:11,151 - INFO - bot.config - Получен сигнал 2, начинаем грациозное завершение
2025-04-13 02:19:11,151 - INFO - bot.config - Очистка ресурсов парсера...
2025-04-13 02:19:11,152 - INFO - bot.config - Временная директория C:\Users\micha\AppData\Local\Temp\telethon_media_cdvzyygh удалена
2025-04-13 02:19:12,378 - INFO - bot.config - Получен сигнал 2, начинаем грациозное завершение
2025-04-13 02:19:12,378 - INFO - bot.config - Очистка ресурсов парсера...
2025-04-13 02:19:12,379 - INFO - bot.config - Временная директория C:\Users\micha\AppData\Local\Temp\telethon_media_cdvzyygh удалена
2025-04-13 02:19:12,764 - INFO - bot.config - Получен сигнал 2, начинаем грациозное завершение
2025-04-13 02:19:12,764 - INFO - bot.config - Очистка ресурсов парсера...
2025-04-13 02:19:12,765 - INFO - bot.config - Временная директория C:\Users\micha\AppData\Local\Temp\telethon_media_cdvzyygh удалена
2025-04-13 02:19:13,110 - INFO - bot.config - Получен сигнал 2, начинаем грациозное завершение
2025-04-13 02:19:13,111 - INFO - bot.config - Очистка ресурсов парсера...
2025-04-13 02:19:13,112 - INFO - bot.config - Временная директория C:\Users\micha\AppData\Local\Temp\telethon_media_cdvzyygh удалена
2025-04-13 02:19:13,496 - INFO - bot.config - Получен сигнал 2, начинаем грациозное завершение
2025-04-13 02:19:13,496 - INFO - bot.config - Очистка ресурсов парсера...
2025-04-13 02:19:13,498 - INFO - bot.config - Временная директория C:\Users\micha\AppData\Local\Temp\telethon_media_cdvzyygh удалена
2025-04-13 02:19:35,091 - INFO - bot.config - Загружена конфигурация из bot\config.json
2025-04-13 02:19:35,092 - INFO - bot.utils.channel_utils - Загружено 194 каналов из файла sources.txt
2025-04-13 02:19:35,092 - INFO - bot.config - Итоговое количество источников: 193
2025-04-13 02:19:35,145 - WARNING - bot.config - Не удалось зарегистрировать обработчики сигналов: 
2025-04-13 02:19:35,146 - INFO - bot.config - Используется директория для сессий: sessions
2025-04-13 02:19:35,148 - INFO - bot.config - Проверка прав доступа к sessions пройдена успешно
2025-04-13 02:19:35,487 - INFO - bot.config - Инициализирован бот и диспетчер
2025-04-13 02:19:35,487 - INFO - bot.config - Запуск обработки сообщений ботом
2025-04-13 02:19:38,504 - INFO - bot.config - Бот запущен и готов получать сообщения
2025-04-13 02:19:38,642 - ERROR - bot.config - Отправлено предварительное уведомление администратору 5304440647
2025-04-13 02:19:41,648 - INFO - bot.config - Инициализация парсера Telegram
2025-04-13 02:19:41,650 - INFO - bot.config - Путь к файлу сессии: sessions\79939366352
2025-04-13 02:19:41,650 - INFO - bot.data.storage - Состояние загружено из parser_state.json
2025-04-13 02:19:41,650 - INFO - bot.config - Зарегистрированы обработчики сигналов для грациозного завершения
2025-04-13 02:19:41,651 - INFO - bot.config - Парсер инициализирован, время запуска: 2025-04-12 23:19:41.649157+00:00
2025-04-13 02:19:41,651 - INFO - bot.config - Привязан экземпляр бота к парсеру
2025-04-13 02:19:41,651 - INFO - bot.config - Запуск задачи парсера
2025-04-13 02:19:41,651 - INFO - bot.utils.monitoring - Запущен мониторинг работоспособности
2025-04-13 02:19:41,652 - INFO - bot.config - Используется сессия: sessions\79939366352
2025-04-13 02:19:41,653 - INFO - bot.config - Попытка подключения к Telegram (попытка 1/5)...
2025-04-13 02:19:41,905 - INFO - bot.config - Успешно авторизован как Will.i.am (ID: 7193033126)
2025-04-13 02:19:41,905 - INFO - bot.config - Получение диалогов для обнаружения каналов...
2025-04-13 02:19:42,008 - INFO - bot.utils.channel_utils - Загружено 194 каналов из файла sources.txt
2025-04-13 02:19:42,101 - INFO - bot.config - Канал https://t.me/tovar_waldberries активен, последний пост: 2025-04-12 21:23:05+00:00, интервал: 60 сек
2025-04-13 02:19:42,753 - INFO - bot.config - Канал https://t.me/walrus_best_cashbacks активен, последний пост: 2025-04-12 16:10:11+00:00, интервал: 60 сек
2025-04-13 02:19:43,350 - INFO - bot.config - Канал https://t.me/bestsellerpack активен, последний пост: 2025-04-12 22:00:46+00:00, интервал: 60 сек
2025-04-13 02:19:43,940 - INFO - bot.config - Канал https://t.me/grcashback активен, последний пост: 2025-04-10 13:00:04+00:00, интервал: 60 сек
2025-04-13 02:19:44,536 - INFO - bot.config - Канал https://t.me/vykupiwbozon активен, последний пост: 2025-04-12 22:46:43+00:00, интервал: 60 сек
2025-04-13 02:19:45,144 - INFO - bot.config - Канал https://t.me/wb_ozon_start активен, последний пост: 2025-04-12 20:00:10+00:00, интервал: 60 сек
2025-04-13 02:19:45,850 - INFO - bot.config - Канал https://t.me/discounts_on_marketplaces активен, последний пост: 2025-04-11 16:25:07+00:00, интервал: 60 сек
2025-04-13 02:19:46,449 - INFO - bot.config - Канал https://t.me/HAXODKI_PAZDACHI активен, последний пост: 2025-04-12 21:11:40+00:00, интервал: 60 сек
2025-04-13 02:19:47,036 - INFO - bot.config - Канал https://t.me/discountforthewholeseason69 активен, последний пост: 2025-04-11 11:28:39+00:00, интервал: 60 сек
2025-04-13 02:19:47,636 - INFO - bot.config - Канал https://t.me/vJa3xvKmH9AxNzgy неактивен 80 дней, интервал: 360 сек
2025-04-13 02:19:48,259 - INFO - bot.config - Канал https://t.me/razdazhawbozon активен, последний пост: 2025-04-12 23:09:16+00:00, интервал: 60 сек
2025-04-13 02:19:48,948 - INFO - bot.config - Канал https://t.me/svwboz неактивен 47 дней, интервал: 360 сек
2025-04-13 02:19:49,586 - INFO - bot.config - Канал https://t.me/razdazhawbozon2 активен, последний пост: 2025-04-12 18:34:41+00:00, интервал: 60 сек
2025-04-13 02:19:50,182 - INFO - bot.config - Канал https://t.me/black_cashbacks2 активен, последний пост: 2025-04-12 22:07:30+00:00, интервал: 60 сек
2025-04-13 02:19:50,815 - INFO - bot.config - Канал https://t.me/tovar_za_kesh1 активен, последний пост: 2025-04-10 18:17:32+00:00, интервал: 60 сек
2025-04-13 02:19:51,407 - INFO - bot.config - Канал https://t.me/jurello_youlove активен, последний пост: 2025-04-10 09:52:35+00:00, интервал: 60 сек
2025-04-13 02:19:52,009 - INFO - bot.config - Канал https://t.me/wildberrieskesh активен, последний пост: 2025-04-12 12:05:36+00:00, интервал: 60 сек
2025-04-13 02:19:52,595 - INFO - bot.config - Канал https://t.me/razdachi_keshbek активен, последний пост: 2025-04-12 22:44:49+00:00, интервал: 60 сек
2025-04-13 02:19:53,191 - INFO - bot.config - Канал https://t.me/wildberries_cash_back активен, последний пост: 2025-04-12 22:43:26+00:00, интервал: 60 сек
2025-04-13 02:19:53,792 - INFO - bot.config - Канал https://t.me/wbozonkesh70100 активен, последний пост: 2025-04-12 17:33:04+00:00, интервал: 60 сек
2025-04-13 02:19:54,383 - INFO - bot.config - Канал https://t.me/item_for_rewiew активен, последний пост: 2025-04-10 17:02:57+00:00, интервал: 60 сек
2025-04-13 02:19:55,014 - INFO - bot.config - Канал https://t.me/CASH_Trash1000 активен, последний пост: 2025-04-11 17:01:49+00:00, интервал: 60 сек
2025-04-13 02:19:55,615 - INFO - bot.config - Канал https://t.me/BLVDvikupay активен, последний пост: 2025-04-12 21:14:06+00:00, интервал: 60 сек
2025-04-13 02:19:56,202 - INFO - bot.config - Канал https://t.me/razdachawbozon неактивен 26 дней, интервал: 360 сек
2025-04-13 02:19:56,797 - INFO - bot.config - Канал https://t.me/mpforcashback неактивен 40 дней, интервал: 360 сек
2025-04-13 02:19:57,383 - INFO - bot.config - Канал https://t.me/CashikWB активен, последний пост: 2025-04-12 17:45:15+00:00, интервал: 60 сек
2025-04-13 02:19:57,887 - WARNING - bot.utils.channel_utils - Приватная ссылка на канал не поддерживается напрямую: +yOKXb9ugkVVhNDMy
2025-04-13 02:19:57,888 - WARNING - bot.config - Не удалось получить сущность для канала https://t.me/+yOKXb9ugkVVhNDMy, пропускаем
2025-04-13 02:19:57,976 - INFO - bot.config - Канал https://t.me/backcashwb активен, последний пост: 2025-04-12 07:01:43+00:00, интервал: 60 сек
2025-04-13 02:19:58,575 - INFO - bot.config - Канал https://t.me/cashback_cherny_spisok активен, последний пост: 2025-04-12 23:01:26+00:00, интервал: 60 сек
2025-04-13 02:19:59,209 - INFO - bot.config - Канал https://t.me/dis_navigator неактивен 64 дней, интервал: 360 сек
2025-04-13 02:19:59,825 - INFO - bot.config - Канал https://t.me/Cashback_WB_OZON_2024 активен, последний пост: 2025-04-12 20:59:10+00:00, интервал: 60 сек
2025-04-13 02:20:00,431 - INFO - bot.config - Канал https://t.me/zayachya_lapkaa активен, последний пост: 2025-04-12 21:00:42+00:00, интервал: 60 сек
2025-04-13 02:20:01,032 - INFO - bot.config - Канал https://t.me/sharovik_wb активен, последний пост: 2025-04-12 18:05:09+00:00, интервал: 60 сек
2025-04-13 02:20:01,627 - INFO - bot.config - Канал https://t.me/wb_saleobzor активен, последний пост: 2025-04-11 18:05:07+00:00, интервал: 60 сек
2025-04-13 02:20:02,217 - INFO - bot.config - Канал https://t.me/zayka_nevinoven активен, последний пост: 2025-04-12 23:11:10+00:00, интервал: 60 сек
2025-04-13 02:20:02,810 - INFO - bot.config - Канал https://t.me/super_cash_back активен, последний пост: 2025-04-12 12:20:04+00:00, интервал: 60 сек
2025-04-13 02:20:03,544 - INFO - bot.config - Канал https://t.me/tovary_za_otzyvyy активен, последний пост: 2025-04-12 19:49:16+00:00, интервал: 60 сек
2025-04-13 02:20:04,170 - INFO - bot.config - Канал https://t.me/cashback100only активен, последний пост: 2025-04-12 18:07:11+00:00, интервал: 60 сек
2025-04-13 02:20:04,768 - INFO - bot.config - Канал https://t.me/WOzonWb неактивен 131 дней, интервал: 360 сек
2025-04-13 02:20:05,368 - INFO - bot.config - Канал https://t.me/WB_OZON_for_Kidss активен, последний пост: 2025-04-12 21:18:48+00:00, интервал: 60 сек
2025-04-13 02:20:05,960 - INFO - bot.config - Канал https://t.me/cashback_za_tovar активен, последний пост: 2025-04-12 17:09:05+00:00, интервал: 60 сек
2025-04-13 02:20:06,568 - INFO - bot.config - Канал https://t.me/baraholka_wilberries активен, последний пост: 2025-04-12 18:49:02+00:00, интервал: 60 сек
2025-04-13 02:20:07,160 - INFO - bot.config - Канал https://t.me/cashbackonwb активен, последний пост: 2025-04-12 17:00:33+00:00, интервал: 60 сек
2025-04-13 02:20:07,757 - INFO - bot.config - Канал https://t.me/razdachirosee активен, последний пост: 2025-04-12 17:22:18+00:00, интервал: 60 сек
2025-04-13 02:20:08,346 - INFO - bot.config - Канал https://t.me/shtrihkodhalyavy активен, последний пост: 2025-04-12 16:59:09+00:00, интервал: 60 сек
2025-04-13 02:20:08,945 - INFO - bot.config - Канал https://t.me/keshanytiigus неактивен 40 дней, интервал: 360 сек
2025-04-13 02:20:09,544 - INFO - bot.config - Канал https://t.me/otzivi_wb_ozon активен, последний пост: 2025-04-12 20:30:06+00:00, интервал: 60 сек
2025-04-13 02:20:10,139 - INFO - bot.config - Канал https://t.me/halyava_za_otziv активен, последний пост: 2025-04-12 16:57:51+00:00, интервал: 60 сек
2025-04-13 02:20:10,728 - INFO - bot.config - Канал https://t.me/aukzzionrazdach активен, последний пост: 2025-04-12 17:55:49+00:00, интервал: 60 сек
2025-04-13 02:20:11,318 - INFO - bot.config - Канал https://t.me/wb_ozon_saless активен, последний пост: 2025-04-12 18:00:04+00:00, интервал: 60 сек
2025-04-13 02:20:11,905 - INFO - bot.config - Канал https://t.me/onereklamatovara активен, последний пост: 2025-04-12 22:15:57+00:00, интервал: 60 сек
2025-04-13 02:20:12,414 - WARNING - bot.utils.channel_utils - Приватная ссылка на канал не поддерживается напрямую: +xgtGB-MZBAVlOTZi
2025-04-13 02:20:12,414 - WARNING - bot.config - Не удалось получить сущность для канала https://t.me/+xgtGB-MZBAVlOTZi, пропускаем
2025-04-13 02:20:12,454 - ERROR - bot.utils.channel_utils - Не удалось получить сущность для канала wbozoncashbackyou: No user has "wbozoncashbackyou" as username
2025-04-13 02:20:12,454 - WARNING - bot.config - Не удалось получить сущность для канала https://t.me/wbozoncashbackyou, пропускаем
2025-04-13 02:20:43,605 - INFO - bot.config - Канал https://t.me/moshenniki_wildberries_wb активен, последний пост: 2025-04-12 23:20:00+00:00, интервал: 60 сек
2025-04-13 02:20:44,199 - INFO - bot.config - Канал https://t.me/chatstopmosh активен, последний пост: 2025-04-09 18:17:37+00:00, интервал: 60 сек
2025-04-13 02:20:44,791 - INFO - bot.config - Канал https://t.me/za5zvezd активен, последний пост: 2025-04-12 20:38:22+00:00, интервал: 60 сек
2025-04-13 02:20:45,381 - INFO - bot.config - Канал https://t.me/marketplacehot активен, последний пост: 2025-04-12 21:18:47+00:00, интервал: 60 сек
2025-04-13 02:20:45,974 - INFO - bot.config - Канал https://t.me/wbozoncash1 активен, последний пост: 2025-04-12 18:00:18+00:00, интервал: 60 сек
2025-04-13 02:20:46,570 - INFO - bot.config - Канал https://t.me/wb_ozonavito активен, последний пост: 2025-04-12 23:20:01+00:00, интервал: 60 сек
2025-04-13 02:20:47,161 - INFO - bot.config - Канал https://t.me/topprodajizdec активен, последний пост: 2025-04-12 18:27:02+00:00, интервал: 60 сек
2025-04-13 02:20:47,750 - INFO - bot.config - Канал https://t.me/uletnuicashback активен, последний пост: 2025-04-11 18:26:59+00:00, интервал: 60 сек
2025-04-13 02:20:48,338 - INFO - bot.config - Канал https://t.me/top_sale_wildberries активен, последний пост: 2025-04-12 15:02:20+00:00, интервал: 60 сек
2025-04-13 02:20:48,925 - INFO - bot.config - Канал https://t.me/cash_wb_and_ozon активен, последний пост: 2025-04-12 17:09:04+00:00, интервал: 60 сек
2025-04-13 02:20:49,515 - INFO - bot.config - Канал https://t.me/collectionskidka активен, последний пост: 2025-04-12 18:04:18+00:00, интервал: 60 сек
2025-04-13 02:20:50,109 - INFO - bot.config - Канал https://t.me/raspakovkacpek активен, последний пост: 2025-04-12 22:59:06+00:00, интервал: 60 сек
2025-04-13 02:20:50,700 - INFO - bot.config - Канал https://t.me/cashbacknamp активен, последний пост: 2025-04-12 23:06:03+00:00, интервал: 60 сек
2025-04-13 02:20:51,293 - INFO - bot.config - Канал https://t.me/xalavshikipromokoda4 активен, последний пост: 2025-04-12 19:00:00+00:00, интервал: 60 сек
2025-04-13 02:20:51,888 - INFO - bot.config - Канал https://t.me/globalotzivi активен, последний пост: 2025-04-11 08:00:00+00:00, интервал: 60 сек
2025-04-13 02:20:52,530 - INFO - bot.config - Канал https://t.me/besplatnowb активен, последний пост: 2025-04-12 17:30:00+00:00, интервал: 60 сек
2025-04-13 02:20:53,119 - INFO - bot.config - Канал https://t.me/onlyhitcash100 активен, последний пост: 2025-04-09 12:59:21+00:00, интервал: 60 сек
2025-04-13 02:20:53,714 - INFO - bot.config - Канал https://t.me/lovtsy_skidok активен, последний пост: 2025-04-12 20:05:20+00:00, интервал: 60 сек
2025-04-13 02:20:54,299 - INFO - bot.config - Канал https://t.me/tovar_za_otziv2 неактивен 19 дней, интервал: 360 сек
2025-04-13 02:20:54,893 - INFO - bot.config - Канал https://t.me/best_wb_sale активен, последний пост: 2025-04-12 16:50:00+00:00, интервал: 60 сек
2025-04-13 02:20:55,488 - INFO - bot.config - Канал https://t.me/tingresscahback неактивен 7 дней, интервал: 360 сек
2025-04-13 02:20:56,118 - INFO - bot.config - Канал https://t.me/Products_for_review активен, последний пост: 2025-04-12 19:00:05+00:00, интервал: 60 сек
2025-04-13 02:20:56,760 - INFO - bot.config - Канал https://t.me/cashback_wbozon неактивен 18 дней, интервал: 360 сек
2025-04-13 02:20:57,373 - INFO - bot.config - Канал https://t.me/wildberries_top_YSMP активен, последний пост: 2025-04-12 14:22:45+00:00, интервал: 60 сек
2025-04-13 02:20:58,055 - INFO - bot.config - Канал https://t.me/OzonWbSales активен, последний пост: 2025-04-12 20:06:19+00:00, интервал: 60 сек
2025-04-13 02:20:58,779 - INFO - bot.config - Канал https://t.me/keshbek_za_otziv активен, последний пост: 2025-04-12 19:11:41+00:00, интервал: 60 сек
2025-04-13 02:20:59,439 - INFO - bot.config - Канал https://t.me/wbozonkesh активен, последний пост: 2025-04-12 17:04:43+00:00, интервал: 60 сек
2025-04-13 02:20:59,991 - ERROR - bot.utils.channel_utils - Не удалось получить сущность для канала cashbackpro100: No user has "cashbackpro100" as username
2025-04-13 02:20:59,991 - WARNING - bot.config - Не удалось получить сущность для канала https://t.me/cashbackpro100, пропускаем
2025-04-13 02:21:00,074 - INFO - bot.config - Канал https://t.me/vikup_cashback неактивен 4 дней, интервал: 360 сек
2025-04-13 02:21:00,629 - ERROR - bot.utils.channel_utils - Не удалось получить сущность для канала cashback_WBiOzon: No user has "cashback_wbiozon" as username
2025-04-13 02:21:00,629 - WARNING - bot.config - Не удалось получить сущность для канала https://t.me/cashback_WBiOzon, пропускаем
2025-04-13 02:21:00,668 - ERROR - bot.utils.channel_utils - Не удалось получить сущность для канала zona_raspakovku: No user has "zona_raspakovku" as username
2025-04-13 02:21:00,668 - WARNING - bot.config - Не удалось получить сущность для канала https://t.me/zona_raspakovku, пропускаем
2025-04-13 02:21:00,763 - INFO - bot.config - Канал https://t.me/wb_ozon_skidki_rasprodazha активен, последний пост: 2025-04-12 16:50:00+00:00, интервал: 60 сек
2025-04-13 02:21:01,355 - INFO - bot.config - Канал https://t.me/razdachaottani активен, последний пост: 2025-04-12 15:14:04+00:00, интервал: 60 сек
2025-04-13 02:21:01,863 - WARNING - bot.utils.channel_utils - Приватная ссылка на канал не поддерживается напрямую: +lo9c0teJQrNiNzk6
2025-04-13 02:21:01,863 - WARNING - bot.config - Не удалось получить сущность для канала https://t.me/+lo9c0teJQrNiNzk6, пропускаем
2025-04-13 02:21:01,948 - INFO - bot.config - Канал https://t.me/keshbek_za_otzyv активен, последний пост: 2025-04-11 09:26:29+00:00, интервал: 60 сек
2025-04-13 02:21:02,543 - INFO - bot.config - Канал https://t.me/mani_egg2 активен, последний пост: 2025-04-12 16:13:38+00:00, интервал: 60 сек
2025-04-13 02:21:03,209 - INFO - bot.config - Канал https://t.me/stop_moshennik_wb_ozon активен, последний пост: 2025-04-12 22:42:03+00:00, интервал: 60 сек
2025-04-13 02:21:03,811 - INFO - bot.config - Канал https://t.me/kashartfamily активен, последний пост: 2025-04-11 12:17:59+00:00, интервал: 60 сек
2025-04-13 02:21:04,417 - INFO - bot.config - Канал https://t.me/LussiaK активен, последний пост: 2025-04-12 23:10:42+00:00, интервал: 60 сек
2025-04-13 02:21:05,067 - INFO - bot.config - Канал https://t.me/tovarotzuv активен, последний пост: 2025-04-12 23:19:20+00:00, интервал: 60 сек
2025-04-13 02:21:05,578 - WARNING - bot.utils.channel_utils - Приватная ссылка на канал не поддерживается напрямую: +St2-cQONIA9lZjA6
2025-04-13 02:21:05,578 - WARNING - bot.config - Не удалось получить сущность для канала https://t.me/+St2-cQONIA9lZjA6, пропускаем
2025-04-13 02:21:05,852 - INFO - bot.config - Канал https://t.me/wbpizdec неактивен 84 дней, интервал: 360 сек
2025-04-13 02:21:06,437 - INFO - bot.config - Канал https://t.me/supertovariwb активен, последний пост: 2025-04-12 19:30:45+00:00, интервал: 60 сек
2025-04-13 02:21:07,038 - INFO - bot.config - Канал https://t.me/yagoda_xalava активен, последний пост: 2025-04-12 21:12:45+00:00, интервал: 60 сек
2025-04-13 02:21:07,628 - INFO - bot.config - Канал https://t.me/onlinehitkids активен, последний пост: 2025-04-12 18:34:44+00:00, интервал: 60 сек
2025-04-13 02:21:08,183 - ERROR - bot.utils.channel_utils - Не удалось получить сущность для канала wb_cashback_sales: No user has "wb_cashback_sales" as username
2025-04-13 02:21:08,183 - WARNING - bot.config - Не удалось получить сущность для канала https://t.me/wb_cashback_sales, пропускаем
2025-04-13 02:21:08,278 - INFO - bot.config - Канал https://t.me/ceshbek_wb активен, последний пост: 2025-04-12 23:20:26+00:00, интервал: 60 сек
2025-04-13 02:21:08,864 - INFO - bot.config - Канал https://t.me/keshbekcs неактивен 8 дней, интервал: 360 сек
2025-04-13 02:21:09,369 - WARNING - bot.utils.channel_utils - Приватная ссылка на канал не поддерживается напрямую: +I7fWHohKZ84zYWRi
2025-04-13 02:21:09,369 - WARNING - bot.config - Не удалось получить сущность для канала https://t.me/+I7fWHohKZ84zYWRi, пропускаем
2025-04-13 02:21:09,455 - INFO - bot.config - Канал https://t.me/chestnyreiting активен, последний пост: 2025-04-12 17:41:31+00:00, интервал: 60 сек
2025-04-13 02:21:09,998 - ERROR - bot.utils.channel_utils - Не удалось получить сущность для канала razdachawbozoncashback: No user has "razdachawbozoncashback" as username
2025-04-13 02:21:09,998 - WARNING - bot.config - Не удалось получить сущность для канала https://t.me/razdachawbozoncashback, пропускаем
2025-04-13 02:21:10,088 - INFO - bot.config - Канал https://t.me/keshbek_za_otzyv_lovi активен, последний пост: 2025-04-12 19:00:00+00:00, интервал: 60 сек
2025-04-13 02:21:10,643 - ERROR - bot.utils.channel_utils - Не удалось получить сущность для канала produkty_vykup: No user has "produkty_vykup" as username
2025-04-13 02:21:10,643 - WARNING - bot.config - Не удалось получить сущность для канала https://t.me/produkty_vykup, пропускаем
2025-04-13 02:21:10,731 - INFO - bot.config - Канал https://t.me/wbcashback_go активен, последний пост: 2025-04-11 13:38:01+00:00, интервал: 60 сек
2025-04-13 02:21:11,240 - WARNING - bot.utils.channel_utils - Приватная ссылка на канал не поддерживается напрямую: +Vwzt0Wl3ahllMDI6
2025-04-13 02:21:11,240 - WARNING - bot.config - Не удалось получить сущность для канала https://t.me/+Vwzt0Wl3ahllMDI6, пропускаем
2025-04-13 02:21:11,240 - WARNING - bot.utils.channel_utils - Приватная ссылка на канал не поддерживается напрямую: +QeewdGww_go2YTYy
2025-04-13 02:21:11,241 - WARNING - bot.config - Не удалось получить сущность для канала https://t.me/+QeewdGww_go2YTYy, пропускаем
2025-04-13 02:21:11,333 - INFO - bot.config - Канал https://t.me/HALYAVASR1 активен, последний пост: 2025-04-12 16:38:29+00:00, интервал: 60 сек
2025-04-13 02:21:12,018 - INFO - bot.config - Канал https://t.me/otzyv_cashback активен, последний пост: 2025-04-12 14:00:04+00:00, интервал: 60 сек
2025-04-13 02:21:12,532 - WARNING - bot.utils.channel_utils - Приватная ссылка на канал не поддерживается напрямую: +i8MathZcizEwMmVi
2025-04-13 02:21:12,533 - WARNING - bot.config - Не удалось получить сущность для канала https://t.me/+i8MathZcizEwMmVi, пропускаем
2025-04-13 02:21:12,574 - ERROR - bot.utils.channel_utils - Не удалось получить сущность для канала cashback_halyva: No user has "cashback_halyva" as username
2025-04-13 02:21:12,574 - WARNING - bot.config - Не удалось получить сущность для канала https://t.me/cashback_halyva, пропускаем
2025-04-13 02:21:12,660 - INFO - bot.config - Канал https://t.me/cashbackitoshka2023 активен, последний пост: 2025-04-12 20:59:11+00:00, интервал: 60 сек
2025-04-13 02:21:13,265 - INFO - bot.config - Канал https://t.me/keshbek7 активен, последний пост: 2025-04-12 13:01:03+00:00, интервал: 60 сек
2025-04-13 02:21:13,859 - INFO - bot.config - Канал https://t.me/online_hit_cashback активен, последний пост: 2025-04-12 18:32:51+00:00, интервал: 60 сек
2025-04-13 02:21:14,455 - INFO - bot.config - Канал https://t.me/WBOZONBESPLATNO100 активен, последний пост: 2025-04-12 19:22:39+00:00, интервал: 60 сек
2025-04-13 02:21:14,963 - WARNING - bot.utils.channel_utils - Приватная ссылка на канал не поддерживается напрямую: +u-89-NYsWnozMDZi
2025-04-13 02:21:14,963 - WARNING - bot.config - Не удалось получить сущность для канала https://t.me/+u-89-NYsWnozMDZi, пропускаем
2025-04-13 02:21:15,054 - INFO - bot.config - Канал https://t.me/tovar_za_otzyv_vykup_cashback активен, последний пост: 2025-04-12 16:00:02+00:00, интервал: 60 сек
2025-04-13 02:21:15,596 - ERROR - bot.utils.channel_utils - Не удалось получить сущность для канала cashbundi: No user has "cashbundi" as username
2025-04-13 02:21:15,596 - WARNING - bot.config - Не удалось получить сущность для канала https://t.me/cashbundi, пропускаем
2025-04-13 02:21:15,688 - INFO - bot.config - Канал https://t.me/keshanytiigoose активен, последний пост: 2025-04-12 23:01:45+00:00, интервал: 60 сек
2025-04-13 02:21:16,266 - INFO - bot.config - Канал https://t.me/cashbakzaotzyv неактивен 94 дней, интервал: 360 сек
2025-04-13 02:21:43,899 - INFO - bot.config - Канал https://t.me/cashback_for_5_stars активен, последний пост: 2025-04-12 19:00:06+00:00, интервал: 60 сек
2025-04-13 02:21:44,519 - INFO - bot.config - Канал https://t.me/keshbek_za_otzyv_WB неактивен 10 дней, интервал: 360 сек
2025-04-13 02:21:45,105 - INFO - bot.config - Канал https://t.me/ozonwbandsale активен, последний пост: 2025-04-12 15:02:34+00:00, интервал: 60 сек
2025-04-13 02:21:45,701 - INFO - bot.config - Канал https://t.me/cashbacksv активен, последний пост: 2025-04-12 16:33:44+00:00, интервал: 60 сек
2025-04-13 02:21:46,244 - ERROR - bot.utils.channel_utils - Не удалось получить сущность для канала samovikupibesplatno: No user has "samovikupibesplatno" as username
2025-04-13 02:21:46,244 - WARNING - bot.config - Не удалось получить сущность для канала https://t.me/samovikupibesplatno, пропускаем
2025-04-13 02:21:46,331 - INFO - bot.config - Канал https://t.me/Childrens_cashback активен, последний пост: 2025-04-12 19:26:44+00:00, интервал: 60 сек
2025-04-13 02:21:46,954 - INFO - bot.config - Канал https://t.me/salenawb активен, последний пост: 2025-04-12 17:24:16+00:00, интервал: 60 сек
2025-04-13 02:21:47,546 - INFO - bot.config - Канал https://t.me/vikup_razdacha_kashback активен, последний пост: 2025-04-12 18:20:08+00:00, интервал: 60 сек
2025-04-13 02:21:48,137 - INFO - bot.config - Канал https://t.me/tovarotzuvi активен, последний пост: 2025-04-12 19:36:09+00:00, интервал: 60 сек
2025-04-13 02:21:48,736 - INFO - bot.config - Канал https://t.me/wbozoncashback01 неактивен 12 дней, интервал: 360 сек
2025-04-13 02:21:49,335 - INFO - bot.config - Канал https://t.me/blacklist_cashback активен, последний пост: 2025-04-12 22:41:50+00:00, интервал: 60 сек
2025-04-13 02:21:49,932 - INFO - bot.config - Канал https://t.me/keshbek_tovar1 активен, последний пост: 2025-04-12 20:15:08+00:00, интервал: 60 сек
2025-04-13 02:21:50,593 - INFO - bot.config - Канал https://t.me/Skid_best активен, последний пост: 2025-04-12 18:07:11+00:00, интервал: 60 сек
2025-04-13 02:21:51,197 - INFO - bot.config - Канал https://t.me/otzyvy_cashback активен, последний пост: 2025-04-12 23:21:01+00:00, интервал: 60 сек
2025-04-13 02:21:51,820 - INFO - bot.config - Канал https://t.me/cascbackcity неактивен 72 дней, интервал: 360 сек
2025-04-13 02:21:52,472 - INFO - bot.config - Канал https://t.me/kingssports_tg активен, последний пост: 2025-04-11 07:21:27+00:00, интервал: 60 сек
2025-04-13 02:21:53,427 - INFO - bot.config - Канал https://t.me/skidkiwblina активен, последний пост: 2025-04-12 23:06:58+00:00, интервал: 60 сек
2025-04-13 02:21:54,034 - INFO - bot.config - Канал https://t.me/wbzfree активен, последний пост: 2025-04-11 11:55:49+00:00, интервал: 60 сек
2025-04-13 02:21:54,619 - INFO - bot.config - Канал https://t.me/darimzaotzyv активен, последний пост: 2025-04-12 15:33:06+00:00, интервал: 60 сек
2025-04-13 02:21:55,209 - INFO - bot.config - Канал https://t.me/gives_ozon_wb активен, последний пост: 2025-04-12 17:46:11+00:00, интервал: 60 сек
2025-04-13 02:21:55,797 - INFO - bot.config - Канал https://t.me/cashforfeedback активен, последний пост: 2025-04-11 08:58:09+00:00, интервал: 60 сек
2025-04-13 02:21:56,386 - INFO - bot.config - Канал https://t.me/mani_egg активен, последний пост: 2025-04-12 16:02:00+00:00, интервал: 60 сек
2025-04-13 02:21:56,978 - INFO - bot.config - Канал https://t.me/Otzovik_WB_OZON_TOP активен, последний пост: 2025-04-12 23:21:15+00:00, интервал: 60 сек
2025-04-13 02:21:57,570 - INFO - bot.config - Канал https://t.me/keshbek9 активен, последний пост: 2025-04-12 23:00:06+00:00, интервал: 60 сек
2025-04-13 02:21:58,157 - INFO - bot.config - Канал https://t.me/cashbekwbozon активен, последний пост: 2025-04-12 16:05:11+00:00, интервал: 60 сек
2025-04-13 02:21:58,750 - INFO - bot.config - Канал https://t.me/tovar_za_otz активен, последний пост: 2025-04-12 18:51:00+00:00, интервал: 60 сек
2025-04-13 02:21:59,350 - INFO - bot.config - Канал https://t.me/skidki_za_otzivi активен, последний пост: 2025-04-12 21:49:51+00:00, интервал: 60 сек
2025-04-13 02:21:59,944 - INFO - bot.config - Канал https://t.me/cashbacknutie активен, последний пост: 2025-04-12 18:21:47+00:00, интервал: 60 сек
2025-04-13 02:22:00,532 - INFO - bot.config - Канал https://t.me/HalyavaWildberriess активен, последний пост: 2025-04-11 19:16:25+00:00, интервал: 60 сек
2025-04-13 02:22:01,123 - INFO - bot.config - Канал https://t.me/keshmania активен, последний пост: 2025-04-12 22:45:09+00:00, интервал: 60 сек
2025-04-13 02:22:01,710 - INFO - bot.config - Канал https://t.me/Wildberries1cashback неактивен 15 дней, интервал: 360 сек
2025-04-13 02:22:02,335 - INFO - bot.config - Канал https://t.me/cachbeck неактивен 45 дней, интервал: 360 сек
2025-04-13 02:22:02,923 - INFO - bot.config - Канал https://t.me/tovar_za_otzivi_wb_ozon активен, последний пост: 2025-04-12 17:38:15+00:00, интервал: 60 сек
2025-04-13 02:22:03,518 - INFO - bot.config - Канал https://t.me/cashback77777 активен, последний пост: 2025-04-12 20:59:11+00:00, интервал: 60 сек
2025-04-13 02:22:04,118 - INFO - bot.config - Канал https://t.me/razdahatovarov активен, последний пост: 2025-04-12 19:02:32+00:00, интервал: 60 сек
2025-04-13 02:22:04,714 - INFO - bot.config - Канал https://t.me/wbozon_razdachi неактивен 60 дней, интервал: 360 сек
2025-04-13 02:22:05,308 - INFO - bot.config - Канал https://t.me/wbskidka2023 активен, последний пост: 2025-04-11 18:33:49+00:00, интервал: 60 сек
2025-04-13 02:22:05,896 - INFO - bot.config - Канал https://t.me/wHvKsxJzQU0NjVi активен, последний пост: 2025-04-12 23:15:44+00:00, интервал: 60 сек
2025-04-13 02:22:06,497 - INFO - bot.config - Канал -1002404189771 неактивен 16 дней, интервал: 360 сек
2025-04-13 02:22:07,092 - INFO - bot.config - Канал https://t.me/wb_kesh100 активен, последний пост: 2025-04-12 06:03:14+00:00, интервал: 60 сек
2025-04-13 02:22:07,686 - INFO - bot.config - Канал https://t.me/WB_OZON_100_cashback активен, последний пост: 2025-04-12 21:54:03+00:00, интервал: 60 сек
2025-04-13 02:22:08,274 - INFO - bot.config - Канал https://t.me/bookshaloba активен, последний пост: 2025-04-12 23:19:37+00:00, интервал: 60 сек
2025-04-13 02:22:08,899 - INFO - bot.config - Канал https://t.me/wilderries_free активен, последний пост: 2025-04-12 17:34:23+00:00, интервал: 60 сек
2025-04-13 02:22:09,554 - INFO - bot.config - Канал https://t.me/cashbackWBOZ активен, последний пост: 2025-04-12 23:19:59+00:00, интервал: 60 сек
2025-04-13 02:22:10,153 - INFO - bot.config - Канал https://t.me/tovari_waldberries активен, последний пост: 2025-04-12 21:23:05+00:00, интервал: 60 сек
2025-04-13 02:22:10,747 - INFO - bot.config - Канал https://t.me/tovariWB_po_sebestoimosti неактивен 7 дней, интервал: 360 сек
2025-04-13 02:22:11,346 - INFO - bot.config - Канал https://t.me/razdachaWB2 неактивен 91 дней, интервал: 360 сек
2025-04-13 02:22:11,935 - INFO - bot.config - Канал https://t.me/cashzaotzyv активен, последний пост: 2025-04-12 23:21:04+00:00, интервал: 60 сек
2025-04-13 02:22:12,538 - INFO - bot.config - Канал https://t.me/otzev_go активен, последний пост: 2025-04-12 12:21:30+00:00, интервал: 60 сек
2025-04-13 02:22:13,143 - INFO - bot.config - Канал https://t.me/tovarzaotziv активен, последний пост: 2025-04-12 18:10:46+00:00, интервал: 60 сек
2025-04-13 02:22:13,746 - INFO - bot.config - Канал https://t.me/skidkology активен, последний пост: 2025-04-12 19:01:59+00:00, интервал: 60 сек
2025-04-13 02:22:14,415 - INFO - bot.config - Канал https://t.me/tvoy_cashbek активен, последний пост: 2025-04-12 15:00:02+00:00, интервал: 60 сек
2025-04-13 02:22:15,087 - INFO - bot.config - Канал https://t.me/vykup5 активен, последний пост: 2025-04-12 23:20:29+00:00, интервал: 60 сек
2025-04-13 02:22:15,751 - INFO - bot.config - Канал https://t.me/father_cashback активен, последний пост: 2025-04-12 17:02:05+00:00, интервал: 60 сек
2025-04-13 02:22:16,391 - INFO - bot.config - Канал https://t.me/VBBUKOP активен, последний пост: 2025-04-12 20:00:27+00:00, интервал: 60 сек
2025-04-13 02:22:16,995 - INFO - bot.config - Канал https://t.me/cashback_wb_ozo активен, последний пост: 2025-04-12 21:40:27+00:00, интервал: 60 сек
2025-04-13 02:22:17,596 - INFO - bot.config - Канал https://t.me/vykup2 активен, последний пост: 2025-04-12 19:02:44+00:00, интервал: 60 сек
2025-04-13 02:22:18,189 - INFO - bot.config - Канал https://t.me/reclamawbozonya активен, последний пост: 2025-04-12 18:09:02+00:00, интервал: 60 сек
2025-04-13 02:22:18,795 - INFO - bot.config - Канал https://t.me/madiko431 активен, последний пост: 2025-04-12 08:22:55+00:00, интервал: 60 сек
2025-04-13 02:22:19,394 - INFO - bot.config - Канал https://t.me/tovarzakashbackwbozonn активен, последний пост: 2025-04-12 23:10:37+00:00, интервал: 60 сек
2025-04-13 02:22:19,984 - INFO - bot.config - Канал https://t.me/razdacha_za_otziv активен, последний пост: 2025-04-12 18:01:54+00:00, интервал: 60 сек
2025-04-13 02:22:20,574 - INFO - bot.config - Канал https://t.me/cashback_wb_and_ozonn активен, последний пост: 2025-04-12 17:09:05+00:00, интервал: 60 сек
2025-04-13 02:22:21,170 - INFO - bot.config - Канал https://t.me/wbrazdachi активен, последний пост: 2025-04-11 16:03:01+00:00, интервал: 60 сек
2025-04-13 02:22:21,783 - INFO - bot.config - Канал https://t.me/keshbekiwboz активен, последний пост: 2025-04-12 22:54:45+00:00, интервал: 60 сек
2025-04-13 02:22:22,377 - INFO - bot.config - Канал https://t.me/vukypi активен, последний пост: 2025-04-12 20:00:08+00:00, интервал: 60 сек
2025-04-13 02:22:22,967 - INFO - bot.config - Канал https://t.me/supertovariwb1 активен, последний пост: 2025-04-12 23:09:41+00:00, интервал: 60 сек
2025-04-13 02:22:23,553 - INFO - bot.config - Канал https://t.me/wb_oz_cashback активен, последний пост: 2025-04-12 22:42:56+00:00, интервал: 60 сек
2025-04-13 02:22:45,355 - INFO - bot.config - Канал https://t.me/cashbackLiza активен, последний пост: 2025-04-12 17:07:13+00:00, интервал: 60 сек
2025-04-13 02:22:45,957 - INFO - bot.config - Канал https://t.me/best_kosmetics активен, последний пост: 2025-04-10 10:01:58+00:00, интервал: 60 сек
2025-04-13 02:22:46,585 - INFO - bot.config - Канал https://t.me/vykup_keshbek6 активен, последний пост: 2025-04-12 19:20:06+00:00, интервал: 60 сек
2025-04-13 02:22:47,093 - WARNING - bot.utils.channel_utils - Приватная ссылка на канал не поддерживается напрямую: +FkVWNsfMjJFjOWQ6
2025-04-13 02:22:47,093 - WARNING - bot.config - Не удалось получить сущность для канала https://t.me/+FkVWNsfMjJFjOWQ6, пропускаем
2025-04-13 02:22:47,096 - INFO - bot.config - Инициализация: получение ID последних сообщений
2025-04-13 02:22:47,097 - INFO - bot.utils.channel_utils - Загружено 194 каналов из файла sources.txt
2025-04-13 02:22:47,183 - INFO - bot.config - Канал https://t.me/tovar_waldberries: последнее сообщение ID = 64489, дата = 2025-04-12 21:23:05+00:00
2025-04-13 02:22:47,269 - INFO - bot.config - Канал https://t.me/walrus_best_cashbacks: последнее сообщение ID = 6941, дата = 2025-04-12 16:10:11+00:00
2025-04-13 02:22:47,397 - INFO - bot.config - Канал https://t.me/bestsellerpack: последнее сообщение ID = 44422, дата = 2025-04-12 23:20:08+00:00
2025-04-13 02:22:47,582 - INFO - bot.config - Канал https://t.me/grcashback: последнее сообщение ID = 7110, дата = 2025-04-10 13:00:04+00:00
2025-04-13 02:22:47,715 - INFO - bot.config - Канал https://t.me/vykupiwbozon: последнее сообщение ID = 234191, дата = 2025-04-12 22:46:43+00:00
2025-04-13 02:22:47,846 - INFO - bot.config - Канал https://t.me/wb_ozon_start: последнее сообщение ID = 476062, дата = 2025-04-12 20:00:10+00:00
2025-04-13 02:22:47,939 - INFO - bot.config - Канал https://t.me/discounts_on_marketplaces: последнее сообщение ID = 4620, дата = 2025-04-11 16:25:07+00:00
2025-04-13 02:22:48,035 - INFO - bot.config - Канал https://t.me/HAXODKI_PAZDACHI: последнее сообщение ID = 5308, дата = 2025-04-12 21:11:40+00:00
2025-04-13 02:22:48,126 - INFO - bot.config - Канал https://t.me/discountforthewholeseason69: последнее сообщение ID = 1112, дата = 2025-04-11 11:28:39+00:00
2025-04-13 02:22:48,215 - INFO - bot.config - Канал https://t.me/vJa3xvKmH9AxNzgy: последнее сообщение ID = 267, дата = 2025-01-22 16:07:58+00:00
2025-04-13 02:22:48,298 - INFO - bot.config - Канал https://t.me/razdazhawbozon: последнее сообщение ID = 213115, дата = 2025-04-12 23:20:02+00:00
2025-04-13 02:22:48,383 - INFO - bot.config - Канал https://t.me/svwboz: последнее сообщение ID = 2, дата = 2025-02-24 10:51:24+00:00
2025-04-13 02:22:48,476 - INFO - bot.config - Канал https://t.me/razdazhawbozon2: последнее сообщение ID = 3308, дата = 2025-04-12 18:34:41+00:00
2025-04-13 02:22:48,561 - INFO - bot.config - Канал https://t.me/black_cashbacks2: последнее сообщение ID = 111042, дата = 2025-04-12 22:07:30+00:00
2025-04-13 02:22:48,710 - INFO - bot.config - Канал https://t.me/tovar_za_kesh1: последнее сообщение ID = 362, дата = 2025-04-10 18:17:32+00:00
2025-04-13 02:22:48,807 - INFO - bot.config - Канал https://t.me/jurello_youlove: последнее сообщение ID = 2999, дата = 2025-04-10 09:52:35+00:00
2025-04-13 02:22:48,912 - INFO - bot.config - Канал https://t.me/wildberrieskesh: последнее сообщение ID = 9645, дата = 2025-04-12 12:05:36+00:00
2025-04-13 02:22:49,066 - INFO - bot.config - Канал https://t.me/razdachi_keshbek: последнее сообщение ID = 53226, дата = 2025-04-12 22:44:49+00:00
2025-04-13 02:22:49,355 - INFO - bot.config - Канал https://t.me/wildberries_cash_back: последнее сообщение ID = 138457, дата = 2025-04-12 23:20:50+00:00
2025-04-13 02:22:49,623 - INFO - bot.config - Канал https://t.me/wbozonkesh70100: последнее сообщение ID = 9087, дата = 2025-04-12 17:33:04+00:00
2025-04-13 02:22:49,724 - INFO - bot.config - Канал https://t.me/item_for_rewiew: последнее сообщение ID = 22413, дата = 2025-04-10 17:02:57+00:00
2025-04-13 02:22:49,810 - INFO - bot.config - Канал https://t.me/CASH_Trash1000: последнее сообщение ID = 8399, дата = 2025-04-11 17:01:49+00:00
2025-04-13 02:22:49,896 - INFO - bot.config - Канал https://t.me/BLVDvikupay: последнее сообщение ID = 138344, дата = 2025-04-12 21:14:06+00:00
2025-04-13 02:22:49,980 - INFO - bot.config - Канал https://t.me/razdachawbozon: последнее сообщение ID = 1, дата = 2025-03-17 07:03:22+00:00
2025-04-13 02:22:50,068 - INFO - bot.config - Канал https://t.me/mpforcashback: последнее сообщение ID = 30599, дата = 2025-03-03 11:00:36+00:00
2025-04-13 02:22:50,152 - INFO - bot.config - Канал https://t.me/CashikWB: последнее сообщение ID = 13552, дата = 2025-04-12 17:45:15+00:00
2025-04-13 02:22:50,152 - WARNING - bot.utils.channel_utils - Приватная ссылка на канал не поддерживается напрямую: +yOKXb9ugkVVhNDMy
2025-04-13 02:22:50,153 - WARNING - bot.config - Не удалось получить entity для канала https://t.me/+yOKXb9ugkVVhNDMy, пропускаем
2025-04-13 02:22:50,239 - INFO - bot.config - Канал https://t.me/backcashwb: последнее сообщение ID = 6322, дата = 2025-04-12 07:01:43+00:00
2025-04-13 02:22:50,325 - INFO - bot.config - Канал https://t.me/cashback_cherny_spisok: последнее сообщение ID = 98795, дата = 2025-04-12 23:01:26+00:00
2025-04-13 02:22:50,410 - INFO - bot.config - Канал https://t.me/dis_navigator: последнее сообщение ID = 4, дата = 2025-02-07 16:36:43+00:00
2025-04-13 02:22:50,496 - INFO - bot.config - Канал https://t.me/Cashback_WB_OZON_2024: последнее сообщение ID = 11198, дата = 2025-04-12 20:59:10+00:00
2025-04-13 02:22:50,578 - INFO - bot.config - Канал https://t.me/zayachya_lapkaa: последнее сообщение ID = 54458, дата = 2025-04-12 21:00:42+00:00
2025-04-13 02:22:50,667 - INFO - bot.config - Канал https://t.me/sharovik_wb: последнее сообщение ID = 28072, дата = 2025-04-12 18:05:09+00:00
2025-04-13 02:22:50,789 - INFO - bot.config - Канал https://t.me/wb_saleobzor: последнее сообщение ID = 239426, дата = 2025-04-11 18:05:07+00:00
2025-04-13 02:22:50,873 - INFO - bot.config - Канал https://t.me/zayka_nevinoven: последнее сообщение ID = 15569, дата = 2025-04-12 23:11:10+00:00
2025-04-13 02:22:50,960 - INFO - bot.config - Канал https://t.me/super_cash_back: последнее сообщение ID = 9546, дата = 2025-04-12 12:20:04+00:00
2025-04-13 02:22:51,044 - INFO - bot.config - Канал https://t.me/tovary_za_otzyvyy: последнее сообщение ID = 12786, дата = 2025-04-12 19:49:16+00:00
2025-04-13 02:22:51,129 - INFO - bot.config - Канал https://t.me/cashback100only: последнее сообщение ID = 2824, дата = 2025-04-12 18:07:11+00:00
2025-04-13 02:22:51,215 - INFO - bot.config - Канал https://t.me/WOzonWb: последнее сообщение ID = 4964, дата = 2024-12-02 07:47:11+00:00
2025-04-13 02:22:51,303 - INFO - bot.config - Канал https://t.me/WB_OZON_for_Kidss: последнее сообщение ID = 7041, дата = 2025-04-12 21:18:48+00:00
2025-04-13 02:22:51,387 - INFO - bot.config - Канал https://t.me/cashback_za_tovar: последнее сообщение ID = 8868, дата = 2025-04-12 17:09:05+00:00
2025-04-13 02:22:51,473 - INFO - bot.config - Канал https://t.me/baraholka_wilberries: последнее сообщение ID = 21314, дата = 2025-04-12 18:49:02+00:00
2025-04-13 02:22:51,558 - INFO - bot.config - Канал https://t.me/cashbackonwb: последнее сообщение ID = 127880, дата = 2025-04-12 17:00:33+00:00
2025-04-13 02:22:51,647 - INFO - bot.config - Канал https://t.me/razdachirosee: последнее сообщение ID = 2489, дата = 2025-04-12 17:22:18+00:00
2025-04-13 02:22:51,732 - INFO - bot.config - Канал https://t.me/shtrihkodhalyavy: последнее сообщение ID = 5275, дата = 2025-04-12 16:59:09+00:00
2025-04-13 02:22:51,817 - INFO - bot.config - Канал https://t.me/keshanytiigus: последнее сообщение ID = 5, дата = 2025-03-03 09:33:33+00:00
2025-04-13 02:22:51,834 - INFO - bot.utils.monitoring - Отправлено уведомление о критической ошибке администратору 5304440647
2025-04-13 02:22:51,911 - INFO - bot.config - Канал https://t.me/otzivi_wb_ozon: последнее сообщение ID = 409969, дата = 2025-04-12 20:30:06+00:00
2025-04-13 02:22:51,994 - INFO - bot.config - Канал https://t.me/halyava_za_otziv: последнее сообщение ID = 28065, дата = 2025-04-12 16:57:51+00:00
2025-04-13 02:22:52,094 - INFO - bot.config - Канал https://t.me/aukzzionrazdach: последнее сообщение ID = 19621, дата = 2025-04-12 17:55:49+00:00
2025-04-13 02:22:52,185 - INFO - bot.config - Канал https://t.me/wb_ozon_saless: последнее сообщение ID = 20292, дата = 2025-04-12 18:00:04+00:00
2025-04-13 02:22:52,268 - INFO - bot.config - Канал https://t.me/onereklamatovara: последнее сообщение ID = 430663, дата = 2025-04-12 22:15:57+00:00
2025-04-13 02:22:52,269 - WARNING - bot.utils.channel_utils - Приватная ссылка на канал не поддерживается напрямую: +xgtGB-MZBAVlOTZi
2025-04-13 02:22:52,269 - WARNING - bot.config - Не удалось получить entity для канала https://t.me/+xgtGB-MZBAVlOTZi, пропускаем
2025-04-13 02:22:52,308 - ERROR - bot.utils.channel_utils - Не удалось получить сущность для канала wbozoncashbackyou: No user has "wbozoncashbackyou" as username
2025-04-13 02:22:52,308 - WARNING - bot.config - Не удалось получить entity для канала https://t.me/wbozoncashbackyou, пропускаем
2025-04-13 02:22:52,392 - INFO - bot.config - Канал https://t.me/moshenniki_wildberries_wb: последнее сообщение ID = 124462, дата = 2025-04-12 23:22:21+00:00
2025-04-13 02:22:52,475 - INFO - bot.config - Канал https://t.me/chatstopmosh: последнее сообщение ID = 7750, дата = 2025-04-09 18:17:37+00:00
2025-04-13 02:22:52,561 - INFO - bot.config - Канал https://t.me/za5zvezd: последнее сообщение ID = 350740, дата = 2025-04-12 20:38:22+00:00
2025-04-13 02:22:52,646 - INFO - bot.config - Канал https://t.me/marketplacehot: последнее сообщение ID = 18311, дата = 2025-04-12 21:18:47+00:00
2025-04-13 02:22:52,732 - INFO - bot.config - Канал https://t.me/wbozoncash1: последнее сообщение ID = 410863, дата = 2025-04-12 18:00:18+00:00
2025-04-13 02:22:52,817 - INFO - bot.config - Канал https://t.me/wb_ozonavito: последнее сообщение ID = 175374, дата = 2025-04-12 23:20:01+00:00
2025-04-13 02:22:52,901 - INFO - bot.config - Канал https://t.me/topprodajizdec: последнее сообщение ID = 46927, дата = 2025-04-12 18:27:02+00:00
2025-04-13 02:23:16,067 - INFO - bot.config - Канал https://t.me/uletnuicashback: последнее сообщение ID = 536, дата = 2025-04-11 18:26:59+00:00
2025-04-13 02:23:16,241 - INFO - bot.config - Канал https://t.me/top_sale_wildberries: последнее сообщение ID = 27879, дата = 2025-04-12 15:02:20+00:00
2025-04-13 02:23:16,328 - INFO - bot.config - Канал https://t.me/cash_wb_and_ozon: последнее сообщение ID = 50920, дата = 2025-04-12 17:09:04+00:00
2025-04-13 02:23:16,411 - INFO - bot.config - Канал https://t.me/collectionskidka: последнее сообщение ID = 8780, дата = 2025-04-12 18:04:18+00:00
2025-04-13 02:23:16,497 - INFO - bot.config - Канал https://t.me/raspakovkacpek: последнее сообщение ID = 604384, дата = 2025-04-12 22:59:06+00:00
2025-04-13 02:23:16,582 - INFO - bot.config - Канал https://t.me/cashbacknamp: последнее сообщение ID = 258212, дата = 2025-04-12 23:06:03+00:00
2025-04-13 02:23:16,677 - INFO - bot.config - Канал https://t.me/xalavshikipromokoda4: последнее сообщение ID = 53411, дата = 2025-04-12 19:00:00+00:00
2025-04-13 02:23:16,765 - INFO - bot.config - Канал https://t.me/globalotzivi: последнее сообщение ID = 585698, дата = 2025-04-11 08:00:00+00:00
2025-04-13 02:23:16,915 - INFO - bot.config - Канал https://t.me/besplatnowb: последнее сообщение ID = 33997, дата = 2025-04-12 17:30:00+00:00
2025-04-13 02:23:17,001 - INFO - bot.config - Канал https://t.me/onlyhitcash100: последнее сообщение ID = 14203, дата = 2025-04-09 12:59:21+00:00
2025-04-13 02:23:17,086 - INFO - bot.config - Канал https://t.me/lovtsy_skidok: последнее сообщение ID = 10975, дата = 2025-04-12 20:05:20+00:00
2025-04-13 02:23:17,265 - INFO - bot.config - Канал https://t.me/tovar_za_otziv2: последнее сообщение ID = 10444, дата = 2025-03-24 13:27:58+00:00
2025-04-13 02:23:17,481 - INFO - bot.config - Канал https://t.me/best_wb_sale: последнее сообщение ID = 38810, дата = 2025-04-12 16:50:00+00:00
2025-04-13 02:23:17,646 - INFO - bot.config - Канал https://t.me/tingresscahback: последнее сообщение ID = 420, дата = 2025-04-05 11:44:00+00:00
2025-04-13 02:23:17,804 - INFO - bot.config - Канал https://t.me/Products_for_review: последнее сообщение ID = 22840, дата = 2025-04-12 19:00:05+00:00
2025-04-13 02:23:17,981 - INFO - bot.config - Канал https://t.me/cashback_wbozon: последнее сообщение ID = 1550, дата = 2025-03-25 05:58:00+00:00
2025-04-13 02:23:18,073 - INFO - bot.config - Канал https://t.me/wildberries_top_YSMP: последнее сообщение ID = 42526, дата = 2025-04-12 14:22:45+00:00
2025-04-13 02:23:18,175 - INFO - bot.config - Канал https://t.me/OzonWbSales: последнее сообщение ID = 437635, дата = 2025-04-12 20:06:19+00:00
2025-04-13 02:23:18,352 - INFO - bot.config - Канал https://t.me/keshbek_za_otziv: последнее сообщение ID = 6542, дата = 2025-04-12 19:11:41+00:00
2025-04-13 02:23:18,475 - INFO - bot.config - Канал https://t.me/wbozonkesh: последнее сообщение ID = 13289, дата = 2025-04-12 17:04:43+00:00
2025-04-13 02:23:18,580 - ERROR - bot.utils.channel_utils - Не удалось получить сущность для канала cashbackpro100: No user has "cashbackpro100" as username
2025-04-13 02:23:18,580 - WARNING - bot.config - Не удалось получить entity для канала https://t.me/cashbackpro100, пропускаем
2025-04-13 02:23:18,698 - INFO - bot.config - Канал https://t.me/vikup_cashback: последнее сообщение ID = 7680, дата = 2025-04-08 20:59:11+00:00
2025-04-13 02:23:18,740 - ERROR - bot.utils.channel_utils - Не удалось получить сущность для канала cashback_WBiOzon: No user has "cashback_wbiozon" as username
2025-04-13 02:23:18,740 - WARNING - bot.config - Не удалось получить entity для канала https://t.me/cashback_WBiOzon, пропускаем
2025-04-13 02:23:18,786 - ERROR - bot.utils.channel_utils - Не удалось получить сущность для канала zona_raspakovku: No user has "zona_raspakovku" as username
2025-04-13 02:23:18,786 - WARNING - bot.config - Не удалось получить entity для канала https://t.me/zona_raspakovku, пропускаем
2025-04-13 02:23:18,881 - INFO - bot.config - Канал https://t.me/wb_ozon_skidki_rasprodazha: последнее сообщение ID = 41543, дата = 2025-04-12 16:50:00+00:00
2025-04-13 02:23:18,981 - INFO - bot.config - Канал https://t.me/razdachaottani: последнее сообщение ID = 13972, дата = 2025-04-12 15:14:04+00:00
2025-04-13 02:23:18,981 - WARNING - bot.utils.channel_utils - Приватная ссылка на канал не поддерживается напрямую: +lo9c0teJQrNiNzk6
2025-04-13 02:23:18,982 - WARNING - bot.config - Не удалось получить entity для канала https://t.me/+lo9c0teJQrNiNzk6, пропускаем
2025-04-13 02:23:19,097 - INFO - bot.config - Канал https://t.me/keshbek_za_otzyv: последнее сообщение ID = 97660, дата = 2025-04-11 09:26:29+00:00
2025-04-13 02:23:19,207 - INFO - bot.config - Канал https://t.me/mani_egg2: последнее сообщение ID = 1505, дата = 2025-04-12 16:13:38+00:00
2025-04-13 02:23:19,336 - INFO - bot.config - Канал https://t.me/stop_moshennik_wb_ozon: последнее сообщение ID = 55425, дата = 2025-04-12 22:42:03+00:00
2025-04-13 02:23:19,422 - INFO - bot.config - Канал https://t.me/kashartfamily: последнее сообщение ID = 346, дата = 2025-04-11 12:17:59+00:00
2025-04-13 02:23:19,508 - INFO - bot.config - Канал https://t.me/LussiaK: последнее сообщение ID = 406725, дата = 2025-04-12 23:10:42+00:00
2025-04-13 02:23:19,600 - INFO - bot.config - Канал https://t.me/tovarotzuv: последнее сообщение ID = 817354, дата = 2025-04-12 23:19:20+00:00
2025-04-13 02:23:19,600 - WARNING - bot.utils.channel_utils - Приватная ссылка на канал не поддерживается напрямую: +St2-cQONIA9lZjA6
2025-04-13 02:23:19,600 - WARNING - bot.config - Не удалось получить entity для канала https://t.me/+St2-cQONIA9lZjA6, пропускаем
2025-04-13 02:23:19,736 - INFO - bot.config - Канал https://t.me/wbpizdec: последнее сообщение ID = 1, дата = 2025-01-18 10:47:16+00:00
2025-04-13 02:23:19,830 - INFO - bot.config - Канал https://t.me/supertovariwb: последнее сообщение ID = 22634, дата = 2025-04-12 19:30:45+00:00
2025-04-13 02:23:19,919 - INFO - bot.config - Канал https://t.me/yagoda_xalava: последнее сообщение ID = 12789, дата = 2025-04-12 21:12:45+00:00
2025-04-13 02:23:20,006 - INFO - bot.config - Канал https://t.me/onlinehitkids: последнее сообщение ID = 16756, дата = 2025-04-12 18:34:44+00:00
2025-04-13 02:23:20,058 - ERROR - bot.utils.channel_utils - Не удалось получить сущность для канала wb_cashback_sales: No user has "wb_cashback_sales" as username
2025-04-13 02:23:20,058 - WARNING - bot.config - Не удалось получить entity для канала https://t.me/wb_cashback_sales, пропускаем
2025-04-13 02:23:20,163 - INFO - bot.config - Канал https://t.me/ceshbek_wb: последнее сообщение ID = 464202, дата = 2025-04-12 23:20:26+00:00
2025-04-13 02:23:20,256 - INFO - bot.config - Канал https://t.me/keshbekcs: последнее сообщение ID = 806, дата = 2025-04-04 20:24:02+00:00
2025-04-13 02:23:20,257 - WARNING - bot.utils.channel_utils - Приватная ссылка на канал не поддерживается напрямую: +I7fWHohKZ84zYWRi
2025-04-13 02:23:20,257 - WARNING - bot.config - Не удалось получить entity для канала https://t.me/+I7fWHohKZ84zYWRi, пропускаем
2025-04-13 02:23:20,344 - INFO - bot.config - Канал https://t.me/chestnyreiting: последнее сообщение ID = 5179, дата = 2025-04-12 17:41:31+00:00
2025-04-13 02:23:20,383 - ERROR - bot.utils.channel_utils - Не удалось получить сущность для канала razdachawbozoncashback: No user has "razdachawbozoncashback" as username
2025-04-13 02:23:20,383 - WARNING - bot.config - Не удалось получить entity для канала https://t.me/razdachawbozoncashback, пропускаем
2025-04-13 02:23:20,469 - INFO - bot.config - Канал https://t.me/keshbek_za_otzyv_lovi: последнее сообщение ID = 225695, дата = 2025-04-12 19:00:00+00:00
2025-04-13 02:23:20,508 - ERROR - bot.utils.channel_utils - Не удалось получить сущность для канала produkty_vykup: No user has "produkty_vykup" as username
2025-04-13 02:23:20,508 - WARNING - bot.config - Не удалось получить entity для канала https://t.me/produkty_vykup, пропускаем
2025-04-13 02:23:20,624 - INFO - bot.config - Канал https://t.me/wbcashback_go: последнее сообщение ID = 3202, дата = 2025-04-11 13:38:01+00:00
2025-04-13 02:23:20,624 - WARNING - bot.utils.channel_utils - Приватная ссылка на канал не поддерживается напрямую: +Vwzt0Wl3ahllMDI6
2025-04-13 02:23:20,625 - WARNING - bot.config - Не удалось получить entity для канала https://t.me/+Vwzt0Wl3ahllMDI6, пропускаем
2025-04-13 02:23:20,625 - WARNING - bot.utils.channel_utils - Приватная ссылка на канал не поддерживается напрямую: +QeewdGww_go2YTYy
2025-04-13 02:23:20,625 - WARNING - bot.config - Не удалось получить entity для канала https://t.me/+QeewdGww_go2YTYy, пропускаем
2025-04-13 02:23:20,800 - INFO - bot.config - Канал https://t.me/HALYAVASR1: последнее сообщение ID = 6410, дата = 2025-04-12 16:38:29+00:00
2025-04-13 02:23:20,918 - INFO - bot.config - Канал https://t.me/otzyv_cashback: последнее сообщение ID = 8955, дата = 2025-04-12 14:00:04+00:00
2025-04-13 02:23:20,918 - WARNING - bot.utils.channel_utils - Приватная ссылка на канал не поддерживается напрямую: +i8MathZcizEwMmVi
2025-04-13 02:23:20,919 - WARNING - bot.config - Не удалось получить entity для канала https://t.me/+i8MathZcizEwMmVi, пропускаем
2025-04-13 02:23:20,964 - ERROR - bot.utils.channel_utils - Не удалось получить сущность для канала cashback_halyva: No user has "cashback_halyva" as username
2025-04-13 02:23:20,964 - WARNING - bot.config - Не удалось получить entity для канала https://t.me/cashback_halyva, пропускаем
2025-04-13 02:23:21,050 - INFO - bot.config - Канал https://t.me/cashbackitoshka2023: последнее сообщение ID = 16985, дата = 2025-04-12 20:59:11+00:00
2025-04-13 02:23:21,154 - INFO - bot.config - Канал https://t.me/keshbek7: последнее сообщение ID = 3389, дата = 2025-04-12 13:01:03+00:00
2025-04-13 02:23:21,312 - INFO - bot.config - Канал https://t.me/online_hit_cashback: последнее сообщение ID = 14700, дата = 2025-04-12 18:32:51+00:00
2025-04-13 02:23:21,466 - INFO - bot.config - Канал https://t.me/WBOZONBESPLATNO100: последнее сообщение ID = 9046, дата = 2025-04-12 19:22:39+00:00
2025-04-13 02:23:21,467 - WARNING - bot.utils.channel_utils - Приватная ссылка на канал не поддерживается напрямую: +u-89-NYsWnozMDZi
2025-04-13 02:23:21,467 - WARNING - bot.config - Не удалось получить entity для канала https://t.me/+u-89-NYsWnozMDZi, пропускаем
2025-04-13 02:23:21,573 - INFO - bot.config - Канал https://t.me/tovar_za_otzyv_vykup_cashback: последнее сообщение ID = 18415, дата = 2025-04-12 16:00:02+00:00
2025-04-13 02:23:21,613 - ERROR - bot.utils.channel_utils - Не удалось получить сущность для канала cashbundi: No user has "cashbundi" as username
2025-04-13 02:23:21,613 - WARNING - bot.config - Не удалось получить entity для канала https://t.me/cashbundi, пропускаем
2025-04-13 02:23:21,699 - INFO - bot.config - Канал https://t.me/keshanytiigoose: последнее сообщение ID = 61653, дата = 2025-04-12 23:01:45+00:00
2025-04-13 02:23:21,791 - INFO - bot.config - Канал https://t.me/cashbakzaotzyv: последнее сообщение ID = 2, дата = 2025-01-08 05:11:27+00:00
2025-04-13 02:23:21,877 - INFO - bot.config - Канал https://t.me/cashback_for_5_stars: последнее сообщение ID = 51777, дата = 2025-04-12 19:00:06+00:00
2025-04-13 02:23:21,968 - INFO - bot.config - Канал https://t.me/keshbek_za_otzyv_WB: последнее сообщение ID = 78391, дата = 2025-04-02 11:34:41+00:00
2025-04-13 02:23:22,053 - INFO - bot.config - Канал https://t.me/ozonwbandsale: последнее сообщение ID = 1339, дата = 2025-04-12 15:02:34+00:00
2025-04-13 02:23:22,153 - INFO - bot.config - Канал https://t.me/cashbacksv: последнее сообщение ID = 74010, дата = 2025-04-12 16:33:44+00:00
2025-04-13 02:23:22,201 - ERROR - bot.utils.channel_utils - Не удалось получить сущность для канала samovikupibesplatno: No user has "samovikupibesplatno" as username
2025-04-13 02:23:22,202 - WARNING - bot.config - Не удалось получить entity для канала https://t.me/samovikupibesplatno, пропускаем
2025-04-13 02:23:22,340 - INFO - bot.config - Канал https://t.me/Childrens_cashback: последнее сообщение ID = 5602, дата = 2025-04-12 19:26:44+00:00
2025-04-13 02:23:22,505 - INFO - bot.config - Канал https://t.me/salenawb: последнее сообщение ID = 8933, дата = 2025-04-12 17:24:16+00:00
2025-04-13 02:23:22,823 - INFO - bot.config - Канал https://t.me/vikup_razdacha_kashback: последнее сообщение ID = 22072, дата = 2025-04-12 18:20:08+00:00
2025-04-13 02:23:23,057 - INFO - bot.config - Канал https://t.me/tovarotzuvi: последнее сообщение ID = 25362, дата = 2025-04-12 19:36:09+00:00
2025-04-13 02:23:23,251 - INFO - bot.config - Канал https://t.me/wbozoncashback01: последнее сообщение ID = 2454, дата = 2025-03-31 14:05:06+00:00
2025-04-13 02:23:23,339 - INFO - bot.config - Канал https://t.me/blacklist_cashback: последнее сообщение ID = 17995, дата = 2025-04-12 22:41:50+00:00
2025-04-13 02:23:23,423 - INFO - bot.config - Канал https://t.me/keshbek_tovar1: последнее сообщение ID = 56281, дата = 2025-04-12 20:15:08+00:00
2025-04-13 02:23:23,517 - INFO - bot.config - Канал https://t.me/Skid_best: последнее сообщение ID = 10839, дата = 2025-04-12 18:07:11+00:00
2025-04-13 02:23:23,607 - INFO - bot.config - Канал https://t.me/otzyvy_cashback: последнее сообщение ID = 529337, дата = 2025-04-12 23:23:06+00:00
2025-04-13 02:23:47,791 - INFO - bot.config - Канал https://t.me/cascbackcity: последнее сообщение ID = 3, дата = 2025-01-30 14:40:12+00:00
2025-04-13 02:23:47,930 - INFO - bot.config - Канал https://t.me/kingssports_tg: последнее сообщение ID = 700, дата = 2025-04-11 07:21:27+00:00
2025-04-13 02:23:48,021 - INFO - bot.config - Канал https://t.me/skidkiwblina: последнее сообщение ID = 70027, дата = 2025-04-12 23:06:58+00:00
2025-04-13 02:23:48,110 - INFO - bot.config - Канал https://t.me/wbzfree: последнее сообщение ID = 19787, дата = 2025-04-11 11:55:49+00:00
2025-04-13 02:23:48,259 - INFO - bot.config - Канал https://t.me/darimzaotzyv: последнее сообщение ID = 3616, дата = 2025-04-12 15:33:06+00:00
2025-04-13 02:23:48,468 - INFO - bot.config - Канал https://t.me/gives_ozon_wb: последнее сообщение ID = 28973, дата = 2025-04-12 17:46:11+00:00
2025-04-13 02:23:48,644 - INFO - bot.config - Канал https://t.me/cashforfeedback: последнее сообщение ID = 2565, дата = 2025-04-11 08:58:09+00:00
2025-04-13 02:23:48,823 - INFO - bot.config - Канал https://t.me/mani_egg: последнее сообщение ID = 3690, дата = 2025-04-12 16:02:00+00:00
2025-04-13 02:23:49,005 - INFO - bot.config - Канал https://t.me/Otzovik_WB_OZON_TOP: последнее сообщение ID = 18767, дата = 2025-04-12 23:23:16+00:00
2025-04-13 02:23:49,142 - INFO - bot.config - Канал https://t.me/keshbek9: последнее сообщение ID = 52133, дата = 2025-04-12 23:00:06+00:00
2025-04-13 02:23:49,304 - INFO - bot.config - Канал https://t.me/cashbekwbozon: последнее сообщение ID = 9030, дата = 2025-04-12 16:05:11+00:00
2025-04-13 02:23:49,540 - INFO - bot.config - Канал https://t.me/tovar_za_otz: последнее сообщение ID = 71, дата = 2025-04-12 18:51:00+00:00
2025-04-13 02:23:49,816 - INFO - bot.config - Канал https://t.me/skidki_za_otzivi: последнее сообщение ID = 32916, дата = 2025-04-12 21:49:51+00:00
2025-04-13 02:23:50,004 - INFO - bot.config - Канал https://t.me/cashbacknutie: последнее сообщение ID = 12939, дата = 2025-04-12 18:21:47+00:00
2025-04-13 02:23:50,117 - INFO - bot.config - Канал https://t.me/HalyavaWildberriess: последнее сообщение ID = 2608, дата = 2025-04-11 19:16:25+00:00
2025-04-13 02:23:50,223 - INFO - bot.config - Канал https://t.me/keshmania: последнее сообщение ID = 81846, дата = 2025-04-12 22:45:09+00:00
2025-04-13 02:23:50,325 - INFO - bot.config - Канал https://t.me/Wildberries1cashback: последнее сообщение ID = 14037, дата = 2025-03-28 16:48:44+00:00
2025-04-13 02:23:50,412 - INFO - bot.config - Канал https://t.me/cachbeck: последнее сообщение ID = 1321, дата = 2025-02-26 20:13:31+00:00
2025-04-13 02:23:50,499 - INFO - bot.config - Канал https://t.me/tovar_za_otzivi_wb_ozon: последнее сообщение ID = 125764, дата = 2025-04-12 17:38:15+00:00
2025-04-13 02:23:50,592 - INFO - bot.config - Канал https://t.me/cashback77777: последнее сообщение ID = 21037, дата = 2025-04-12 20:59:11+00:00
2025-04-13 02:23:50,675 - INFO - bot.config - Канал https://t.me/razdahatovarov: последнее сообщение ID = 2089, дата = 2025-04-12 19:02:32+00:00
2025-04-13 02:23:50,762 - INFO - bot.config - Канал https://t.me/wbozon_razdachi: последнее сообщение ID = 1470, дата = 2025-02-11 13:23:30+00:00
2025-04-13 02:23:50,848 - INFO - bot.config - Канал https://t.me/wbskidka2023: последнее сообщение ID = 8, дата = 2025-04-11 18:33:49+00:00
2025-04-13 02:23:50,951 - INFO - bot.config - Канал https://t.me/wHvKsxJzQU0NjVi: последнее сообщение ID = 117978, дата = 2025-04-12 23:15:44+00:00
2025-04-13 02:23:51,032 - INFO - bot.config - Канал -1002404189771: последнее сообщение ID = 16, дата = 2025-03-26 23:41:43+00:00
2025-04-13 02:23:51,123 - INFO - bot.config - Канал https://t.me/wb_kesh100: последнее сообщение ID = 9639, дата = 2025-04-12 06:03:14+00:00
2025-04-13 02:23:51,205 - INFO - bot.config - Канал https://t.me/WB_OZON_100_cashback: последнее сообщение ID = 101003, дата = 2025-04-12 21:54:03+00:00
2025-04-13 02:23:51,310 - INFO - bot.config - Канал https://t.me/bookshaloba: последнее сообщение ID = 1021573, дата = 2025-04-12 23:19:37+00:00
2025-04-13 02:23:51,452 - INFO - bot.config - Канал https://t.me/wilderries_free: последнее сообщение ID = 8546, дата = 2025-04-12 17:34:23+00:00
2025-04-13 02:23:51,609 - INFO - bot.config - Канал https://t.me/cashbackWBOZ: последнее сообщение ID = 287526, дата = 2025-04-12 23:19:59+00:00
2025-04-13 02:23:51,702 - INFO - bot.config - Канал https://t.me/tovari_waldberries: последнее сообщение ID = 38497, дата = 2025-04-12 21:23:05+00:00
2025-04-13 02:23:51,796 - INFO - bot.config - Канал https://t.me/tovariWB_po_sebestoimosti: последнее сообщение ID = 10359, дата = 2025-04-05 08:04:00+00:00
2025-04-13 02:23:51,809 - INFO - bot.utils.monitoring - Отправлено уведомление о критической ошибке администратору 5304440647
2025-04-13 02:23:51,883 - INFO - bot.config - Канал https://t.me/razdachaWB2: последнее сообщение ID = 2, дата = 2025-01-11 21:50:30+00:00
2025-04-13 02:23:51,968 - INFO - bot.config - Канал https://t.me/cashzaotzyv: последнее сообщение ID = 361578, дата = 2025-04-12 23:23:03+00:00
2025-04-13 02:23:52,053 - INFO - bot.config - Канал https://t.me/otzev_go: последнее сообщение ID = 1665, дата = 2025-04-12 12:21:30+00:00
2025-04-13 02:23:52,148 - INFO - bot.config - Канал https://t.me/tovarzaotziv: последнее сообщение ID = 336537, дата = 2025-04-12 18:10:46+00:00
2025-04-13 02:23:52,246 - INFO - bot.config - Канал https://t.me/skidkology: последнее сообщение ID = 9303, дата = 2025-04-12 19:01:59+00:00
2025-04-13 02:23:52,333 - INFO - bot.config - Канал https://t.me/tvoy_cashbek: последнее сообщение ID = 6780, дата = 2025-04-12 15:00:02+00:00
2025-04-13 02:23:52,416 - INFO - bot.config - Канал https://t.me/vykup5: последнее сообщение ID = 79525, дата = 2025-04-12 23:20:29+00:00
2025-04-13 02:23:52,500 - INFO - bot.config - Канал https://t.me/father_cashback: последнее сообщение ID = 2012, дата = 2025-04-12 17:02:05+00:00
2025-04-13 02:23:52,583 - INFO - bot.config - Канал https://t.me/VBBUKOP: последнее сообщение ID = 93504, дата = 2025-04-12 20:00:27+00:00
2025-04-13 02:23:52,682 - INFO - bot.config - Канал https://t.me/cashback_wb_ozo: последнее сообщение ID = 193358, дата = 2025-04-12 21:40:27+00:00
2025-04-13 02:23:52,771 - INFO - bot.config - Канал https://t.me/vykup2: последнее сообщение ID = 20253, дата = 2025-04-12 19:02:44+00:00
2025-04-13 02:23:52,884 - INFO - bot.config - Канал https://t.me/reclamawbozonya: последнее сообщение ID = 17597, дата = 2025-04-12 18:09:02+00:00
2025-04-13 02:23:52,972 - INFO - bot.config - Канал https://t.me/madiko431: последнее сообщение ID = 7470, дата = 2025-04-12 08:22:55+00:00
2025-04-13 02:23:53,060 - INFO - bot.config - Канал https://t.me/tovarzakashbackwbozonn: последнее сообщение ID = 228055, дата = 2025-04-12 23:10:37+00:00
2025-04-13 02:23:53,156 - INFO - bot.config - Канал https://t.me/razdacha_za_otziv: последнее сообщение ID = 3886, дата = 2025-04-12 18:01:54+00:00
2025-04-13 02:23:53,260 - INFO - bot.config - Канал https://t.me/cashback_wb_and_ozonn: последнее сообщение ID = 6346, дата = 2025-04-12 17:09:05+00:00
2025-04-13 02:23:53,355 - INFO - bot.config - Канал https://t.me/wbrazdachi: последнее сообщение ID = 7234, дата = 2025-04-11 16:03:01+00:00
2025-04-13 02:23:53,450 - INFO - bot.config - Канал https://t.me/keshbekiwboz: последнее сообщение ID = 11746, дата = 2025-04-12 22:54:45+00:00
2025-04-13 02:23:53,534 - INFO - bot.config - Канал https://t.me/vukypi: последнее сообщение ID = 101013, дата = 2025-04-12 20:00:08+00:00
2025-04-13 02:23:53,705 - INFO - bot.config - Канал https://t.me/supertovariwb1: последнее сообщение ID = 117820, дата = 2025-04-12 23:09:41+00:00
2025-04-13 02:23:53,991 - INFO - bot.config - Канал https://t.me/wb_oz_cashback: последнее сообщение ID = 515021, дата = 2025-04-12 23:23:33+00:00
2025-04-13 02:23:54,194 - INFO - bot.config - Канал https://t.me/cashbackLiza: последнее сообщение ID = 12484, дата = 2025-04-12 17:07:13+00:00
2025-04-13 02:23:54,280 - INFO - bot.config - Канал https://t.me/best_kosmetics: последнее сообщение ID = 4342, дата = 2025-04-10 10:01:58+00:00
2025-04-13 02:23:54,365 - INFO - bot.config - Канал https://t.me/vykup_keshbek6: последнее сообщение ID = 52931, дата = 2025-04-12 19:20:06+00:00
2025-04-13 02:23:54,365 - WARNING - bot.utils.channel_utils - Приватная ссылка на канал не поддерживается напрямую: +FkVWNsfMjJFjOWQ6
2025-04-13 02:23:54,365 - WARNING - bot.config - Не удалось получить entity для канала https://t.me/+FkVWNsfMjJFjOWQ6, пропускаем
2025-04-13 02:23:54,368 - INFO - bot.config - Проверка 173 из 173 каналов
2025-04-13 02:25:20,754 - INFO - bot.config - Сообщение из https://t.me/cashbackWBOZ скопировано в -4735415409
2025-04-13 02:25:46,156 - INFO - bot.config - Проверка 150 из 173 каналов
2025-04-13 02:27:30,312 - ERROR - bot.config - Не удалось скачать медиа для сообщения: HTTP Client says - Request timeout error
2025-04-13 02:28:48,002 - INFO - bot.config - Сообщение из https://t.me/otzyvy_cashback скопировано в -4735415409
2025-04-13 02:29:26,473 - INFO - bot.config - Проверка 150 из 173 каналов
2025-04-13 02:29:27,400 - INFO - bot.config - Сообщение из https://t.me/tovar_waldberries скопировано в -4735415409
2025-04-13 02:30:12,685 - INFO - bot.config - Сообщение из https://t.me/tovarotzuv скопировано в -4735415409
2025-04-13 02:30:42,691 - INFO - bot.config - Сообщение из https://t.me/cashbackWBOZ скопировано в -4735415409
2025-04-13 02:31:06,454 - INFO - bot.config - Проверка 173 из 173 каналов
2025-04-13 02:32:19,675 - WARNING - bot.config - Ошибка при проверке dzhils: A wait of 84019 seconds is required (caused by ResolveUsernameRequest)
2025-04-13 02:32:19,675 - WARNING - bot.config - Ошибка при проверке Ruslan98_wb: A wait of 84019 seconds is required (caused by ResolveUsernameRequest)
2025-04-13 02:32:19,676 - ERROR - bot.config - Ошибка копирования в -4735415409: cannot import name 'PollType' from 'aiogram.types' (C:\Python312\Lib\site-packages\aiogram\types\__init__.py)
2025-04-13 02:32:30,608 - WARNING - bot.config - Ошибка при проверке DJ_Duy: A wait of 84008 seconds is required (caused by ResolveUsernameRequest)
2025-04-13 02:32:30,609 - ERROR - bot.config - Ошибка копирования в -4735415409: cannot import name 'PollType' from 'aiogram.types' (C:\Python312\Lib\site-packages\aiogram\types\__init__.py)
2025-04-13 02:32:56,758 - INFO - bot.config - Проверка 150 из 173 каналов
2025-04-13 02:32:57,331 - WARNING - bot.config - Ошибка при проверке ihydrop: A wait of 83981 seconds is required (caused by ResolveUsernameRequest)
2025-04-13 02:32:57,749 - INFO - bot.config - Сообщение из https://t.me/tovar_waldberries скопировано в -4735415409
2025-04-13 02:33:55,780 - INFO - bot.config - Сообщение из https://t.me/otzyvy_cashback скопировано в -4735415409
2025-04-13 02:34:34,032 - INFO - bot.config - Проверка 150 из 173 каналов
2025-04-13 02:34:39,990 - WARNING - bot.config - Ошибка при проверке otvechuwb: A wait of 83879 seconds is required (caused by ResolveUsernameRequest)
2025-04-13 02:34:40,440 - INFO - bot.config - Сообщение из https://t.me/razdazhawbozon скопировано в -4735415409
2025-04-13 02:35:47,749 - INFO - bot.config - Сообщение из https://t.me/cashbackWBOZ скопировано в -4735415409
2025-04-13 02:35:49,164 - INFO - bot.config - Сообщение из https://t.me/cashzaotzyv скопировано в -4735415409
2025-04-13 02:36:11,981 - INFO - bot.config - Проверка 150 из 173 каналов
2025-04-13 02:37:10,435 - WARNING - bot.config - Ошибка при проверке Sofya_Korneva: A wait of 83728 seconds is required (caused by ResolveUsernameRequest)
2025-04-13 02:37:10,832 - INFO - bot.config - Сообщение из https://t.me/otzyvy_cashback скопировано в -4735415409
2025-04-13 02:37:49,206 - INFO - bot.config - Проверка 173 из 173 каналов
2025-04-13 02:38:38,727 - INFO - bot.config - Сообщение из https://t.me/tovarotzuv скопировано в -4735415409
2025-04-13 02:39:38,758 - INFO - bot.config - Проверка 150 из 173 каналов
2025-04-13 02:40:21,700 - WARNING - bot.config - Ошибка при проверке otvechuwb: A wait of 83537 seconds is required (caused by ResolveUsernameRequest)
2025-04-13 02:41:22,302 - ERROR - bot.config - Не удалось скачать медиа для сообщения: HTTP Client says - Request timeout error
2025-04-13 02:41:46,729 - WARNING - bot.config - Ошибка при проверке otvechuwb: A wait of 83452 seconds is required (caused by ResolveUsernameRequest)
2025-04-13 02:41:47,070 - INFO - bot.config - Сообщение из https://t.me/keshmania скопировано в -4735415409
2025-04-13 02:41:52,765 - WARNING - bot.config - Ошибка при проверке dallekks: A wait of 83446 seconds is required (caused by ResolveUsernameRequest)
2025-04-13 02:42:52,005 - INFO - bot.utils.monitoring - Отправлено уведомление о критической ошибке администратору 5304440647
2025-04-13 02:42:53,303 - ERROR - bot.config - Не удалось скачать медиа для сообщения: HTTP Client says - Request timeout error
2025-04-13 02:42:54,492 - WARNING - bot.config - Ошибка при проверке VolkovGordey1: A wait of 83384 seconds is required (caused by ResolveUsernameRequest)
2025-04-13 02:42:54,906 - INFO - bot.config - Сообщение из https://t.me/cashzaotzyv скопировано в -4735415409
2025-04-13 02:43:02,353 - INFO - bot.config - Получен сигнал 2, начинаем грациозное завершение
2025-04-13 02:43:02,353 - INFO - bot.config - Очистка ресурсов парсера...
2025-04-13 02:43:02,355 - INFO - bot.utils.monitoring - Мониторинг работоспособности остановлен
2025-04-13 02:43:02,356 - INFO - bot.config - Задача парсера отменена
2025-04-13 02:43:02,356 - INFO - bot.config - Очистка ресурсов парсера...
2025-04-13 02:43:02,360 - INFO - bot.config - Временная директория C:\Users\micha\AppData\Local\Temp\telethon_media_4sg63ngm удалена
2025-04-13 02:43:02,375 - INFO - bot.config - Соединение с Telegram закрыто
2025-04-13 02:43:02,376 - INFO - bot.config - Временная директория C:\Users\micha\AppData\Local\Temp\telethon_media_4sg63ngm удалена
2025-04-13 02:44:40,279 - INFO - bot.config - Получен сигнал 2, начинаем грациозное завершение
2025-04-13 02:44:40,279 - INFO - bot.config - Очистка ресурсов парсера...
2025-04-13 02:44:40,282 - INFO - bot.config - Временная директория C:\Users\micha\AppData\Local\Temp\telethon_media_4sg63ngm удалена
2025-04-13 02:44:55,620 - INFO - bot.config - Получен сигнал 2, начинаем грациозное завершение
2025-04-13 02:44:55,621 - INFO - bot.config - Очистка ресурсов парсера...
2025-04-13 02:44:55,623 - INFO - bot.config - Временная директория C:\Users\micha\AppData\Local\Temp\telethon_media_4sg63ngm удалена
2025-04-13 02:45:12,569 - INFO - bot.config - Загружена конфигурация из bot\config.json
2025-04-13 02:45:12,570 - INFO - bot.utils.channel_utils - Загружено 194 каналов из файла sources.txt
2025-04-13 02:45:12,570 - INFO - bot.config - Итоговое количество источников: 193
2025-04-13 02:46:51,829 - INFO - bot.config - Загружена конфигурация из bot\config.json
2025-04-13 02:46:51,830 - INFO - bot.utils.channel_utils - Загружено 194 каналов из файла sources.txt
2025-04-13 02:46:51,830 - INFO - bot.config - Итоговое количество источников: 193
2025-04-13 02:46:51,884 - WARNING - bot.config - Не удалось зарегистрировать обработчики сигналов: 
2025-04-13 02:46:51,884 - INFO - bot.config - Используется директория для сессий: sessions
2025-04-13 02:46:51,886 - INFO - bot.config - Проверка прав доступа к sessions пройдена успешно
2025-04-13 02:46:52,222 - INFO - bot.config - Инициализирован бот и диспетчер
2025-04-13 02:46:52,222 - INFO - bot.config - Запуск обработки сообщений ботом
2025-04-13 02:46:55,235 - INFO - bot.config - Бот запущен и готов получать сообщения
2025-04-13 02:46:55,383 - ERROR - bot.config - Отправлено предварительное уведомление администратору 5304440647
2025-04-13 02:46:58,394 - INFO - bot.config - Инициализация парсера Telegram
2025-04-13 02:46:58,394 - CRITICAL - bot.config - Критическая ошибка при запуске: Parser.__init__() missing 4 required positional arguments: 'client', 'storage', 'config', and 'monitor'
2025-04-13 02:46:58,395 - CRITICAL - bot.config - Стек вызовов: Traceback (most recent call last):
  File "C:\Users\micha\Desktop\Projects\parser-bot-1\bot\main.py", line 154, in main
    parser = Parser()
             ^^^^^^^^
TypeError: Parser.__init__() missing 4 required positional arguments: 'client', 'storage', 'config', and 'monitor'

2025-04-13 02:46:58,395 - INFO - bot.config - Получен сигнал завершения, начинаем остановку...
2025-04-13 02:46:58,395 - INFO - bot.config - Закрываем сессию бота...
2025-04-13 02:46:58,396 - INFO - bot.config - Очистка ресурсов парсера...
2025-04-13 02:46:58,661 - INFO - bot.config - Сессия бота закрыта
2025-04-13 02:46:58,661 - INFO - bot.config - Отменяем 3 оставшихся задач...
2025-04-13 02:46:58,662 - INFO - bot.config - Завершение работы...
2025-04-13 02:49:56,998 - INFO - bot.config - Загружена конфигурация из bot\config.json
2025-04-13 02:49:56,999 - INFO - bot.utils.channel_utils - Загружено 194 каналов из файла sources.txt
2025-04-13 02:49:56,999 - INFO - bot.config - Итоговое количество источников: 193
2025-04-13 02:49:57,039 - WARNING - bot.config - Не удалось зарегистрировать обработчики сигналов: 
2025-04-13 02:49:57,040 - INFO - bot.config - Используется директория для сессий: sessions
2025-04-13 02:49:57,041 - INFO - bot.config - Проверка прав доступа к sessions пройдена успешно
2025-04-13 02:49:57,381 - INFO - bot.config - Инициализирован бот и диспетчер
2025-04-13 02:49:57,381 - INFO - bot.config - Запуск обработки сообщений ботом
2025-04-13 02:50:00,393 - INFO - bot.config - Бот запущен и готов получать сообщения
2025-04-13 02:50:00,537 - ERROR - bot.config - Отправлено предварительное уведомление администратору 5304440647
2025-04-13 02:50:03,550 - INFO - bot.data.storage - Состояние загружено из parser_state.json
2025-04-13 02:50:03,550 - INFO - bot.config - Инициализация парсера Telegram
2025-04-13 02:50:03,550 - INFO - bot.config - Парсер инициализирован. Макс. конкурентных запросов: 5
2025-04-13 02:50:03,552 - INFO - bot.config - Путь к файлу сессии: sessions\79939366352
2025-04-13 02:50:03,552 - INFO - bot.data.storage - Состояние загружено из parser_state.json
2025-04-13 02:50:03,552 - INFO - bot.config - Зарегистрированы обработчики сигналов для грациозного завершения
2025-04-13 02:50:03,552 - INFO - bot.config - Парсер инициализирован, время запуска: 2025-04-12 23:50:03.552022+00:00
2025-04-13 02:50:03,553 - INFO - bot.config - Привязан экземпляр бота к парсеру
2025-04-13 02:50:03,553 - INFO - bot.config - Запуск задачи парсера
2025-04-13 02:50:03,553 - INFO - bot.config - Парсер запущен
2025-04-13 02:50:03,553 - INFO - bot.config - Запущен мониторинг активности с таймаутом 180 секунд
2025-04-13 02:50:03,553 - INFO - bot.config - Проверка новых сообщений во всех каналах
2025-04-13 02:50:03,554 - INFO - bot.utils.channel_utils - Загружено 194 каналов из файла sources.txt
2025-04-13 02:50:03,554 - INFO - bot.config - Начало инициализации активности для 193 каналов
2025-04-13 02:50:03,554 - WARNING - bot.utils.channel_utils - Приватная ссылка на канал не поддерживается напрямую: +St2-cQONIA9lZjA6
2025-04-13 02:50:03,554 - WARNING - bot.config - Не удалось получить сущность для канала https://t.me/+St2-cQONIA9lZjA6, пропускаем
2025-04-13 02:50:03,554 - INFO - bot.config - Загружена активность канала https://t.me/wbskidka2023 из сохраненного состояния
2025-04-13 02:50:03,555 - INFO - bot.config - Загружена активность канала https://t.me/cashbackLiza из сохраненного состояния
2025-04-13 02:50:03,555 - INFO - bot.config - Загружена активность канала https://t.me/blacklist_cashback из сохраненного состояния
2025-04-13 02:50:03,555 - INFO - bot.config - Загружена активность канала https://t.me/cashforfeedback из сохраненного состояния
2025-04-13 02:50:03,555 - WARNING - bot.utils.channel_utils - Приватная ссылка на канал не поддерживается напрямую: +xgtGB-MZBAVlOTZi
2025-04-13 02:50:03,555 - WARNING - bot.config - Не удалось получить сущность для канала https://t.me/+xgtGB-MZBAVlOTZi, пропускаем
2025-04-13 02:50:03,556 - INFO - bot.config - Загружена активность канала https://t.me/onlinehitkids из сохраненного состояния
2025-04-13 02:50:03,556 - INFO - bot.config - Загружена активность канала https://t.me/wbozonkesh из сохраненного состояния
2025-04-13 02:50:03,556 - INFO - bot.config - Загружена активность канала https://t.me/skidki_za_otzivi из сохраненного состояния
2025-04-13 02:50:03,556 - INFO - bot.config - Загружена активность канала https://t.me/BLVDvikupay из сохраненного состояния
2025-04-13 02:50:04,060 - INFO - bot.config - Загружена активность канала https://t.me/tovarotzuvi из сохраненного состояния
2025-04-13 02:50:04,060 - INFO - bot.config - Загружена активность канала https://t.me/wbrazdachi из сохраненного состояния
2025-04-13 02:50:04,060 - INFO - bot.config - Загружена активность канала https://t.me/WBOZONBESPLATNO100 из сохраненного состояния
2025-04-13 02:50:04,060 - INFO - bot.config - Загружена активность канала https://t.me/keshbek_za_otzyv_lovi из сохраненного состояния
2025-04-13 02:50:04,061 - ERROR - bot.utils.channel_utils - Не удалось получить сущность для канала samovikupibesplatno: Cannot send requests while disconnected
2025-04-13 02:50:04,061 - WARNING - bot.config - Не удалось получить сущность для канала https://t.me/samovikupibesplatno, пропускаем
2025-04-13 02:50:04,061 - WARNING - bot.utils.channel_utils - Приватная ссылка на канал не поддерживается напрямую: +lo9c0teJQrNiNzk6
2025-04-13 02:50:04,061 - WARNING - bot.config - Не удалось получить сущность для канала https://t.me/+lo9c0teJQrNiNzk6, пропускаем
2025-04-13 02:50:04,061 - INFO - bot.config - Загружена активность канала https://t.me/uletnuicashback из сохраненного состояния
2025-04-13 02:50:04,061 - INFO - bot.config - Загружена активность канала https://t.me/Skid_best из сохраненного состояния
2025-04-13 02:50:04,061 - INFO - bot.config - Загружена активность канала https://t.me/online_hit_cashback из сохраненного состояния
2025-04-13 02:50:04,062 - INFO - bot.config - Загружена активность канала https://t.me/mani_egg из сохраненного состояния
2025-04-13 02:50:04,574 - INFO - bot.config - Загружена активность канала https://t.me/aukzzionrazdach из сохраненного состояния
2025-04-13 02:50:04,574 - INFO - bot.config - Загружена активность канала https://t.me/tovary_za_otzyvyy из сохраненного состояния
2025-04-13 02:50:04,574 - INFO - bot.config - Загружена активность канала https://t.me/bookshaloba из сохраненного состояния
2025-04-13 02:50:04,574 - INFO - bot.config - Загружена активность канала https://t.me/CashikWB из сохраненного состояния
2025-04-13 02:50:04,575 - INFO - bot.config - Загружена активность канала https://t.me/razdazhawbozon из сохраненного состояния
2025-04-13 02:50:04,575 - INFO - bot.config - Загружена активность канала https://t.me/otzev_go из сохраненного состояния
2025-04-13 02:50:04,575 - INFO - bot.config - Загружена активность канала https://t.me/cashbacknutie из сохраненного состояния
2025-04-13 02:50:04,575 - INFO - bot.config - Загружена активность канала https://t.me/onereklamatovara из сохраненного состояния
2025-04-13 02:50:04,575 - INFO - bot.config - Загружена активность канала https://t.me/cashbackonwb из сохраненного состояния
2025-04-13 02:50:04,575 - INFO - bot.config - Загружена активность канала https://t.me/HALYAVASR1 из сохраненного состояния
2025-04-13 02:50:05,086 - INFO - bot.config - Загружена активность канала https://t.me/Otzovik_WB_OZON_TOP из сохраненного состояния
2025-04-13 02:50:05,086 - INFO - bot.config - Загружена активность канала https://t.me/vukypi из сохраненного состояния
2025-04-13 02:50:05,086 - INFO - bot.config - Загружена активность канала https://t.me/keshanytiigoose из сохраненного состояния
2025-04-13 02:50:05,086 - INFO - bot.config - Загружена активность канала https://t.me/HalyavaWildberriess из сохраненного состояния
2025-04-13 02:50:05,087 - INFO - bot.config - Загружена активность канала https://t.me/cashbackWBOZ из сохраненного состояния
2025-04-13 02:50:05,087 - INFO - bot.config - Загружена активность канала https://t.me/za5zvezd из сохраненного состояния
2025-04-13 02:50:05,087 - ERROR - bot.utils.channel_utils - Не удалось получить сущность для канала razdachawbozoncashback: Cannot send requests while disconnected
2025-04-13 02:50:05,087 - WARNING - bot.config - Не удалось получить сущность для канала https://t.me/razdachawbozoncashback, пропускаем
2025-04-13 02:50:05,087 - ERROR - bot.utils.channel_utils - Не удалось получить сущность для канала wb_cashback_sales: Cannot send requests while disconnected
2025-04-13 02:50:05,087 - WARNING - bot.config - Не удалось получить сущность для канала https://t.me/wb_cashback_sales, пропускаем
2025-04-13 02:50:05,088 - INFO - bot.config - Загружена активность канала https://t.me/WB_OZON_for_Kidss из сохраненного состояния
2025-04-13 02:50:05,088 - INFO - bot.config - Загружена активность канала https://t.me/wHvKsxJzQU0NjVi из сохраненного состояния
2025-04-13 02:50:05,599 - INFO - bot.config - Загружена активность канала https://t.me/wbcashback_go из сохраненного состояния
2025-04-13 02:50:05,600 - ERROR - bot.utils.channel_utils - Не удалось получить сущность для канала produkty_vykup: Cannot send requests while disconnected
2025-04-13 02:50:05,601 - WARNING - bot.config - Не удалось получить сущность для канала https://t.me/produkty_vykup, пропускаем
2025-04-13 02:50:05,601 - INFO - bot.config - Загружена активность канала https://t.me/supertovariwb из сохраненного состояния
2025-04-13 02:50:05,601 - INFO - bot.config - Загружена активность канала https://t.me/kashartfamily из сохраненного состояния
2025-04-13 02:50:05,601 - INFO - bot.config - Загружена активность канала https://t.me/tovar_za_otzivi_wb_ozon из сохраненного состояния
2025-04-13 02:50:05,601 - INFO - bot.config - Загружена активность канала https://t.me/mpforcashback из сохраненного состояния
2025-04-13 02:50:05,601 - INFO - bot.config - Загружена активность канала https://t.me/cashback_for_5_stars из сохраненного состояния
2025-04-13 02:50:05,602 - INFO - bot.config - Загружена активность канала https://t.me/otzivi_wb_ozon из сохраненного состояния
2025-04-13 02:50:05,602 - INFO - bot.config - Загружена активность канала https://t.me/tovarzakashbackwbozonn из сохраненного состояния
2025-04-13 02:50:05,602 - INFO - bot.config - Загружена активность канала https://t.me/halyava_za_otziv из сохраненного состояния
2025-04-13 02:50:06,113 - INFO - bot.config - Загружена активность канала https://t.me/tovar_za_otz из сохраненного состояния
2025-04-13 02:50:06,113 - INFO - bot.config - Загружена активность канала https://t.me/cash_wb_and_ozon из сохраненного состояния
2025-04-13 02:50:06,113 - ERROR - bot.utils.channel_utils - Не удалось получить сущность для канала zona_raspakovku: Cannot send requests while disconnected
2025-04-13 02:50:06,114 - WARNING - bot.config - Не удалось получить сущность для канала https://t.me/zona_raspakovku, пропускаем
2025-04-13 02:50:06,114 - INFO - bot.config - Загружена активность канала https://t.me/wbzfree из сохраненного состояния
2025-04-13 02:50:06,114 - INFO - bot.config - Загружена активность канала https://t.me/bestsellerpack из сохраненного состояния
2025-04-13 02:50:06,114 - INFO - bot.config - Загружена активность канала https://t.me/top_sale_wildberries из сохраненного состояния
2025-04-13 02:50:06,114 - INFO - bot.config - Загружена активность канала https://t.me/moshenniki_wildberries_wb из сохраненного состояния
2025-04-13 02:50:06,114 - INFO - bot.config - Загружена активность канала https://t.me/keshanytiigus из сохраненного состояния
2025-04-13 02:50:06,114 - INFO - bot.config - Загружена активность канала https://t.me/wildberries_top_YSMP из сохраненного состояния
2025-04-13 02:50:06,115 - WARNING - bot.utils.channel_utils - Приватная ссылка на канал не поддерживается напрямую: +Vwzt0Wl3ahllMDI6
2025-04-13 02:50:06,115 - WARNING - bot.config - Не удалось получить сущность для канала https://t.me/+Vwzt0Wl3ahllMDI6, пропускаем
2025-04-13 02:50:06,624 - INFO - bot.config - Загружена активность канала https://t.me/wb_oz_cashback из сохраненного состояния
2025-04-13 02:50:06,624 - WARNING - bot.utils.channel_utils - Приватная ссылка на канал не поддерживается напрямую: +u-89-NYsWnozMDZi
2025-04-13 02:50:06,624 - WARNING - bot.config - Не удалось получить сущность для канала https://t.me/+u-89-NYsWnozMDZi, пропускаем
2025-04-13 02:50:06,624 - WARNING - bot.utils.channel_utils - Приватная ссылка на канал не поддерживается напрямую: +yOKXb9ugkVVhNDMy
2025-04-13 02:50:06,625 - WARNING - bot.config - Не удалось получить сущность для канала https://t.me/+yOKXb9ugkVVhNDMy, пропускаем
2025-04-13 02:50:06,625 - INFO - bot.config - Загружена активность канала https://t.me/skidkology из сохраненного состояния
2025-04-13 02:50:06,625 - INFO - bot.config - Загружена активность канала https://t.me/yagoda_xalava из сохраненного состояния
2025-04-13 02:50:06,625 - INFO - bot.config - Загружена активность канала https://t.me/tvoy_cashbek из сохраненного состояния
2025-04-13 02:50:06,625 - INFO - bot.config - Загружена активность канала https://t.me/baraholka_wilberries из сохраненного состояния
2025-04-13 02:50:06,625 - INFO - bot.config - Загружена активность канала https://t.me/cashbakzaotzyv из сохраненного состояния
2025-04-13 02:50:06,625 - INFO - bot.config - Загружена активность канала https://t.me/ozonwbandsale из сохраненного состояния
2025-04-13 02:50:06,625 - INFO - bot.config - Загружена активность канала https://t.me/razdachaWB2 из сохраненного состояния
2025-04-13 02:50:07,135 - INFO - bot.config - Загружена активность канала https://t.me/wb_kesh100 из сохраненного состояния
2025-04-13 02:50:07,135 - INFO - bot.config - Загружена активность канала https://t.me/cashback_cherny_spisok из сохраненного состояния
2025-04-13 02:50:07,135 - INFO - bot.config - Загружена активность канала https://t.me/OzonWbSales из сохраненного состояния
2025-04-13 02:50:07,135 - INFO - bot.config - Загружена активность канала https://t.me/best_kosmetics из сохраненного состояния
2025-04-13 02:50:07,136 - INFO - bot.config - Загружена активность канала https://t.me/keshbek_za_otzyv из сохраненного состояния
2025-04-13 02:50:07,136 - INFO - bot.config - Загружена активность канала https://t.me/onlyhitcash100 из сохраненного состояния
2025-04-13 02:50:07,136 - INFO - bot.config - Загружена активность канала https://t.me/wb_saleobzor из сохраненного состояния
2025-04-13 02:50:07,136 - INFO - bot.config - Загружена активность канала https://t.me/keshbekcs из сохраненного состояния
2025-04-13 02:50:07,136 - INFO - bot.config - Загружена активность канала https://t.me/wb_ozon_start из сохраненного состояния
2025-04-13 02:50:07,136 - WARNING - bot.utils.channel_utils - Приватная ссылка на канал не поддерживается напрямую: +i8MathZcizEwMmVi
2025-04-13 02:50:07,136 - WARNING - bot.config - Не удалось получить сущность для канала https://t.me/+i8MathZcizEwMmVi, пропускаем
2025-04-13 02:50:07,645 - INFO - bot.config - Загружена активность канала https://t.me/wb_ozonavito из сохраненного состояния
2025-04-13 02:50:07,645 - INFO - bot.config - Загружена активность канала https://t.me/cachbeck из сохраненного состояния
2025-04-13 02:50:07,645 - ERROR - bot.utils.channel_utils - Не удалось получить сущность для канала cashback_halyva: Cannot send requests while disconnected
2025-04-13 02:50:07,646 - WARNING - bot.config - Не удалось получить сущность для канала https://t.me/cashback_halyva, пропускаем
2025-04-13 02:50:07,646 - INFO - bot.config - Загружена активность канала https://t.me/dis_navigator из сохраненного состояния
2025-04-13 02:50:07,646 - INFO - bot.config - Загружена активность канала https://t.me/vikup_razdacha_kashback из сохраненного состояния
2025-04-13 02:50:07,646 - INFO - bot.config - Загружена активность канала https://t.me/cashback_za_tovar из сохраненного состояния
2025-04-13 02:50:07,646 - INFO - bot.config - Загружена активность канала https://t.me/Childrens_cashback из сохраненного состояния
2025-04-13 02:50:07,646 - INFO - bot.config - Загружена активность канала https://t.me/razdazhawbozon2 из сохраненного состояния
2025-04-13 02:50:07,646 - INFO - bot.config - Загружена активность канала https://t.me/jurello_youlove из сохраненного состояния
2025-04-13 02:50:07,647 - INFO - bot.config - Загружена активность канала https://t.me/father_cashback из сохраненного состояния
2025-04-13 02:50:08,158 - ERROR - bot.utils.channel_utils - Не удалось получить сущность для канала cashbundi: Cannot send requests while disconnected
2025-04-13 02:50:08,158 - WARNING - bot.config - Не удалось получить сущность для канала https://t.me/cashbundi, пропускаем
2025-04-13 02:50:08,159 - INFO - bot.config - Загружена активность канала https://t.me/keshbek7 из сохраненного состояния
2025-04-13 02:50:08,159 - INFO - bot.config - Загружена активность канала https://t.me/razdachi_keshbek из сохраненного состояния
2025-04-13 02:50:08,159 - INFO - bot.config - Загружена активность канала https://t.me/wb_ozon_saless из сохраненного состояния
2025-04-13 02:50:08,159 - ERROR - bot.utils.channel_utils - Не удалось получить сущность для канала cashback_WBiOzon: Cannot send requests while disconnected
2025-04-13 02:50:08,159 - WARNING - bot.config - Не удалось получить сущность для канала https://t.me/cashback_WBiOzon, пропускаем
2025-04-13 02:50:08,159 - INFO - bot.config - Загружена активность канала https://t.me/keshbek_tovar1 из сохраненного состояния
2025-04-13 02:50:08,160 - INFO - bot.config - Загружена активность канала https://t.me/skidkiwblina из сохраненного состояния
2025-04-13 02:50:08,160 - INFO - bot.config - Загружена активность канала https://t.me/keshbek_za_otziv из сохраненного состояния
2025-04-13 02:50:08,160 - INFO - bot.config - Загружена активность канала https://t.me/keshbekiwboz из сохраненного состояния
2025-04-13 02:50:08,160 - INFO - bot.config - Загружена активность канала https://t.me/svwboz из сохраненного состояния
2025-04-13 02:50:08,672 - INFO - bot.config - Загружена активность канала https://t.me/wb_ozon_skidki_rasprodazha из сохраненного состояния
2025-04-13 02:50:08,672 - INFO - bot.config - Загружена активность канала https://t.me/cashbacknamp из сохраненного состояния
2025-04-13 02:50:08,672 - INFO - bot.config - Загружена активность канала https://t.me/zayachya_lapkaa из сохраненного состояния
2025-04-13 02:50:08,672 - INFO - bot.config - Загружена активность канала https://t.me/HAXODKI_PAZDACHI из сохраненного состояния
2025-04-13 02:50:08,672 - ERROR - bot.utils.channel_utils - Не удалось получить сущность для канала cashbackpro100: Cannot send requests while disconnected
2025-04-13 02:50:08,673 - WARNING - bot.config - Не удалось получить сущность для канала https://t.me/cashbackpro100, пропускаем
2025-04-13 02:50:08,673 - INFO - bot.config - Загружена активность канала https://t.me/otzyv_cashback из сохраненного состояния
2025-04-13 02:50:08,673 - INFO - bot.config - Загружена активность канала https://t.me/tovar_za_otzyv_vykup_cashback из сохраненного состояния
2025-04-13 02:50:08,673 - INFO - bot.config - Загружена активность канала https://t.me/vykupiwbozon из сохраненного состояния
2025-04-13 02:50:08,674 - INFO - bot.config - Загружена активность канала https://t.me/tovarzaotziv из сохраненного состояния
2025-04-13 02:50:08,674 - INFO - bot.config - Загружена активность канала https://t.me/black_cashbacks2 из сохраненного состояния
2025-04-13 02:50:09,168 - INFO - bot.config - Загружена активность канала https://t.me/cashzaotzyv из сохраненного состояния
2025-04-13 02:50:09,168 - INFO - bot.config - Загружена активность канала https://t.me/WOzonWb из сохраненного состояния
2025-04-13 02:50:09,169 - INFO - bot.config - Загружена активность канала https://t.me/marketplacehot из сохраненного состояния
2025-04-13 02:50:09,169 - INFO - bot.config - Загружена активность канала https://t.me/madiko431 из сохраненного состояния
2025-04-13 02:50:09,169 - INFO - bot.config - Загружена активность канала https://t.me/tovar_za_otziv2 из сохраненного состояния
2025-04-13 02:50:09,169 - INFO - bot.config - Загружена активность канала https://t.me/CASH_Trash1000 из сохраненного состояния
2025-04-13 02:50:09,170 - INFO - bot.config - Загружена активность канала https://t.me/cashbackitoshka2023 из сохраненного состояния
2025-04-13 02:50:09,170 - INFO - bot.config - Загружена активность канала https://t.me/best_wb_sale из сохраненного состояния
2025-04-13 02:50:09,170 - ERROR - bot.utils.channel_utils - Не удалось получить сущность для канала wbozoncashbackyou: Cannot send requests while disconnected
2025-04-13 02:50:09,170 - WARNING - bot.config - Не удалось получить сущность для канала https://t.me/wbozoncashbackyou, пропускаем
2025-04-13 02:50:09,170 - INFO - bot.config - Загружена активность канала https://t.me/supertovariwb1 из сохраненного состояния
2025-04-13 02:50:09,682 - INFO - bot.config - Загружена активность канала https://t.me/ceshbek_wb из сохраненного состояния
2025-04-13 02:50:09,682 - WARNING - bot.utils.channel_utils - Приватная ссылка на канал не поддерживается напрямую: +FkVWNsfMjJFjOWQ6
2025-04-13 02:50:09,682 - WARNING - bot.config - Не удалось получить сущность для канала https://t.me/+FkVWNsfMjJFjOWQ6, пропускаем
2025-04-13 02:50:09,682 - INFO - bot.config - Загружена активность канала https://t.me/xalavshikipromokoda4 из сохраненного состояния
2025-04-13 02:50:09,682 - INFO - bot.config - Загружена активность канала https://t.me/razdacha_za_otziv из сохраненного состояния
2025-04-13 02:50:09,682 - INFO - bot.config - Загружена активность канала https://t.me/backcashwb из сохраненного состояния
2025-04-13 02:50:09,683 - INFO - bot.config - Загружена активность канала https://t.me/wilderries_free из сохраненного состояния
2025-04-13 02:50:09,683 - INFO - bot.config - Загружена активность канала https://t.me/super_cash_back из сохраненного состояния
2025-04-13 02:50:09,683 - INFO - bot.config - Загружена активность канала https://t.me/tovar_waldberries из сохраненного состояния
2025-04-13 02:50:09,683 - INFO - bot.config - Загружена активность канала https://t.me/vykup_keshbek6 из сохраненного состояния
2025-04-13 02:50:09,684 - INFO - bot.config - Загружена активность канала https://t.me/wbpizdec из сохраненного состояния
2025-04-13 02:50:10,196 - INFO - bot.config - Загружена активность канала https://t.me/wbozonkesh70100 из сохраненного состояния
2025-04-13 02:50:10,196 - INFO - bot.config - Загружена активность канала https://t.me/wbozon_razdachi из сохраненного состояния
2025-04-13 02:50:10,196 - INFO - bot.config - Загружена активность канала https://t.me/VBBUKOP из сохраненного состояния
2025-04-13 02:50:10,197 - INFO - bot.config - Загружена активность канала https://t.me/WB_OZON_100_cashback из сохраненного состояния
2025-04-13 02:50:10,197 - INFO - bot.config - Загружена активность канала https://t.me/cashback_wbozon из сохраненного состояния
2025-04-13 02:50:10,197 - INFO - bot.config - Загружена активность канала https://t.me/cashbacksv из сохраненного состояния
2025-04-13 02:50:10,197 - INFO - bot.config - Загружена активность канала https://t.me/chestnyreiting из сохраненного состояния
2025-04-13 02:50:10,198 - INFO - bot.config - Загружена активность канала https://t.me/keshbek_za_otzyv_WB из сохраненного состояния
2025-04-13 02:50:10,198 - INFO - bot.config - Загружена активность канала https://t.me/grcashback из сохраненного состояния
2025-04-13 02:50:10,198 - INFO - bot.config - Загружена активность канала https://t.me/cashback_wb_and_ozonn из сохраненного состояния
2025-04-13 02:50:10,709 - INFO - bot.config - Загружена активность канала https://t.me/lovtsy_skidok из сохраненного состояния
2025-04-13 02:50:10,709 - INFO - bot.config - Загружена активность канала https://t.me/sharovik_wb из сохраненного состояния
2025-04-13 02:50:10,709 - INFO - bot.config - Загружена активность канала https://t.me/discounts_on_marketplaces из сохраненного состояния
2025-04-13 02:50:10,710 - INFO - bot.config - Загружена активность канала https://t.me/wbozoncash1 из сохраненного состояния
2025-04-13 02:50:10,710 - INFO - bot.config - Загружена активность канала https://t.me/item_for_rewiew из сохраненного состояния
2025-04-13 02:50:10,710 - INFO - bot.config - Загружена активность канала https://t.me/tovarotzuv из сохраненного состояния
2025-04-13 02:50:10,710 - INFO - bot.config - Загружена активность канала https://t.me/wbozoncashback01 из сохраненного состояния
2025-04-13 02:50:10,711 - INFO - bot.config - Загружена активность канала https://t.me/vikup_cashback из сохраненного состояния
2025-04-13 02:50:10,711 - INFO - bot.config - Загружена активность канала https://t.me/cashback100only из сохраненного состояния
2025-04-13 02:50:10,711 - INFO - bot.config - Загружена активность канала https://t.me/wildberrieskesh из сохраненного состояния
2025-04-13 02:50:11,225 - INFO - bot.config - Загружена активность канала https://t.me/wildberries_cash_back из сохраненного состояния
2025-04-13 02:50:11,225 - INFO - bot.config - Загружена активность канала https://t.me/vJa3xvKmH9AxNzgy из сохраненного состояния
2025-04-13 02:50:11,225 - WARNING - bot.utils.channel_utils - Приватная ссылка на канал не поддерживается напрямую: +I7fWHohKZ84zYWRi
2025-04-13 02:50:11,226 - WARNING - bot.config - Не удалось получить сущность для канала https://t.me/+I7fWHohKZ84zYWRi, пропускаем
2025-04-13 02:50:11,226 - INFO - bot.config - Загружена активность канала https://t.me/vykup5 из сохраненного состояния
2025-04-13 02:50:11,226 - INFO - bot.config - Загружена активность канала https://t.me/globalotzivi из сохраненного состояния
2025-04-13 02:50:11,226 - INFO - bot.config - Загружена активность канала https://t.me/vykup2 из сохраненного состояния
2025-04-13 02:50:11,226 - INFO - bot.config - Загружена активность канала https://t.me/stop_moshennik_wb_ozon из сохраненного состояния
2025-04-13 02:50:11,227 - INFO - bot.config - Загружена активность канала https://t.me/keshmania из сохраненного состояния
2025-04-13 02:50:11,227 - INFO - bot.config - Загружена активность канала -1002404189771 из сохраненного состояния
2025-04-13 02:50:11,227 - INFO - bot.config - Загружена активность канала https://t.me/Products_for_review из сохраненного состояния
2025-04-13 02:50:11,734 - INFO - bot.config - Загружена активность канала https://t.me/razdachawbozon из сохраненного состояния
2025-04-13 02:50:11,734 - INFO - bot.config - Загружена активность канала https://t.me/cashbekwbozon из сохраненного состояния
2025-04-13 02:50:11,734 - INFO - bot.config - Загружена активность канала https://t.me/tovariWB_po_sebestoimosti из сохраненного состояния
2025-04-13 02:50:11,735 - INFO - bot.config - Загружена активность канала https://t.me/cashback_wb_ozo из сохраненного состояния
2025-04-13 02:50:11,735 - INFO - bot.config - Загружена активность канала https://t.me/mani_egg2 из сохраненного состояния
2025-04-13 02:50:11,735 - INFO - bot.config - Загружена активность канала https://t.me/tovar_za_kesh1 из сохраненного состояния
2025-04-13 02:50:11,735 - INFO - bot.config - Загружена активность канала https://t.me/reclamawbozonya из сохраненного состояния
2025-04-13 02:50:11,736 - INFO - bot.config - Загружена активность канала https://t.me/cascbackcity из сохраненного состояния
2025-04-13 02:50:11,736 - INFO - bot.config - Загружена активность канала https://t.me/LussiaK из сохраненного состояния
2025-04-13 02:50:11,736 - INFO - bot.config - Загружена активность канала https://t.me/chatstopmosh из сохраненного состояния
2025-04-13 02:50:12,246 - INFO - bot.config - Загружена активность канала https://t.me/darimzaotzyv из сохраненного состояния
2025-04-13 02:50:12,246 - INFO - bot.config - Загружена активность канала https://t.me/tingresscahback из сохраненного состояния
2025-04-13 02:50:12,246 - INFO - bot.config - Загружена активность канала https://t.me/topprodajizdec из сохраненного состояния
2025-04-13 02:50:12,247 - INFO - bot.config - Загружена активность канала https://t.me/Cashback_WB_OZON_2024 из сохраненного состояния
2025-04-13 02:50:12,247 - INFO - bot.config - Загружена активность канала https://t.me/gives_ozon_wb из сохраненного состояния
2025-04-13 02:50:12,247 - INFO - bot.config - Загружена активность канала https://t.me/shtrihkodhalyavy из сохраненного состояния
2025-04-13 02:50:12,247 - WARNING - bot.utils.channel_utils - Приватная ссылка на канал не поддерживается напрямую: +QeewdGww_go2YTYy
2025-04-13 02:50:12,248 - WARNING - bot.config - Не удалось получить сущность для канала https://t.me/+QeewdGww_go2YTYy, пропускаем
2025-04-13 02:50:12,248 - INFO - bot.config - Загружена активность канала https://t.me/razdachaottani из сохраненного состояния
2025-04-13 02:50:12,248 - INFO - bot.config - Загружена активность канала https://t.me/collectionskidka из сохраненного состояния
2025-04-13 02:50:12,248 - INFO - bot.config - Загружена активность канала https://t.me/razdachirosee из сохраненного состояния
2025-04-13 02:50:12,763 - INFO - bot.config - Загружена активность канала https://t.me/zayka_nevinoven из сохраненного состояния
2025-04-13 02:50:12,763 - INFO - bot.config - Загружена активность канала https://t.me/salenawb из сохраненного состояния
2025-04-13 02:50:12,764 - INFO - bot.config - Загружена активность канала https://t.me/keshbek9 из сохраненного состояния
2025-04-13 02:50:12,764 - INFO - bot.config - Загружена активность канала https://t.me/razdahatovarov из сохраненного состояния
2025-04-13 02:50:12,764 - INFO - bot.config - Загружена активность канала https://t.me/Wildberries1cashback из сохраненного состояния
2025-04-13 02:50:12,764 - INFO - bot.config - Загружена активность канала https://t.me/discountforthewholeseason69 из сохраненного состояния
2025-04-13 02:50:12,764 - INFO - bot.config - Загружена активность канала https://t.me/raspakovkacpek из сохраненного состояния
2025-04-13 02:50:12,765 - INFO - bot.config - Загружена активность канала https://t.me/otzyvy_cashback из сохраненного состояния
2025-04-13 02:50:12,765 - INFO - bot.config - Загружена активность канала https://t.me/walrus_best_cashbacks из сохраненного состояния
2025-04-13 02:50:12,765 - INFO - bot.config - Загружена активность канала https://t.me/besplatnowb из сохраненного состояния
2025-04-13 02:50:13,276 - INFO - bot.config - Загружена активность канала https://t.me/cashback77777 из сохраненного состояния
2025-04-13 02:50:13,277 - INFO - bot.config - Загружена активность канала https://t.me/kingssports_tg из сохраненного состояния
2025-04-13 02:50:13,277 - INFO - bot.config - Загружена активность канала https://t.me/tovari_waldberries из сохраненного состояния
2025-04-13 02:50:13,277 - INFO - bot.config - Инициализация активности завершена для 173 каналов из 193
2025-04-13 02:50:13,278 - ERROR - bot.data.storage - Ошибка сохранения состояния: Object of type datetime is not JSON serializable
2025-04-13 02:50:13,279 - INFO - bot.config - Запланировано проверить 2 каналов
2025-04-13 02:50:13,279 - WARNING - bot.utils.retry - API запрос: попытка 1/10 не удалась: Cannot send requests while disconnected, повтор через 7.34 сек
2025-04-13 02:50:13,279 - WARNING - bot.utils.retry - API запрос: попытка 1/10 не удалась: Cannot send requests while disconnected, повтор через 6.67 сек
2025-04-13 02:50:16,955 - INFO - bot.config - Получен сигнал 2, начинаем грациозное завершение
2025-04-13 02:50:16,955 - INFO - bot.config - Очистка ресурсов парсера...
2025-04-13 02:50:16,956 - ERROR - bot.data.storage - Ошибка сохранения состояния: Object of type datetime is not JSON serializable
2025-04-13 02:50:16,957 - INFO - bot.config - Мониторинг остановлен
2025-04-13 02:50:16,957 - INFO - bot.config - Временная директория C:\Users\micha\AppData\Local\Temp\telethon_media_zteu55_l удалена
2025-04-13 02:50:16,958 - INFO - bot.config - Очистка ресурсов завершена
2025-04-13 02:50:19,950 - WARNING - bot.utils.retry - API запрос: попытка 2/10 не удалась: Cannot send requests while disconnected, повтор через 5.47 сек
2025-04-13 02:50:20,620 - WARNING - bot.utils.retry - API запрос: попытка 2/10 не удалась: Cannot send requests while disconnected, повтор через 7.71 сек
2025-04-13 02:50:23,037 - INFO - bot.config - Получен сигнал 2, начинаем грациозное завершение
2025-04-13 02:50:23,037 - INFO - bot.config - Очистка ресурсов парсера...
2025-04-13 02:50:23,038 - ERROR - bot.data.storage - Ошибка сохранения состояния: Object of type datetime is not JSON serializable
2025-04-13 02:50:23,038 - INFO - bot.config - Мониторинг остановлен
2025-04-13 02:50:23,038 - INFO - bot.config - Временная директория C:\Users\micha\AppData\Local\Temp\telethon_media_zteu55_l удалена
2025-04-13 02:50:23,039 - INFO - bot.config - Очистка ресурсов завершена
2025-04-13 02:50:25,438 - WARNING - bot.utils.retry - API запрос: попытка 3/10 не удалась: Cannot send requests while disconnected, повтор через 24.50 сек
2025-04-13 02:50:28,331 - WARNING - bot.utils.retry - API запрос: попытка 3/10 не удалась: Cannot send requests while disconnected, повтор через 27.29 сек
2025-04-13 02:50:46,744 - INFO - bot.config - Загружена конфигурация из bot\config.json
2025-04-13 02:50:46,744 - INFO - bot.utils.channel_utils - Загружено 194 каналов из файла sources.txt
2025-04-13 02:50:46,745 - INFO - bot.config - Итоговое количество источников: 193
2025-04-13 02:50:46,784 - WARNING - bot.config - Не удалось зарегистрировать обработчики сигналов: 
2025-04-13 02:50:46,785 - INFO - bot.config - Используется директория для сессий: sessions
2025-04-13 02:50:46,786 - INFO - bot.config - Проверка прав доступа к sessions пройдена успешно
2025-04-13 02:50:47,127 - INFO - bot.config - Инициализирован бот и диспетчер
2025-04-13 02:50:47,127 - INFO - bot.config - Запуск обработки сообщений ботом
2025-04-13 02:50:50,130 - INFO - bot.config - Бот запущен и готов получать сообщения
2025-04-13 02:50:50,265 - ERROR - bot.config - Отправлено предварительное уведомление администратору 5304440647
2025-04-13 02:50:53,319 - INFO - bot.data.storage - Состояние загружено из parser_state.json
2025-04-13 02:50:53,320 - INFO - bot.config - Инициализация парсера Telegram
2025-04-13 02:50:53,320 - INFO - bot.config - Парсер инициализирован. Макс. конкурентных запросов: 5
2025-04-13 02:50:53,321 - INFO - bot.config - Путь к файлу сессии: sessions\79939366352
2025-04-13 02:50:53,322 - INFO - bot.data.storage - Состояние загружено из parser_state.json
2025-04-13 02:50:53,322 - INFO - bot.config - Зарегистрированы обработчики сигналов для грациозного завершения
2025-04-13 02:50:53,322 - INFO - bot.config - Парсер инициализирован, время запуска: 2025-04-12 23:50:53.321928+00:00
2025-04-13 02:50:53,323 - INFO - bot.config - Привязан экземпляр бота к парсеру
2025-04-13 02:50:53,323 - INFO - bot.config - Запуск задачи парсера
2025-04-13 02:50:53,323 - INFO - bot.config - Парсер запущен
2025-04-13 02:50:53,323 - INFO - bot.config - Запущен мониторинг активности с таймаутом 180 секунд
2025-04-13 02:50:53,323 - INFO - bot.config - Проверка новых сообщений во всех каналах
2025-04-13 02:50:53,324 - INFO - bot.utils.channel_utils - Загружено 194 каналов из файла sources.txt
2025-04-13 02:50:53,324 - INFO - bot.config - Начало инициализации активности для 193 каналов
2025-04-13 02:50:53,324 - INFO - bot.config - Загружена активность канала https://t.me/item_for_rewiew из сохраненного состояния
2025-04-13 02:50:53,324 - INFO - bot.config - Загружена активность канала https://t.me/razdazhawbozon из сохраненного состояния
2025-04-13 02:50:53,324 - INFO - bot.config - Загружена активность канала https://t.me/wb_oz_cashback из сохраненного состояния
2025-04-13 02:50:53,325 - INFO - bot.config - Загружена активность канала https://t.me/wb_ozon_skidki_rasprodazha из сохраненного состояния
2025-04-13 02:50:53,325 - INFO - bot.config - Загружена активность канала https://t.me/moshenniki_wildberries_wb из сохраненного состояния
2025-04-13 02:50:53,325 - INFO - bot.config - Загружена активность канала https://t.me/wHvKsxJzQU0NjVi из сохраненного состояния
2025-04-13 02:50:53,325 - INFO - bot.config - Загружена активность канала https://t.me/onlyhitcash100 из сохраненного состояния
2025-04-13 02:50:53,325 - INFO - bot.config - Загружена активность канала https://t.me/tovar_waldberries из сохраненного состояния
2025-04-13 02:50:53,326 - INFO - bot.config - Загружена активность канала https://t.me/tovari_waldberries из сохраненного состояния
2025-04-13 02:50:53,326 - WARNING - bot.utils.channel_utils - Приватная ссылка на канал не поддерживается напрямую: +St2-cQONIA9lZjA6
2025-04-13 02:50:53,326 - WARNING - bot.config - Не удалось получить сущность для канала https://t.me/+St2-cQONIA9lZjA6, пропускаем
2025-04-13 02:50:53,833 - INFO - bot.config - Загружена активность канала https://t.me/cashback_cherny_spisok из сохраненного состояния
2025-04-13 02:50:53,833 - INFO - bot.config - Загружена активность канала https://t.me/tovariWB_po_sebestoimosti из сохраненного состояния
2025-04-13 02:50:53,834 - ERROR - bot.utils.channel_utils - Не удалось получить сущность для канала wbozoncashbackyou: Cannot send requests while disconnected
2025-04-13 02:50:53,834 - WARNING - bot.config - Не удалось получить сущность для канала https://t.me/wbozoncashbackyou, пропускаем
2025-04-13 02:50:53,834 - INFO - bot.config - Загружена активность канала https://t.me/cashback77777 из сохраненного состояния
2025-04-13 02:50:53,834 - INFO - bot.config - Загружена активность канала https://t.me/aukzzionrazdach из сохраненного состояния
2025-04-13 02:50:53,835 - INFO - bot.config - Загружена активность канала https://t.me/cashback_wb_ozo из сохраненного состояния
2025-04-13 02:50:53,835 - INFO - bot.config - Загружена активность канала https://t.me/super_cash_back из сохраненного состояния
2025-04-13 02:50:53,835 - INFO - bot.config - Загружена активность канала https://t.me/tovarotzuv из сохраненного состояния
2025-04-13 02:50:53,835 - INFO - bot.config - Загружена активность канала https://t.me/razdahatovarov из сохраненного состояния
2025-04-13 02:50:53,835 - INFO - bot.config - Загружена активность канала https://t.me/wb_kesh100 из сохраненного состояния
2025-04-13 02:50:54,349 - ERROR - bot.utils.channel_utils - Не удалось получить сущность для канала cashbackpro100: Cannot send requests while disconnected
2025-04-13 02:50:54,349 - WARNING - bot.config - Не удалось получить сущность для канала https://t.me/cashbackpro100, пропускаем
2025-04-13 02:50:54,349 - INFO - bot.config - Загружена активность канала https://t.me/wbzfree из сохраненного состояния
2025-04-13 02:50:54,349 - INFO - bot.config - Загружена активность канала https://t.me/cashbacknutie из сохраненного состояния
2025-04-13 02:50:54,349 - INFO - bot.config - Загружена активность канала https://t.me/vykup2 из сохраненного состояния
2025-04-13 02:50:54,349 - INFO - bot.config - Загружена активность канала https://t.me/lovtsy_skidok из сохраненного состояния
2025-04-13 02:50:54,349 - INFO - bot.config - Загружена активность канала https://t.me/razdachaottani из сохраненного состояния
2025-04-13 02:50:54,349 - INFO - bot.config - Загружена активность канала https://t.me/Skid_best из сохраненного состояния
2025-04-13 02:50:54,350 - WARNING - bot.utils.channel_utils - Приватная ссылка на канал не поддерживается напрямую: +lo9c0teJQrNiNzk6
2025-04-13 02:50:54,350 - WARNING - bot.config - Не удалось получить сущность для канала https://t.me/+lo9c0teJQrNiNzk6, пропускаем
2025-04-13 02:50:54,350 - INFO - bot.config - Загружена активность канала https://t.me/supertovariwb1 из сохраненного состояния
2025-04-13 02:50:54,350 - INFO - bot.config - Загружена активность канала https://t.me/razdachaWB2 из сохраненного состояния
2025-04-13 02:50:54,861 - INFO - bot.config - Загружена активность канала https://t.me/skidkiwblina из сохраненного состояния
2025-04-13 02:50:54,861 - INFO - bot.config - Загружена активность канала https://t.me/chestnyreiting из сохраненного состояния
2025-04-13 02:50:54,861 - INFO - bot.config - Загружена активность канала https://t.me/reclamawbozonya из сохраненного состояния
2025-04-13 02:50:54,862 - INFO - bot.config - Загружена активность канала https://t.me/CashikWB из сохраненного состояния
2025-04-13 02:50:54,862 - INFO - bot.config - Загружена активность канала https://t.me/HalyavaWildberriess из сохраненного состояния
2025-04-13 02:50:54,862 - INFO - bot.config - Загружена активность канала https://t.me/cashbekwbozon из сохраненного состояния
2025-04-13 02:50:54,862 - WARNING - bot.utils.channel_utils - Приватная ссылка на канал не поддерживается напрямую: +xgtGB-MZBAVlOTZi
2025-04-13 02:50:54,862 - WARNING - bot.config - Не удалось получить сущность для канала https://t.me/+xgtGB-MZBAVlOTZi, пропускаем
2025-04-13 02:50:54,863 - INFO - bot.config - Загружена активность канала https://t.me/wbozoncashback01 из сохраненного состояния
2025-04-13 02:50:54,863 - ERROR - bot.utils.channel_utils - Не удалось получить сущность для канала wb_cashback_sales: Cannot send requests while disconnected
2025-04-13 02:50:54,863 - WARNING - bot.config - Не удалось получить сущность для канала https://t.me/wb_cashback_sales, пропускаем
2025-04-13 02:50:54,863 - INFO - bot.config - Загружена активность канала https://t.me/razdacha_za_otziv из сохраненного состояния
2025-04-13 02:50:55,360 - INFO - bot.config - Загружена активность канала https://t.me/HALYAVASR1 из сохраненного состояния
2025-04-13 02:50:55,361 - INFO - bot.config - Загружена активность канала https://t.me/black_cashbacks2 из сохраненного состояния
2025-04-13 02:50:55,361 - INFO - bot.config - Загружена активность канала https://t.me/Cashback_WB_OZON_2024 из сохраненного состояния
2025-04-13 02:50:55,362 - INFO - bot.config - Загружена активность канала https://t.me/wbozon_razdachi из сохраненного состояния
2025-04-13 02:50:55,362 - INFO - bot.config - Загружена активность канала https://t.me/tovar_za_otzyv_vykup_cashback из сохраненного состояния
2025-04-13 02:50:55,362 - INFO - bot.config - Загружена активность канала https://t.me/keshbek7 из сохраненного состояния
2025-04-13 02:50:55,362 - INFO - bot.config - Загружена активность канала https://t.me/wildberries_top_YSMP из сохраненного состояния
2025-04-13 02:50:55,362 - INFO - bot.config - Загружена активность канала https://t.me/uletnuicashback из сохраненного состояния
2025-04-13 02:50:55,362 - INFO - bot.config - Загружена активность канала https://t.me/vukypi из сохраненного состояния
2025-04-13 02:50:55,362 - INFO - bot.config - Загружена активность канала https://t.me/cashbackLiza из сохраненного состояния
2025-04-13 02:50:55,859 - INFO - bot.config - Загружена активность канала https://t.me/supertovariwb из сохраненного состояния
2025-04-13 02:50:55,859 - INFO - bot.config - Загружена активность канала https://t.me/tovarzaotziv из сохраненного состояния
2025-04-13 02:50:55,859 - INFO - bot.config - Загружена активность канала https://t.me/wildberrieskesh из сохраненного состояния
2025-04-13 02:50:55,859 - INFO - bot.config - Загружена активность канала https://t.me/backcashwb из сохраненного состояния
2025-04-13 02:50:55,860 - INFO - bot.config - Загружена активность канала https://t.me/Products_for_review из сохраненного состояния
2025-04-13 02:50:55,860 - INFO - bot.config - Загружена активность канала https://t.me/VBBUKOP из сохраненного состояния
2025-04-13 02:50:55,860 - INFO - bot.config - Загружена активность канала https://t.me/cashforfeedback из сохраненного состояния
2025-04-13 02:50:55,860 - INFO - bot.config - Загружена активность канала https://t.me/cashbacksv из сохраненного состояния
2025-04-13 02:50:55,860 - INFO - bot.config - Загружена активность канала https://t.me/jurello_youlove из сохраненного состояния
2025-04-13 02:50:55,861 - INFO - bot.config - Загружена активность канала https://t.me/ozonwbandsale из сохраненного состояния
2025-04-13 02:50:56,372 - INFO - bot.config - Загружена активность канала https://t.me/cashzaotzyv из сохраненного состояния
2025-04-13 02:50:56,372 - INFO - bot.config - Загружена активность канала https://t.me/cashback100only из сохраненного состояния
2025-04-13 02:50:56,372 - INFO - bot.config - Загружена активность канала https://t.me/wbskidka2023 из сохраненного состояния
2025-04-13 02:50:56,372 - INFO - bot.config - Загружена активность канала https://t.me/bookshaloba из сохраненного состояния
2025-04-13 02:50:56,373 - INFO - bot.config - Загружена активность канала https://t.me/wbozoncash1 из сохраненного состояния
2025-04-13 02:50:56,373 - INFO - bot.config - Загружена активность канала https://t.me/Wildberries1cashback из сохраненного состояния
2025-04-13 02:50:56,373 - INFO - bot.config - Загружена активность канала https://t.me/HAXODKI_PAZDACHI из сохраненного состояния
2025-04-13 02:50:56,373 - INFO - bot.config - Загружена активность канала https://t.me/top_sale_wildberries из сохраненного состояния
2025-04-13 02:50:56,373 - INFO - bot.config - Загружена активность канала https://t.me/cashbacknamp из сохраненного состояния
2025-04-13 02:50:56,373 - INFO - bot.config - Загружена активность канала https://t.me/besplatnowb из сохраненного состояния
2025-04-13 02:50:56,886 - INFO - bot.config - Загружена активность канала https://t.me/CASH_Trash1000 из сохраненного состояния
2025-04-13 02:50:56,886 - ERROR - bot.utils.channel_utils - Не удалось получить сущность для канала cashback_WBiOzon: Cannot send requests while disconnected
2025-04-13 02:50:56,886 - WARNING - bot.config - Не удалось получить сущность для канала https://t.me/cashback_WBiOzon, пропускаем
2025-04-13 02:50:56,887 - ERROR - bot.utils.channel_utils - Не удалось получить сущность для канала cashbundi: Cannot send requests while disconnected
2025-04-13 02:50:56,887 - WARNING - bot.config - Не удалось получить сущность для канала https://t.me/cashbundi, пропускаем
2025-04-13 02:50:56,887 - INFO - bot.config - Загружена активность канала https://t.me/gives_ozon_wb из сохраненного состояния
2025-04-13 02:50:56,887 - INFO - bot.config - Загружена активность канала https://t.me/OzonWbSales из сохраненного состояния
2025-04-13 02:50:56,887 - INFO - bot.config - Загружена активность канала https://t.me/vykup5 из сохраненного состояния
2025-04-13 02:50:56,887 - INFO - bot.config - Загружена активность канала https://t.me/tovar_za_otzivi_wb_ozon из сохраненного состояния
2025-04-13 02:50:56,888 - INFO - bot.config - Загружена активность канала https://t.me/keshbek_za_otzyv_WB из сохраненного состояния
2025-04-13 02:50:56,888 - INFO - bot.config - Загружена активность канала https://t.me/keshbek_za_otziv из сохраненного состояния
2025-04-13 02:50:56,888 - INFO - bot.config - Загружена активность канала https://t.me/skidki_za_otzivi из сохраненного состояния
2025-04-13 02:50:57,399 - INFO - bot.config - Загружена активность канала https://t.me/cashback_za_tovar из сохраненного состояния
2025-04-13 02:50:57,399 - INFO - bot.config - Загружена активность канала https://t.me/yagoda_xalava из сохраненного состояния
2025-04-13 02:50:57,399 - INFO - bot.config - Загружена активность канала https://t.me/keshbek9 из сохраненного состояния
2025-04-13 02:50:57,399 - INFO - bot.config - Загружена активность канала https://t.me/LussiaK из сохраненного состояния
2025-04-13 02:50:57,400 - INFO - bot.config - Загружена активность канала https://t.me/mani_egg из сохраненного состояния
2025-04-13 02:50:57,400 - INFO - bot.config - Загружена активность канала https://t.me/wbcashback_go из сохраненного состояния
2025-04-13 02:50:57,400 - INFO - bot.config - Загружена активность канала https://t.me/keshmania из сохраненного состояния
2025-04-13 02:50:57,400 - INFO - bot.config - Загружена активность канала https://t.me/svwboz из сохраненного состояния
2025-04-13 02:50:57,400 - INFO - bot.config - Загружена активность канала https://t.me/baraholka_wilberries из сохраненного состояния
2025-04-13 02:50:57,400 - INFO - bot.config - Загружена активность канала https://t.me/keshbekcs из сохраненного состояния
2025-04-13 02:50:57,913 - ERROR - bot.utils.channel_utils - Не удалось получить сущность для канала cashback_halyva: Cannot send requests while disconnected
2025-04-13 02:50:57,913 - WARNING - bot.config - Не удалось получить сущность для канала https://t.me/cashback_halyva, пропускаем
2025-04-13 02:50:57,913 - INFO - bot.config - Загружена активность канала https://t.me/otzyvy_cashback из сохраненного состояния
2025-04-13 02:50:57,914 - INFO - bot.config - Загружена активность канала https://t.me/kashartfamily из сохраненного состояния
2025-04-13 02:50:57,914 - WARNING - bot.utils.channel_utils - Приватная ссылка на канал не поддерживается напрямую: +QeewdGww_go2YTYy
2025-04-13 02:50:57,914 - WARNING - bot.config - Не удалось получить сущность для канала https://t.me/+QeewdGww_go2YTYy, пропускаем
2025-04-13 02:50:57,914 - INFO - bot.config - Загружена активность канала https://t.me/tingresscahback из сохраненного состояния
2025-04-13 02:50:57,914 - INFO - bot.config - Загружена активность канала https://t.me/zayka_nevinoven из сохраненного состояния
2025-04-13 02:50:57,914 - INFO - bot.config - Загружена активность канала https://t.me/tovar_za_otziv2 из сохраненного состояния
2025-04-13 02:50:57,915 - INFO - bot.config - Загружена активность канала https://t.me/cashback_for_5_stars из сохраненного состояния
2025-04-13 02:50:57,915 - INFO - bot.config - Загружена активность канала https://t.me/mani_egg2 из сохраненного состояния
2025-04-13 02:50:57,915 - INFO - bot.config - Загружена активность канала https://t.me/vykupiwbozon из сохраненного состояния
2025-04-13 02:50:58,428 - INFO - bot.config - Загружена активность канала https://t.me/xalavshikipromokoda4 из сохраненного состояния
2025-04-13 02:50:58,428 - INFO - bot.config - Загружена активность канала https://t.me/topprodajizdec из сохраненного состояния
2025-04-13 02:50:58,428 - INFO - bot.config - Загружена активность канала https://t.me/tovar_za_otz из сохраненного состояния
2025-04-13 02:50:58,429 - INFO - bot.config - Загружена активность канала https://t.me/globalotzivi из сохраненного состояния
2025-04-13 02:50:58,429 - INFO - bot.config - Загружена активность канала https://t.me/stop_moshennik_wb_ozon из сохраненного состояния
2025-04-13 02:50:58,429 - INFO - bot.config - Загружена активность канала https://t.me/best_kosmetics из сохраненного состояния
2025-04-13 02:50:58,429 - INFO - bot.config - Загружена активность канала https://t.me/WBOZONBESPLATNO100 из сохраненного состояния
2025-04-13 02:50:58,429 - INFO - bot.config - Загружена активность канала https://t.me/mpforcashback из сохраненного состояния
2025-04-13 02:50:58,429 - INFO - bot.config - Загружена активность канала https://t.me/tovary_za_otzyvyy из сохраненного состояния
2025-04-13 02:50:58,430 - INFO - bot.config - Загружена активность канала https://t.me/zayachya_lapkaa из сохраненного состояния
2025-04-13 02:50:58,944 - INFO - bot.config - Загружена активность канала https://t.me/WB_OZON_100_cashback из сохраненного состояния
2025-04-13 02:50:58,944 - INFO - bot.config - Загружена активность канала https://t.me/tovarotzuvi из сохраненного состояния
2025-04-13 02:50:58,944 - WARNING - bot.utils.channel_utils - Приватная ссылка на канал не поддерживается напрямую: +yOKXb9ugkVVhNDMy
2025-04-13 02:50:58,944 - WARNING - bot.config - Не удалось получить сущность для канала https://t.me/+yOKXb9ugkVVhNDMy, пропускаем
2025-04-13 02:50:58,944 - INFO - bot.config - Загружена активность канала https://t.me/raspakovkacpek из сохраненного состояния
2025-04-13 02:50:58,944 - WARNING - bot.utils.channel_utils - Приватная ссылка на канал не поддерживается напрямую: +u-89-NYsWnozMDZi
2025-04-13 02:50:58,944 - WARNING - bot.config - Не удалось получить сущность для канала https://t.me/+u-89-NYsWnozMDZi, пропускаем
2025-04-13 02:50:58,946 - INFO - bot.config - Загружена активность канала https://t.me/wb_ozon_saless из сохраненного состояния
2025-04-13 02:50:58,946 - INFO - bot.config - Загружена активность канала https://t.me/best_wb_sale из сохраненного состояния
2025-04-13 02:50:58,946 - INFO - bot.config - Загружена активность канала https://t.me/walrus_best_cashbacks из сохраненного состояния
2025-04-13 02:50:58,946 - INFO - bot.config - Загружена активность канала https://t.me/ceshbek_wb из сохраненного состояния
2025-04-13 02:50:58,946 - INFO - bot.config - Загружена активность канала https://t.me/razdachirosee из сохраненного состояния
2025-04-13 02:50:59,457 - INFO - bot.config - Загружена активность канала https://t.me/cashbackWBOZ из сохраненного состояния
2025-04-13 02:50:59,457 - INFO - bot.config - Загружена активность канала https://t.me/vikup_razdacha_kashback из сохраненного состояния
2025-04-13 02:50:59,457 - INFO - bot.config - Загружена активность канала https://t.me/BLVDvikupay из сохраненного состояния
2025-04-13 02:50:59,457 - INFO - bot.config - Загружена активность канала https://t.me/keshbekiwboz из сохраненного состояния
2025-04-13 02:50:59,458 - INFO - bot.config - Загружена активность канала https://t.me/WB_OZON_for_Kidss из сохраненного состояния
2025-04-13 02:50:59,458 - INFO - bot.config - Загружена активность канала https://t.me/tovar_za_kesh1 из сохраненного состояния
2025-04-13 02:50:59,458 - INFO - bot.config - Загружена активность канала https://t.me/online_hit_cashback из сохраненного состояния
2025-04-13 02:50:59,458 - INFO - bot.config - Загружена активность канала https://t.me/Childrens_cashback из сохраненного состояния
2025-04-13 02:50:59,458 - INFO - bot.config - Загружена активность канала https://t.me/shtrihkodhalyavy из сохраненного состояния
2025-04-13 02:50:59,458 - INFO - bot.config - Загружена активность канала https://t.me/wbrazdachi из сохраненного состояния
2025-04-13 02:50:59,969 - WARNING - bot.utils.channel_utils - Приватная ссылка на канал не поддерживается напрямую: +I7fWHohKZ84zYWRi
2025-04-13 02:50:59,969 - WARNING - bot.config - Не удалось получить сущность для канала https://t.me/+I7fWHohKZ84zYWRi, пропускаем
2025-04-13 02:50:59,969 - INFO - bot.config - Загружена активность канала https://t.me/cashbakzaotzyv из сохраненного состояния
2025-04-13 02:50:59,969 - INFO - bot.config - Загружена активность канала https://t.me/bestsellerpack из сохраненного состояния
2025-04-13 02:50:59,970 - INFO - bot.config - Загружена активность канала https://t.me/keshbek_tovar1 из сохраненного состояния
2025-04-13 02:50:59,970 - INFO - bot.config - Загружена активность канала https://t.me/wb_ozonavito из сохраненного состояния
2025-04-13 02:50:59,970 - INFO - bot.config - Загружена активность канала https://t.me/razdachawbozon из сохраненного состояния
2025-04-13 02:50:59,970 - INFO - bot.config - Загружена активность канала https://t.me/za5zvezd из сохраненного состояния
2025-04-13 02:50:59,970 - INFO - bot.config - Загружена активность канала https://t.me/wbozonkesh из сохраненного состояния
2025-04-13 02:50:59,970 - INFO - bot.config - Загружена активность канала https://t.me/razdachi_keshbek из сохраненного состояния
2025-04-13 02:50:59,970 - INFO - bot.config - Загружена активность канала https://t.me/vikup_cashback из сохраненного состояния
2025-04-13 02:51:00,479 - INFO - bot.config - Загружена активность канала https://t.me/discounts_on_marketplaces из сохраненного состояния
2025-04-13 02:51:00,479 - INFO - bot.config - Загружена активность канала https://t.me/skidkology из сохраненного состояния
2025-04-13 02:51:00,479 - INFO - bot.config - Загружена активность канала https://t.me/wb_saleobzor из сохраненного состояния
2025-04-13 02:51:00,479 - INFO - bot.config - Загружена активность канала https://t.me/cashbackitoshka2023 из сохраненного состояния
2025-04-13 02:51:00,480 - INFO - bot.config - Загружена активность канала https://t.me/cashback_wb_and_ozonn из сохраненного состояния
2025-04-13 02:51:00,480 - INFO - bot.config - Загружена активность канала https://t.me/chatstopmosh из сохраненного состояния
2025-04-13 02:51:00,480 - INFO - bot.config - Загружена активность канала https://t.me/tovarzakashbackwbozonn из сохраненного состояния
2025-04-13 02:51:00,480 - INFO - bot.config - Загружена активность канала https://t.me/cachbeck из сохраненного состояния
2025-04-13 02:51:00,480 - INFO - bot.config - Загружена активность канала https://t.me/salenawb из сохраненного состояния
2025-04-13 02:51:00,480 - INFO - bot.config - Загружена активность канала https://t.me/halyava_za_otziv из сохраненного состояния
2025-04-13 02:51:00,995 - INFO - bot.config - Загружена активность канала https://t.me/sharovik_wb из сохраненного состояния
2025-04-13 02:51:00,995 - INFO - bot.config - Загружена активность канала https://t.me/darimzaotzyv из сохраненного состояния
2025-04-13 02:51:00,995 - INFO - bot.config - Загружена активность канала https://t.me/grcashback из сохраненного состояния
2025-04-13 02:51:00,995 - INFO - bot.config - Загружена активность канала https://t.me/marketplacehot из сохраненного состояния
2025-04-13 02:51:00,996 - ERROR - bot.utils.channel_utils - Не удалось получить сущность для канала samovikupibesplatno: Cannot send requests while disconnected
2025-04-13 02:51:00,996 - WARNING - bot.config - Не удалось получить сущность для канала https://t.me/samovikupibesplatno, пропускаем
2025-04-13 02:51:00,996 - INFO - bot.config - Загружена активность канала https://t.me/tvoy_cashbek из сохраненного состояния
2025-04-13 02:51:00,996 - INFO - bot.config - Загружена активность канала https://t.me/dis_navigator из сохраненного состояния
2025-04-13 02:51:00,996 - INFO - bot.config - Загружена активность канала https://t.me/wbozonkesh70100 из сохраненного состояния
2025-04-13 02:51:00,996 - INFO - bot.config - Загружена активность канала https://t.me/wb_ozon_start из сохраненного состояния
2025-04-13 02:51:00,996 - INFO - bot.config - Загружена активность канала https://t.me/otzyv_cashback из сохраненного состояния
2025-04-13 02:51:01,507 - INFO - bot.config - Загружена активность канала https://t.me/collectionskidka из сохраненного состояния
2025-04-13 02:51:01,507 - INFO - bot.config - Загружена активность канала https://t.me/onereklamatovara из сохраненного состояния
2025-04-13 02:51:01,507 - WARNING - bot.utils.channel_utils - Приватная ссылка на канал не поддерживается напрямую: +Vwzt0Wl3ahllMDI6
2025-04-13 02:51:01,507 - WARNING - bot.config - Не удалось получить сущность для канала https://t.me/+Vwzt0Wl3ahllMDI6, пропускаем
2025-04-13 02:51:01,508 - WARNING - bot.utils.channel_utils - Приватная ссылка на канал не поддерживается напрямую: +i8MathZcizEwMmVi
2025-04-13 02:51:01,508 - WARNING - bot.config - Не удалось получить сущность для канала https://t.me/+i8MathZcizEwMmVi, пропускаем
2025-04-13 02:51:01,508 - INFO - bot.config - Загружена активность канала https://t.me/wildberries_cash_back из сохраненного состояния
2025-04-13 02:51:01,508 - INFO - bot.config - Загружена активность канала https://t.me/cashback_wbozon из сохраненного состояния
2025-04-13 02:51:01,508 - INFO - bot.config - Загружена активность канала -1002404189771 из сохраненного состояния
2025-04-13 02:51:01,508 - INFO - bot.config - Загружена активность канала https://t.me/wilderries_free из сохраненного состояния
2025-04-13 02:51:01,509 - WARNING - bot.utils.channel_utils - Приватная ссылка на канал не поддерживается напрямую: +FkVWNsfMjJFjOWQ6
2025-04-13 02:51:01,509 - WARNING - bot.config - Не удалось получить сущность для канала https://t.me/+FkVWNsfMjJFjOWQ6, пропускаем
2025-04-13 02:51:01,509 - ERROR - bot.utils.channel_utils - Не удалось получить сущность для канала zona_raspakovku: Cannot send requests while disconnected
2025-04-13 02:51:01,509 - WARNING - bot.config - Не удалось получить сущность для канала https://t.me/zona_raspakovku, пропускаем
2025-04-13 02:51:02,023 - INFO - bot.config - Загружена активность канала https://t.me/keshbek_za_otzyv_lovi из сохраненного состояния
2025-04-13 02:51:02,023 - INFO - bot.config - Загружена активность канала https://t.me/vJa3xvKmH9AxNzgy из сохраненного состояния
2025-04-13 02:51:02,023 - INFO - bot.config - Загружена активность канала https://t.me/blacklist_cashback из сохраненного состояния
2025-04-13 02:51:02,023 - INFO - bot.config - Загружена активность канала https://t.me/otzev_go из сохраненного состояния
2025-04-13 02:51:02,024 - INFO - bot.config - Загружена активность канала https://t.me/keshbek_za_otzyv из сохраненного состояния
2025-04-13 02:51:02,024 - INFO - bot.config - Загружена активность канала https://t.me/onlinehitkids из сохраненного состояния
2025-04-13 02:51:02,024 - INFO - bot.config - Загружена активность канала https://t.me/cascbackcity из сохраненного состояния
2025-04-13 02:51:02,024 - INFO - bot.config - Загружена активность канала https://t.me/madiko431 из сохраненного состояния
2025-04-13 02:51:02,024 - INFO - bot.config - Загружена активность канала https://t.me/Otzovik_WB_OZON_TOP из сохраненного состояния
2025-04-13 02:51:02,024 - ERROR - bot.utils.channel_utils - Не удалось получить сущность для канала razdachawbozoncashback: Cannot send requests while disconnected
2025-04-13 02:51:02,025 - WARNING - bot.config - Не удалось получить сущность для канала https://t.me/razdachawbozoncashback, пропускаем
2025-04-13 02:51:02,536 - INFO - bot.config - Загружена активность канала https://t.me/razdazhawbozon2 из сохраненного состояния
2025-04-13 02:51:02,536 - INFO - bot.config - Загружена активность канала https://t.me/otzivi_wb_ozon из сохраненного состояния
2025-04-13 02:51:02,536 - INFO - bot.config - Загружена активность канала https://t.me/keshanytiigoose из сохраненного состояния
2025-04-13 02:51:02,536 - INFO - bot.config - Загружена активность канала https://t.me/cashbackonwb из сохраненного состояния
2025-04-13 02:51:02,536 - INFO - bot.config - Загружена активность канала https://t.me/WOzonWb из сохраненного состояния
2025-04-13 02:51:02,537 - INFO - bot.config - Загружена активность канала https://t.me/discountforthewholeseason69 из сохраненного состояния
2025-04-13 02:51:02,537 - INFO - bot.config - Загружена активность канала https://t.me/father_cashback из сохраненного состояния
2025-04-13 02:51:02,537 - INFO - bot.config - Загружена активность канала https://t.me/vykup_keshbek6 из сохраненного состояния
2025-04-13 02:51:02,537 - ERROR - bot.utils.channel_utils - Не удалось получить сущность для канала produkty_vykup: Cannot send requests while disconnected
2025-04-13 02:51:02,537 - WARNING - bot.config - Не удалось получить сущность для канала https://t.me/produkty_vykup, пропускаем
2025-04-13 02:51:02,538 - INFO - bot.config - Загружена активность канала https://t.me/kingssports_tg из сохраненного состояния
2025-04-13 02:51:03,047 - INFO - bot.config - Загружена активность канала https://t.me/keshanytiigus из сохраненного состояния
2025-04-13 02:51:03,047 - INFO - bot.config - Загружена активность канала https://t.me/cash_wb_and_ozon из сохраненного состояния
2025-04-13 02:51:03,047 - INFO - bot.config - Загружена активность канала https://t.me/wbpizdec из сохраненного состояния
2025-04-13 02:51:03,048 - INFO - bot.config - Инициализация активности завершена для 173 каналов из 193
2025-04-13 02:51:03,049 - ERROR - bot.data.storage - Ошибка сохранения состояния: Object of type datetime is not JSON serializable
2025-04-13 02:51:03,049 - INFO - bot.config - Запланировано проверить 2 каналов
2025-04-13 02:51:03,049 - WARNING - bot.utils.retry - API запрос: попытка 1/10 не удалась: Cannot send requests while disconnected, повтор через 5.63 сек
2025-04-13 02:51:03,050 - WARNING - bot.utils.retry - API запрос: попытка 1/10 не удалась: Cannot send requests while disconnected, повтор через 7.40 сек
2025-04-13 02:52:57,480 - INFO - bot.config - Загружена конфигурация из bot\config.json
2025-04-13 02:52:57,481 - INFO - bot.utils.channel_utils - Загружено 194 каналов из файла sources.txt
2025-04-13 02:52:57,481 - INFO - bot.config - Итоговое количество источников: 193
2025-04-13 02:52:57,524 - WARNING - bot.config - Не удалось зарегистрировать обработчики сигналов: 
2025-04-13 02:52:57,524 - INFO - bot.config - Используется директория для сессий: sessions
2025-04-13 02:52:57,526 - INFO - bot.config - Проверка прав доступа к sessions пройдена успешно
2025-04-13 02:52:57,527 - INFO - bot.config - Удален файл состояния parser_state.json
2025-04-13 02:52:57,869 - INFO - bot.config - Инициализирован бот и диспетчер
2025-04-13 02:52:57,869 - INFO - bot.config - Запуск обработки сообщений ботом
2025-04-13 02:53:00,872 - INFO - bot.config - Бот запущен и готов получать сообщения
2025-04-13 02:53:01,124 - INFO - bot.config - Отправлено предварительное уведомление администратору 5304440647
2025-04-13 02:53:04,295 - INFO - bot.data.storage - Файл состояния parser_state.json не найден, создаем новый
2025-04-13 02:53:04,295 - INFO - bot.config - Инициализация парсера Telegram
2025-04-13 02:53:04,296 - INFO - bot.config - Парсер инициализирован. Макс. конкурентных запросов: 5
2025-04-13 02:53:04,297 - INFO - bot.config - Путь к файлу сессии: sessions\79939366352
2025-04-13 02:53:04,297 - INFO - bot.data.storage - Файл состояния parser_state.json не найден, создаем новый
2025-04-13 02:53:04,298 - INFO - bot.config - Зарегистрированы обработчики сигналов для грациозного завершения
2025-04-13 02:53:04,298 - INFO - bot.config - Парсер инициализирован, время запуска: 2025-04-12 23:53:04.297375+00:00
2025-04-13 02:53:04,298 - INFO - bot.config - Привязан экземпляр бота к парсеру
2025-04-13 02:53:04,298 - INFO - bot.config - Подключение к API Telegram...
2025-04-13 02:53:04,298 - INFO - bot.config - Используется сессия: sessions\79939366352
2025-04-13 02:53:04,300 - INFO - bot.config - Попытка подключения к Telegram (попытка 1/5)...
2025-04-13 02:53:05,834 - INFO - bot.config - Начало авторизации для номера 79939366352
2025-04-13 02:53:05,936 - INFO - bot.config - Запрос кода авторизации отправлен
2025-04-13 02:53:15,186 - ERROR - bot.config - Получен код авторизации от администратора 5304440647: 20893
2025-04-13 02:53:16,240 - INFO - bot.config - Успешно авторизован как Will.i.am (ID: 7193033126)
2025-04-13 02:53:16,241 - INFO - bot.config - Запуск задачи парсера
2025-04-13 02:53:16,241 - INFO - bot.config - Парсер запущен
2025-04-13 02:53:16,241 - INFO - bot.config - Запущен мониторинг активности с таймаутом 180 секунд
2025-04-13 02:53:16,241 - INFO - bot.config - Проверка новых сообщений во всех каналах
2025-04-13 02:53:16,242 - INFO - bot.utils.channel_utils - Загружено 194 каналов из файла sources.txt
2025-04-13 02:53:16,242 - INFO - bot.config - Начало инициализации активности для 193 каналов
2025-04-13 02:53:16,243 - WARNING - bot.utils.channel_utils - Приватная ссылка на канал не поддерживается напрямую: +u-89-NYsWnozMDZi
2025-04-13 02:53:16,243 - WARNING - bot.config - Не удалось получить сущность для канала https://t.me/+u-89-NYsWnozMDZi, пропускаем
2025-04-13 02:53:16,289 - ERROR - bot.utils.channel_utils - Не удалось получить сущность для канала wbozoncashbackyou: No user has "wbozoncashbackyou" as username
2025-04-13 02:53:16,289 - WARNING - bot.config - Не удалось получить сущность для канала https://t.me/wbozoncashbackyou, пропускаем
2025-04-13 02:53:16,331 - INFO - bot.config - Канал https://t.me/vikup_razdacha_kashback активен, последний пост: 2025-04-12 18:20:08+00:00, интервал: 60 сек
2025-04-13 02:53:16,332 - INFO - bot.config - Канал https://t.me/backcashwb активен, последний пост: 2025-04-12 07:01:43+00:00, интервал: 60 сек
2025-04-13 02:53:16,332 - INFO - bot.config - Канал https://t.me/CashikWB активен, последний пост: 2025-04-12 17:45:15+00:00, интервал: 60 сек
2025-04-13 02:53:16,333 - INFO - bot.config - Канал https://t.me/razdacha_za_otziv активен, последний пост: 2025-04-12 18:01:54+00:00, интервал: 60 сек
2025-04-13 02:53:16,335 - INFO - bot.config - Канал https://t.me/salenawb активен, последний пост: 2025-04-12 17:24:16+00:00, интервал: 60 сек
2025-04-13 02:53:16,335 - INFO - bot.config - Канал https://t.me/razdazhawbozon2 активен, последний пост: 2025-04-12 18:34:41+00:00, интервал: 60 сек
2025-04-13 02:53:16,336 - INFO - bot.config - Канал https://t.me/yagoda_xalava активен, последний пост: 2025-04-12 21:12:45+00:00, интервал: 60 сек
2025-04-13 02:53:16,340 - INFO - bot.config - Канал https://t.me/onlyhitcash100 активен, последний пост: 2025-04-09 12:59:21+00:00, интервал: 60 сек
2025-04-13 02:53:16,799 - ERROR - bot.utils.channel_utils - Не удалось получить сущность для канала cashbackpro100: No user has "cashbackpro100" as username
2025-04-13 02:53:16,800 - WARNING - bot.config - Не удалось получить сущность для канала https://t.me/cashbackpro100, пропускаем
2025-04-13 02:53:16,846 - INFO - bot.config - Канал https://t.me/top_sale_wildberries активен, последний пост: 2025-04-12 15:02:20+00:00, интервал: 60 сек
2025-04-13 02:53:16,847 - INFO - bot.config - Канал https://t.me/vykup5 активен, последний пост: 2025-04-12 23:50:30+00:00, интервал: 60 сек
2025-04-13 02:53:16,848 - INFO - bot.config - Канал https://t.me/tvoy_cashbek активен, последний пост: 2025-04-12 15:00:02+00:00, интервал: 60 сек
2025-04-13 02:53:16,848 - INFO - bot.config - Канал https://t.me/otzyv_cashback активен, последний пост: 2025-04-12 14:00:04+00:00, интервал: 60 сек
2025-04-13 02:53:16,849 - INFO - bot.config - Канал https://t.me/razdachi_keshbek активен, последний пост: 2025-04-12 23:40:22+00:00, интервал: 60 сек
2025-04-13 02:53:16,849 - INFO - bot.config - Канал https://t.me/keshanytiigoose активен, последний пост: 2025-04-12 23:33:45+00:00, интервал: 60 сек
2025-04-13 02:53:16,853 - INFO - bot.config - Канал https://t.me/supertovariwb1 активен, последний пост: 2025-04-12 23:09:41+00:00, интервал: 60 сек
2025-04-13 02:53:16,856 - INFO - bot.config - Канал https://t.me/wbrazdachi активен, последний пост: 2025-04-11 16:03:01+00:00, интервал: 60 сек
2025-04-13 02:53:16,858 - INFO - bot.config - Канал https://t.me/Childrens_cashback активен, последний пост: 2025-04-12 19:26:44+00:00, интервал: 60 сек
2025-04-13 02:53:17,273 - WARNING - bot.utils.channel_utils - Приватная ссылка на канал не поддерживается напрямую: +QeewdGww_go2YTYy
2025-04-13 02:53:17,273 - WARNING - bot.config - Не удалось получить сущность для канала https://t.me/+QeewdGww_go2YTYy, пропускаем
2025-04-13 02:53:17,361 - INFO - bot.config - Канал https://t.me/besplatnowb активен, последний пост: 2025-04-12 17:30:00+00:00, интервал: 60 сек
2025-04-13 02:53:17,362 - INFO - bot.config - Канал https://t.me/tovar_za_otz активен, последний пост: 2025-04-12 18:51:00+00:00, интервал: 60 сек
2025-04-13 02:53:17,363 - INFO - bot.config - Канал https://t.me/cashbackWBOZ активен, последний пост: 2025-04-12 23:49:59+00:00, интервал: 60 сек
2025-04-13 02:53:17,363 - INFO - bot.config - Канал https://t.me/svwboz неактивен 47 дней, интервал: 360 сек
2025-04-13 02:53:17,364 - INFO - bot.config - Канал https://t.me/shtrihkodhalyavy активен, последний пост: 2025-04-12 16:59:09+00:00, интервал: 60 сек
2025-04-13 02:53:17,367 - INFO - bot.config - Канал https://t.me/wbozon_razdachi неактивен 60 дней, интервал: 360 сек
2025-04-13 02:53:17,370 - INFO - bot.config - Канал https://t.me/tovary_za_otzyvyy активен, последний пост: 2025-04-12 19:49:16+00:00, интервал: 60 сек
2025-04-13 02:53:17,374 - INFO - bot.config - Канал https://t.me/keshanytiigus неактивен 40 дней, интервал: 360 сек
2025-04-13 02:53:17,374 - INFO - bot.config - Канал https://t.me/wHvKsxJzQU0NjVi активен, последний пост: 2025-04-12 23:48:57+00:00, интервал: 60 сек
2025-04-13 02:53:17,788 - WARNING - bot.utils.channel_utils - Приватная ссылка на канал не поддерживается напрямую: +yOKXb9ugkVVhNDMy
2025-04-13 02:53:17,788 - WARNING - bot.config - Не удалось получить сущность для канала https://t.me/+yOKXb9ugkVVhNDMy, пропускаем
2025-04-13 02:53:17,829 - ERROR - bot.utils.channel_utils - Не удалось получить сущность для канала samovikupibesplatno: No user has "samovikupibesplatno" as username
2025-04-13 02:53:17,829 - WARNING - bot.config - Не удалось получить сущность для канала https://t.me/samovikupibesplatno, пропускаем
2025-04-13 02:53:17,876 - INFO - bot.config - Канал https://t.me/kashartfamily активен, последний пост: 2025-04-11 12:17:59+00:00, интервал: 60 сек
2025-04-13 02:53:17,876 - INFO - bot.config - Канал https://t.me/Cashback_WB_OZON_2024 активен, последний пост: 2025-04-12 20:59:10+00:00, интервал: 60 сек
2025-04-13 02:53:17,877 - INFO - bot.config - Канал https://t.me/WBOZONBESPLATNO100 активен, последний пост: 2025-04-12 19:22:39+00:00, интервал: 60 сек
2025-04-13 02:53:17,878 - INFO - bot.config - Канал https://t.me/cashback100only активен, последний пост: 2025-04-12 18:07:11+00:00, интервал: 60 сек
2025-04-13 02:53:17,879 - INFO - bot.config - Канал https://t.me/HAXODKI_PAZDACHI активен, последний пост: 2025-04-12 21:11:40+00:00, интервал: 60 сек
2025-04-13 02:53:17,879 - INFO - bot.config - Канал https://t.me/chestnyreiting активен, последний пост: 2025-04-12 17:41:31+00:00, интервал: 60 сек
2025-04-13 02:53:17,882 - INFO - bot.config - Канал https://t.me/wb_ozon_skidki_rasprodazha активен, последний пост: 2025-04-12 16:50:00+00:00, интервал: 60 сек
2025-04-13 02:53:17,886 - INFO - bot.config - Канал https://t.me/best_kosmetics активен, последний пост: 2025-04-10 10:01:58+00:00, интервал: 60 сек
2025-04-13 02:53:18,301 - WARNING - bot.utils.channel_utils - Приватная ссылка на канал не поддерживается напрямую: +Vwzt0Wl3ahllMDI6
2025-04-13 02:53:18,301 - WARNING - bot.config - Не удалось получить сущность для канала https://t.me/+Vwzt0Wl3ahllMDI6, пропускаем
2025-04-13 02:53:18,390 - INFO - bot.config - Канал https://t.me/wbozonkesh активен, последний пост: 2025-04-12 17:04:43+00:00, интервал: 60 сек
2025-04-13 02:53:18,391 - INFO - bot.config - Канал https://t.me/CASH_Trash1000 активен, последний пост: 2025-04-11 17:01:49+00:00, интервал: 60 сек
2025-04-13 02:53:18,391 - INFO - bot.config - Канал https://t.me/razdachawbozon неактивен 26 дней, интервал: 360 сек
2025-04-13 02:53:18,393 - INFO - bot.config - Канал https://t.me/dis_navigator неактивен 64 дней, интервал: 360 сек
2025-04-13 02:53:18,398 - INFO - bot.config - Канал https://t.me/BLVDvikupay активен, последний пост: 2025-04-12 21:14:06+00:00, интервал: 60 сек
2025-04-13 02:53:18,399 - INFO - bot.config - Канал https://t.me/keshbek7 активен, последний пост: 2025-04-12 13:01:03+00:00, интервал: 60 сек
2025-04-13 02:53:18,400 - INFO - bot.config - Канал https://t.me/cashbacksv активен, последний пост: 2025-04-12 16:33:44+00:00, интервал: 60 сек
2025-04-13 02:53:18,403 - INFO - bot.config - Канал https://t.me/vukypi активен, последний пост: 2025-04-12 20:00:08+00:00, интервал: 60 сек
2025-04-13 02:53:18,406 - INFO - bot.config - Канал https://t.me/reclamawbozonya активен, последний пост: 2025-04-12 18:09:02+00:00, интервал: 60 сек
2025-04-13 02:53:18,903 - INFO - bot.config - Канал https://t.me/father_cashback активен, последний пост: 2025-04-12 17:02:05+00:00, интервал: 60 сек
2025-04-13 02:53:18,904 - INFO - bot.config - Канал https://t.me/xalavshikipromokoda4 активен, последний пост: 2025-04-12 19:00:00+00:00, интервал: 60 сек
2025-04-13 02:53:18,905 - INFO - bot.config - Канал https://t.me/topprodajizdec активен, последний пост: 2025-04-12 18:27:02+00:00, интервал: 60 сек
2025-04-13 02:53:18,906 - INFO - bot.config - Канал https://t.me/WB_OZON_for_Kidss активен, последний пост: 2025-04-12 21:18:48+00:00, интервал: 60 сек
2025-04-13 02:53:18,906 - INFO - bot.config - Канал https://t.me/chatstopmosh активен, последний пост: 2025-04-09 18:17:37+00:00, интервал: 60 сек
2025-04-13 02:53:18,908 - INFO - bot.config - Канал https://t.me/wilderries_free активен, последний пост: 2025-04-12 17:34:23+00:00, интервал: 60 сек
2025-04-13 02:53:18,910 - INFO - bot.config - Канал https://t.me/kingssports_tg активен, последний пост: 2025-04-11 07:21:27+00:00, интервал: 60 сек
2025-04-13 02:53:18,913 - INFO - bot.config - Канал https://t.me/black_cashbacks2 активен, последний пост: 2025-04-12 23:48:09+00:00, интервал: 60 сек
2025-04-13 02:53:18,915 - INFO - bot.config - Канал https://t.me/tovar_za_otzivi_wb_ozon активен, последний пост: 2025-04-12 17:38:15+00:00, интервал: 60 сек
2025-04-13 02:53:18,916 - INFO - bot.config - Канал https://t.me/cashback_za_tovar активен, последний пост: 2025-04-12 17:09:05+00:00, интервал: 60 сек
2025-04-13 02:53:19,369 - ERROR - bot.utils.channel_utils - Не удалось получить сущность для канала razdachawbozoncashback: No user has "razdachawbozoncashback" as username
2025-04-13 02:53:19,369 - WARNING - bot.config - Не удалось получить сущность для канала https://t.me/razdachawbozoncashback, пропускаем
2025-04-13 02:53:19,416 - INFO - bot.config - Канал https://t.me/wbpizdec неактивен 84 дней, интервал: 360 сек
2025-04-13 02:53:19,417 - INFO - bot.config - Канал https://t.me/keshbek_za_otzyv_lovi активен, последний пост: 2025-04-12 19:00:00+00:00, интервал: 60 сек
2025-04-13 02:53:19,418 - INFO - bot.config - Канал https://t.me/Wildberries1cashback неактивен 15 дней, интервал: 360 сек
2025-04-13 02:53:19,418 - INFO - bot.config - Канал https://t.me/blacklist_cashback активен, последний пост: 2025-04-12 23:44:47+00:00, интервал: 60 сек
2025-04-13 02:53:19,419 - INFO - bot.config - Канал https://t.me/raspakovkacpek активен, последний пост: 2025-04-12 23:47:52+00:00, интервал: 60 сек
2025-04-13 02:53:19,421 - INFO - bot.config - Канал https://t.me/cashbakzaotzyv неактивен 94 дней, интервал: 360 сек
2025-04-13 02:53:19,426 - INFO - bot.config - Канал https://t.me/globalotzivi активен, последний пост: 2025-04-11 08:00:00+00:00, интервал: 60 сек
2025-04-13 02:53:20,343 - WARNING - bot.utils.channel_utils - Приватная ссылка на канал не поддерживается напрямую: +I7fWHohKZ84zYWRi
2025-04-13 02:53:20,343 - WARNING - bot.config - Не удалось получить сущность для канала https://t.me/+I7fWHohKZ84zYWRi, пропускаем
2025-04-13 02:53:20,385 - ERROR - bot.utils.channel_utils - Не удалось получить сущность для канала wb_cashback_sales: No user has "wb_cashback_sales" as username
2025-04-13 02:53:20,385 - WARNING - bot.config - Не удалось получить сущность для канала https://t.me/wb_cashback_sales, пропускаем
2025-04-13 02:53:20,843 - WARNING - bot.utils.channel_utils - Приватная ссылка на канал не поддерживается напрямую: +i8MathZcizEwMmVi
2025-04-13 02:53:20,843 - WARNING - bot.config - Не удалось получить сущность для канала https://t.me/+i8MathZcizEwMmVi, пропускаем
2025-04-13 02:53:20,843 - WARNING - bot.utils.channel_utils - Приватная ссылка на канал не поддерживается напрямую: +lo9c0teJQrNiNzk6
2025-04-13 02:53:20,844 - WARNING - bot.config - Не удалось получить сущность для канала https://t.me/+lo9c0teJQrNiNzk6, пропускаем
2025-04-13 02:53:22,472 - ERROR - bot.utils.channel_utils - Не удалось получить сущность для канала cashback_halyva: No user has "cashback_halyva" as username
2025-04-13 02:53:22,472 - WARNING - bot.config - Не удалось получить сущность для канала https://t.me/cashback_halyva, пропускаем
2025-04-13 02:53:22,475 - ERROR - bot.utils.channel_utils - Не удалось получить сущность для канала cashbundi: No user has "cashbundi" as username
2025-04-13 02:53:22,475 - WARNING - bot.config - Не удалось получить сущность для канала https://t.me/cashbundi, пропускаем
2025-04-13 02:53:23,418 - ERROR - bot.utils.channel_utils - Не удалось получить сущность для канала zona_raspakovku: No user has "zona_raspakovku" as username
2025-04-13 02:53:23,418 - WARNING - bot.config - Не удалось получить сущность для канала https://t.me/zona_raspakovku, пропускаем
2025-04-13 02:53:23,418 - ERROR - bot.utils.channel_utils - Не удалось получить сущность для канала produkty_vykup: No user has "produkty_vykup" as username
2025-04-13 02:53:23,418 - WARNING - bot.config - Не удалось получить сущность для канала https://t.me/produkty_vykup, пропускаем
2025-04-13 02:53:24,406 - WARNING - bot.utils.channel_utils - Приватная ссылка на канал не поддерживается напрямую: +St2-cQONIA9lZjA6
2025-04-13 02:53:24,406 - WARNING - bot.config - Не удалось получить сущность для канала https://t.me/+St2-cQONIA9lZjA6, пропускаем
2025-04-13 02:53:24,406 - WARNING - bot.utils.channel_utils - Приватная ссылка на канал не поддерживается напрямую: +FkVWNsfMjJFjOWQ6
2025-04-13 02:53:24,406 - WARNING - bot.config - Не удалось получить сущность для канала https://t.me/+FkVWNsfMjJFjOWQ6, пропускаем
2025-04-13 02:53:24,915 - WARNING - bot.utils.channel_utils - Приватная ссылка на канал не поддерживается напрямую: +xgtGB-MZBAVlOTZi
2025-04-13 02:53:24,915 - WARNING - bot.config - Не удалось получить сущность для канала https://t.me/+xgtGB-MZBAVlOTZi, пропускаем
2025-04-13 02:53:25,474 - ERROR - bot.utils.channel_utils - Не удалось получить сущность для канала cashback_WBiOzon: No user has "cashback_wbiozon" as username
2025-04-13 02:53:25,475 - WARNING - bot.config - Не удалось получить сущность для канала https://t.me/cashback_WBiOzon, пропускаем
2025-04-13 02:53:46,990 - INFO - bot.config - Канал https://t.me/jurello_youlove активен, последний пост: 2025-04-10 09:52:35+00:00, интервал: 60 сек
2025-04-13 02:53:46,991 - INFO - bot.config - Канал https://t.me/aukzzionrazdach активен, последний пост: 2025-04-12 17:55:49+00:00, интервал: 60 сек
2025-04-13 02:53:46,993 - INFO - bot.config - Канал https://t.me/super_cash_back активен, последний пост: 2025-04-12 12:20:04+00:00, интервал: 60 сек
2025-04-13 02:53:46,994 - INFO - bot.config - Канал https://t.me/halyava_za_otziv активен, последний пост: 2025-04-12 16:57:51+00:00, интервал: 60 сек
2025-04-13 02:53:46,995 - INFO - bot.config - Канал https://t.me/razdachirosee активен, последний пост: 2025-04-12 17:22:18+00:00, интервал: 60 сек
2025-04-13 02:53:46,995 - INFO - bot.config - Канал https://t.me/razdachaottani активен, последний пост: 2025-04-12 15:14:04+00:00, интервал: 60 сек
2025-04-13 02:53:47,027 - INFO - bot.config - Канал https://t.me/wbzfree активен, последний пост: 2025-04-11 11:55:49+00:00, интервал: 60 сек
2025-04-13 02:53:47,028 - INFO - bot.config - Канал https://t.me/wb_kesh100 активен, последний пост: 2025-04-12 06:03:14+00:00, интервал: 60 сек
2025-04-13 02:53:47,028 - INFO - bot.config - Канал https://t.me/tovarzakashbackwbozonn активен, последний пост: 2025-04-12 23:51:22+00:00, интервал: 60 сек
2025-04-13 02:53:47,029 - INFO - bot.config - Канал https://t.me/supertovariwb активен, последний пост: 2025-04-12 19:30:45+00:00, интервал: 60 сек
2025-04-13 02:53:47,029 - INFO - bot.config - Канал https://t.me/skidkiwblina активен, последний пост: 2025-04-12 23:06:58+00:00, интервал: 60 сек
2025-04-13 02:53:47,030 - INFO - bot.config - Канал https://t.me/ceshbek_wb активен, последний пост: 2025-04-12 23:46:09+00:00, интервал: 60 сек
2025-04-13 02:53:47,030 - INFO - bot.config - Канал https://t.me/keshbek9 активен, последний пост: 2025-04-12 23:00:06+00:00, интервал: 60 сек
2025-04-13 02:53:47,031 - INFO - bot.config - Канал https://t.me/tovarotzuv активен, последний пост: 2025-04-12 23:52:36+00:00, интервал: 60 сек
2025-04-13 02:53:47,031 - INFO - bot.config - Канал https://t.me/item_for_rewiew активен, последний пост: 2025-04-10 17:02:57+00:00, интервал: 60 сек
2025-04-13 02:53:47,032 - INFO - bot.config - Канал https://t.me/razdahatovarov активен, последний пост: 2025-04-12 19:02:32+00:00, интервал: 60 сек
2025-04-13 02:53:47,033 - INFO - bot.config - Канал https://t.me/cashforfeedback активен, последний пост: 2025-04-11 08:58:09+00:00, интервал: 60 сек
2025-04-13 02:53:47,033 - INFO - bot.config - Канал https://t.me/cachbeck неактивен 45 дней, интервал: 360 сек
2025-04-13 02:53:47,034 - INFO - bot.config - Канал https://t.me/ozonwbandsale активен, последний пост: 2025-04-12 15:02:34+00:00, интервал: 60 сек
2025-04-13 02:53:47,034 - INFO - bot.config - Канал https://t.me/cashbackonwb активен, последний пост: 2025-04-12 17:00:33+00:00, интервал: 60 сек
2025-04-13 02:53:47,035 - INFO - bot.config - Канал https://t.me/onereklamatovara активен, последний пост: 2025-04-12 22:15:57+00:00, интервал: 60 сек
2025-04-13 02:53:47,035 - INFO - bot.config - Канал https://t.me/wb_ozon_start активен, последний пост: 2025-04-12 20:00:10+00:00, интервал: 60 сек
2025-04-13 02:53:47,036 - INFO - bot.config - Канал https://t.me/cashback_wbozon неактивен 18 дней, интервал: 360 сек
2025-04-13 02:53:47,038 - INFO - bot.config - Канал https://t.me/cashback_wb_ozo активен, последний пост: 2025-04-12 21:40:27+00:00, интервал: 60 сек
2025-04-13 02:53:47,039 - INFO - bot.config - Канал https://t.me/cashbacknutie активен, последний пост: 2025-04-12 18:21:47+00:00, интервал: 60 сек
2025-04-13 02:53:47,040 - INFO - bot.config - Канал https://t.me/cashbekwbozon активен, последний пост: 2025-04-12 16:05:11+00:00, интервал: 60 сек
2025-04-13 02:53:47,041 - INFO - bot.config - Канал https://t.me/wb_ozonavito активен, последний пост: 2025-04-12 23:20:01+00:00, интервал: 60 сек
2025-04-13 02:53:47,062 - INFO - bot.config - Канал https://t.me/cashback_wb_and_ozonn активен, последний пост: 2025-04-12 17:09:05+00:00, интервал: 60 сек
2025-04-13 02:53:47,062 - INFO - bot.config - Канал https://t.me/cashback_for_5_stars активен, последний пост: 2025-04-12 19:00:06+00:00, интервал: 60 сек
2025-04-13 02:53:47,063 - INFO - bot.config - Канал https://t.me/discountforthewholeseason69 активен, последний пост: 2025-04-11 11:28:39+00:00, интервал: 60 сек
2025-04-13 02:53:47,064 - INFO - bot.config - Канал https://t.me/cash_wb_and_ozon активен, последний пост: 2025-04-12 17:09:04+00:00, интервал: 60 сек
2025-04-13 02:53:47,075 - INFO - bot.config - Канал https://t.me/grcashback активен, последний пост: 2025-04-10 13:00:04+00:00, интервал: 60 сек
2025-04-13 02:53:47,443 - INFO - bot.config - Канал https://t.me/gives_ozon_wb активен, последний пост: 2025-04-12 17:46:11+00:00, интервал: 60 сек
2025-04-13 02:53:47,444 - INFO - bot.config - Канал https://t.me/keshbekiwboz активен, последний пост: 2025-04-12 22:54:45+00:00, интервал: 60 сек
2025-04-13 02:53:47,444 - INFO - bot.config - Канал https://t.me/keshmania активен, последний пост: 2025-04-12 23:39:48+00:00, интервал: 60 сек
2025-04-13 02:53:47,445 - INFO - bot.config - Канал https://t.me/cashzaotzyv активен, последний пост: 2025-04-12 23:45:03+00:00, интервал: 60 сек
2025-04-13 02:53:47,446 - INFO - bot.config - Канал https://t.me/walrus_best_cashbacks активен, последний пост: 2025-04-12 16:10:11+00:00, интервал: 60 сек
2025-04-13 02:53:47,446 - INFO - bot.config - Канал https://t.me/Otzovik_WB_OZON_TOP активен, последний пост: 2025-04-12 23:52:58+00:00, интервал: 60 сек
2025-04-13 02:53:47,447 - INFO - bot.config - Канал https://t.me/discounts_on_marketplaces активен, последний пост: 2025-04-11 16:25:07+00:00, интервал: 60 сек
2025-04-13 02:53:47,449 - INFO - bot.config - Канал https://t.me/lovtsy_skidok активен, последний пост: 2025-04-12 20:05:20+00:00, интервал: 60 сек
2025-04-13 02:53:47,453 - INFO - bot.config - Канал https://t.me/uletnuicashback активен, последний пост: 2025-04-11 18:26:59+00:00, интервал: 60 сек
2025-04-13 02:53:47,454 - INFO - bot.config - Канал https://t.me/tovarzaotziv активен, последний пост: 2025-04-12 18:10:46+00:00, интервал: 60 сек
2025-04-13 02:53:47,455 - INFO - bot.config - Канал https://t.me/wb_oz_cashback активен, последний пост: 2025-04-12 23:51:20+00:00, интервал: 60 сек
2025-04-13 02:53:47,457 - INFO - bot.config - Канал https://t.me/wbozonkesh70100 активен, последний пост: 2025-04-12 17:33:04+00:00, интервал: 60 сек
2025-04-13 02:53:47,459 - INFO - bot.config - Канал https://t.me/wildberrieskesh активен, последний пост: 2025-04-12 12:05:36+00:00, интервал: 60 сек
2025-04-13 02:53:47,460 - INFO - bot.config - Канал https://t.me/tovarotzuvi активен, последний пост: 2025-04-12 19:36:09+00:00, интервал: 60 сек
2025-04-13 02:53:47,463 - INFO - bot.config - Канал https://t.me/otzyvy_cashback активен, последний пост: 2025-04-12 23:47:05+00:00, интервал: 60 сек
2025-04-13 02:53:47,463 - INFO - bot.config - Канал https://t.me/madiko431 активен, последний пост: 2025-04-12 08:22:55+00:00, интервал: 60 сек
2025-04-13 02:53:47,464 - INFO - bot.config - Канал https://t.me/cashbackLiza активен, последний пост: 2025-04-12 17:07:13+00:00, интервал: 60 сек
2025-04-13 02:53:47,466 - INFO - bot.config - Канал https://t.me/onlinehitkids активен, последний пост: 2025-04-12 18:34:44+00:00, интервал: 60 сек
2025-04-13 02:53:47,482 - INFO - bot.config - Канал https://t.me/zayachya_lapkaa активен, последний пост: 2025-04-12 21:00:42+00:00, интервал: 60 сек
2025-04-13 02:53:47,483 - INFO - bot.config - Канал https://t.me/tovar_za_kesh1 активен, последний пост: 2025-04-10 18:17:32+00:00, интервал: 60 сек
2025-04-13 02:53:47,485 - INFO - bot.config - Канал https://t.me/razdachaWB2 неактивен 91 дней, интервал: 360 сек
2025-04-13 02:53:47,485 - INFO - bot.config - Канал https://t.me/zayka_nevinoven активен, последний пост: 2025-04-12 23:45:22+00:00, интервал: 60 сек
2025-04-13 02:53:47,487 - INFO - bot.config - Канал https://t.me/wb_ozon_saless активен, последний пост: 2025-04-12 18:00:04+00:00, интервал: 60 сек
2025-04-13 02:53:47,488 - INFO - bot.config - Канал https://t.me/skidki_za_otzivi активен, последний пост: 2025-04-12 21:49:51+00:00, интервал: 60 сек
2025-04-13 02:53:47,488 - INFO - bot.config - Канал https://t.me/tovar_waldberries активен, последний пост: 2025-04-12 23:32:56+00:00, интервал: 60 сек
2025-04-13 02:53:47,490 - INFO - bot.config - Канал https://t.me/tovariWB_po_sebestoimosti неактивен 7 дней, интервал: 360 сек
2025-04-13 02:53:47,492 - INFO - bot.config - Канал https://t.me/wildberries_cash_back активен, последний пост: 2025-04-12 23:45:11+00:00, интервал: 60 сек
2025-04-13 02:53:47,511 - INFO - bot.config - Канал https://t.me/keshbek_za_otzyv_WB неактивен 10 дней, интервал: 360 сек
2025-04-13 02:54:17,981 - INFO - bot.config - Канал https://t.me/tovar_za_otziv2 неактивен 19 дней, интервал: 360 сек
2025-04-13 02:54:17,981 - INFO - bot.config - Канал https://t.me/wbskidka2023 активен, последний пост: 2025-04-11 18:33:49+00:00, интервал: 60 сек
2025-04-13 02:54:17,982 - INFO - bot.config - Канал https://t.me/online_hit_cashback активен, последний пост: 2025-04-12 18:32:51+00:00, интервал: 60 сек
2025-04-13 02:54:17,982 - INFO - bot.config - Канал https://t.me/skidkology активен, последний пост: 2025-04-12 19:01:59+00:00, интервал: 60 сек
2025-04-13 02:54:17,983 - INFO - bot.config - Канал https://t.me/cashbacknamp активен, последний пост: 2025-04-12 23:51:04+00:00, интервал: 60 сек
2025-04-13 02:54:17,984 - INFO - bot.config - Канал https://t.me/mani_egg2 активен, последний пост: 2025-04-12 16:13:38+00:00, интервал: 60 сек
2025-04-13 02:54:17,986 - INFO - bot.config - Канал https://t.me/wbozoncash1 активен, последний пост: 2025-04-12 18:00:18+00:00, интервал: 60 сек
2025-04-13 02:54:17,987 - INFO - bot.config - Канал https://t.me/mani_egg активен, последний пост: 2025-04-12 16:02:00+00:00, интервал: 60 сек
2025-04-13 02:54:17,988 - INFO - bot.config - Канал https://t.me/Products_for_review активен, последний пост: 2025-04-12 19:00:05+00:00, интервал: 60 сек
2025-04-13 02:54:18,010 - INFO - bot.config - Канал https://t.me/wildberries_top_YSMP активен, последний пост: 2025-04-12 14:22:45+00:00, интервал: 60 сек
2025-04-13 02:54:18,011 - INFO - bot.config - Канал https://t.me/tovar_za_otzyv_vykup_cashback активен, последний пост: 2025-04-12 16:00:02+00:00, интервал: 60 сек
2025-04-13 02:54:18,011 - INFO - bot.config - Канал https://t.me/baraholka_wilberries активен, последний пост: 2025-04-12 18:49:02+00:00, интервал: 60 сек
2025-04-13 02:54:18,012 - INFO - bot.config - Канал https://t.me/cashbackitoshka2023 активен, последний пост: 2025-04-12 20:59:11+00:00, интервал: 60 сек
2025-04-13 02:54:18,012 - INFO - bot.config - Канал https://t.me/bestsellerpack активен, последний пост: 2025-04-12 22:00:46+00:00, интервал: 60 сек
2025-04-13 02:54:18,013 - INFO - bot.config - Канал https://t.me/LussiaK активен, последний пост: 2025-04-12 23:52:06+00:00, интервал: 60 сек
2025-04-13 02:54:18,014 - INFO - bot.config - Канал https://t.me/WB_OZON_100_cashback активен, последний пост: 2025-04-12 21:54:03+00:00, интервал: 60 сек
2025-04-13 02:54:18,014 - INFO - bot.config - Канал https://t.me/za5zvezd активен, последний пост: 2025-04-12 20:38:22+00:00, интервал: 60 сек
2025-04-13 02:54:18,015 - INFO - bot.config - Канал https://t.me/mpforcashback неактивен 40 дней, интервал: 360 сек
2025-04-13 02:54:18,024 - INFO - bot.config - Канал https://t.me/collectionskidka активен, последний пост: 2025-04-12 18:04:18+00:00, интервал: 60 сек
2025-04-13 02:54:18,027 - INFO - bot.config - Канал https://t.me/otzivi_wb_ozon активен, последний пост: 2025-04-12 20:30:06+00:00, интервал: 60 сек
2025-04-13 02:54:18,027 - INFO - bot.config - Канал https://t.me/vykup2 активен, последний пост: 2025-04-12 19:02:44+00:00, интервал: 60 сек
2025-04-13 02:54:18,028 - INFO - bot.config - Канал https://t.me/keshbek_tovar1 активен, последний пост: 2025-04-12 20:15:08+00:00, интервал: 60 сек
2025-04-13 02:54:18,029 - INFO - bot.config - Канал https://t.me/Skid_best активен, последний пост: 2025-04-12 18:07:11+00:00, интервал: 60 сек
2025-04-13 02:54:18,029 - INFO - bot.config - Канал https://t.me/cashback_cherny_spisok активен, последний пост: 2025-04-12 23:01:26+00:00, интервал: 60 сек
2025-04-13 02:54:18,030 - INFO - bot.config - Канал https://t.me/wb_saleobzor активен, последний пост: 2025-04-11 18:05:07+00:00, интервал: 60 сек
2025-04-13 02:54:18,035 - INFO - bot.config - Канал https://t.me/tovari_waldberries активен, последний пост: 2025-04-12 21:23:05+00:00, интервал: 60 сек
2025-04-13 02:54:18,036 - INFO - bot.config - Канал https://t.me/HALYAVASR1 активен, последний пост: 2025-04-12 16:38:29+00:00, интервал: 60 сек
2025-04-13 02:54:18,037 - INFO - bot.config - Канал https://t.me/WOzonWb неактивен 131 дней, интервал: 360 сек
2025-04-13 02:54:18,544 - INFO - bot.config - Канал https://t.me/bookshaloba активен, последний пост: 2025-04-12 23:53:14+00:00, интервал: 60 сек
2025-04-13 02:54:18,545 - INFO - bot.config - Канал https://t.me/VBBUKOP активен, последний пост: 2025-04-12 20:00:27+00:00, интервал: 60 сек
2025-04-13 02:54:18,545 - INFO - bot.config - Канал https://t.me/keshbek_za_otzyv активен, последний пост: 2025-04-11 09:26:29+00:00, интервал: 60 сек
2025-04-13 02:54:18,546 - INFO - bot.config - Канал https://t.me/moshenniki_wildberries_wb активен, последний пост: 2025-04-12 23:51:00+00:00, интервал: 60 сек
2025-04-13 02:54:18,546 - INFO - bot.config - Канал https://t.me/wbozoncashback01 неактивен 12 дней, интервал: 360 сек
2025-04-13 02:54:18,547 - INFO - bot.config - Канал https://t.me/wbcashback_go активен, последний пост: 2025-04-11 13:38:01+00:00, интервал: 60 сек
2025-04-13 02:54:18,548 - INFO - bot.config - Канал https://t.me/cashback77777 активен, последний пост: 2025-04-12 20:59:11+00:00, интервал: 60 сек
2025-04-13 02:54:18,588 - INFO - bot.config - Канал https://t.me/OzonWbSales активен, последний пост: 2025-04-12 20:06:19+00:00, интервал: 60 сек
2025-04-13 02:54:18,589 - INFO - bot.config - Канал https://t.me/otzev_go активен, последний пост: 2025-04-12 12:21:30+00:00, интервал: 60 сек
2025-04-13 02:54:18,589 - INFO - bot.config - Канал https://t.me/keshbekcs неактивен 8 дней, интервал: 360 сек
2025-04-13 02:54:18,590 - INFO - bot.config - Канал https://t.me/best_wb_sale активен, последний пост: 2025-04-12 16:50:00+00:00, интервал: 60 сек
2025-04-13 02:54:18,590 - INFO - bot.config - Канал https://t.me/vykupiwbozon активен, последний пост: 2025-04-12 23:39:58+00:00, интервал: 60 сек
2025-04-13 02:54:18,591 - INFO - bot.config - Канал https://t.me/vikup_cashback неактивен 4 дней, интервал: 360 сек
2025-04-13 02:54:18,592 - INFO - bot.config - Канал https://t.me/keshbek_za_otziv активен, последний пост: 2025-04-12 19:11:41+00:00, интервал: 60 сек
2025-04-13 02:54:18,593 - INFO - bot.config - Канал https://t.me/vJa3xvKmH9AxNzgy неактивен 80 дней, интервал: 360 сек
2025-04-13 02:54:18,596 - INFO - bot.config - Канал https://t.me/marketplacehot активен, последний пост: 2025-04-12 21:18:47+00:00, интервал: 60 сек
2025-04-13 02:54:18,598 - INFO - bot.config - Канал https://t.me/cascbackcity неактивен 72 дней, интервал: 360 сек
2025-04-13 02:54:18,598 - INFO - bot.config - Канал https://t.me/stop_moshennik_wb_ozon активен, последний пост: 2025-04-12 23:32:49+00:00, интервал: 60 сек
2025-04-13 02:54:18,599 - INFO - bot.config - Канал https://t.me/razdazhawbozon активен, последний пост: 2025-04-12 23:40:28+00:00, интервал: 60 сек
2025-04-13 02:54:18,623 - INFO - bot.config - Канал https://t.me/sharovik_wb активен, последний пост: 2025-04-12 18:05:09+00:00, интервал: 60 сек
2025-04-13 02:54:18,624 - INFO - bot.config - Канал https://t.me/tingresscahback неактивен 7 дней, интервал: 360 сек
2025-04-13 02:54:18,625 - INFO - bot.config - Канал https://t.me/darimzaotzyv активен, последний пост: 2025-04-12 15:33:06+00:00, интервал: 60 сек
2025-04-13 02:54:18,625 - INFO - bot.config - Канал https://t.me/HalyavaWildberriess активен, последний пост: 2025-04-11 19:16:25+00:00, интервал: 60 сек
2025-04-13 02:54:18,625 - INFO - bot.config - Канал -1002404189771 неактивен 17 дней, интервал: 360 сек
2025-04-13 02:54:18,626 - INFO - bot.config - Канал https://t.me/vykup_keshbek6 активен, последний пост: 2025-04-12 19:20:06+00:00, интервал: 60 сек
2025-04-13 02:54:18,626 - INFO - bot.config - Инициализация активности завершена для 173 каналов из 193
2025-04-13 02:54:18,628 - INFO - bot.config - Запланировано проверить 2 каналов
2025-04-13 02:54:18,668 - WARNING - bot.utils.retry - API запрос: попытка 1/10 не удалась: A wait of 82700 seconds is required (caused by ResolveUsernameRequest), повтор через 2.78 сек
2025-04-13 02:54:18,669 - WARNING - bot.utils.retry - API запрос: попытка 1/10 не удалась: Nobody is using this username, or the username is unacceptable. If the latter, it must match r"[a-zA-Z][\w\d]{3,30}[a-zA-Z\d]" (caused by ResolveUsernameRequest), повтор через 6.57 сек
2025-04-13 02:54:21,457 - WARNING - bot.utils.retry - API запрос: попытка 2/10 не удалась: A wait of 82697 seconds is required (caused by ResolveUsernameRequest), повтор через 5.51 сек
2025-04-13 02:54:25,229 - WARNING - bot.utils.retry - API запрос: попытка 2/10 не удалась: A wait of 82693 seconds is required (caused by ResolveUsernameRequest), повтор через 8.87 сек
2025-04-13 02:54:26,985 - WARNING - bot.utils.retry - API запрос: попытка 3/10 не удалась: A wait of 82692 seconds is required (caused by ResolveUsernameRequest), повтор через 20.44 сек
2025-04-13 02:54:34,098 - WARNING - bot.utils.retry - API запрос: попытка 3/10 не удалась: A wait of 82685 seconds is required (caused by ResolveUsernameRequest), повтор через 16.75 сек
2025-04-13 02:54:47,420 - WARNING - bot.utils.retry - API запрос: попытка 4/10 не удалась: A wait of 82671 seconds is required (caused by ResolveUsernameRequest), повтор через 20.93 сек
2025-04-13 02:54:50,864 - WARNING - bot.utils.retry - API запрос: попытка 4/10 не удалась: A wait of 82668 seconds is required (caused by ResolveUsernameRequest), повтор через 25.24 сек
2025-04-13 02:55:08,357 - WARNING - bot.utils.retry - API запрос: попытка 5/10 не удалась: A wait of 82650 seconds is required (caused by ResolveUsernameRequest), повтор через 54.90 сек
2025-04-13 02:55:16,131 - WARNING - bot.utils.retry - API запрос: попытка 5/10 не удалась: A wait of 82643 seconds is required (caused by ResolveUsernameRequest), повтор через 119.06 сек
2025-04-13 02:56:03,271 - WARNING - bot.utils.retry - API запрос: попытка 6/10 не удалась: A wait of 82595 seconds is required (caused by ResolveUsernameRequest), повтор через 82.90 сек
2025-04-13 02:56:16,594 - WARNING - bot.config - Обнаружен таймаут активности: 180.4 секунд без обновления
2025-04-13 02:56:16,594 - CRITICAL - bot.config - Обнаружен таймаут активности парсера (180 секунд без обновления)!
2025-04-13 02:56:16,594 - INFO - bot.config - Вызван обработчик таймаута активности
2025-04-13 02:57:15,193 - WARNING - bot.utils.retry - API запрос: попытка 6/10 не удалась: A wait of 82523 seconds is required (caused by ResolveUsernameRequest), повтор через 109.89 сек
2025-04-13 02:57:26,185 - WARNING - bot.utils.retry - API запрос: попытка 7/10 не удалась: A wait of 82512 seconds is required (caused by ResolveUsernameRequest), повтор через 292.56 сек
2025-04-13 02:59:05,093 - WARNING - bot.utils.retry - API запрос: попытка 7/10 не удалась: A wait of 82414 seconds is required (caused by ResolveUsernameRequest), повтор через 249.03 сек
2025-04-13 02:59:16,909 - WARNING - bot.config - Обнаружен таймаут активности: 180.3 секунд без обновления
2025-04-13 02:59:16,909 - CRITICAL - bot.config - Обнаружен таймаут активности парсера (180 секунд без обновления)!
2025-04-13 02:59:16,910 - INFO - bot.config - Вызван обработчик таймаута активности
2025-04-13 03:02:17,212 - WARNING - bot.config - Обнаружен таймаут активности: 180.3 секунд без обновления
2025-04-13 03:02:17,212 - CRITICAL - bot.config - Обнаружен таймаут активности парсера (180 секунд без обновления)!
2025-04-13 03:02:17,212 - INFO - bot.config - Вызван обработчик таймаута активности
2025-04-13 03:02:18,747 - WARNING - bot.utils.retry - API запрос: попытка 8/10 не удалась: A wait of 82220 seconds is required (caused by ResolveUsernameRequest), повтор через 363.19 сек
2025-04-13 03:03:14,129 - WARNING - bot.utils.retry - API запрос: попытка 8/10 не удалась: A wait of 82165 seconds is required (caused by ResolveUsernameRequest), повтор через 169.67 сек
2025-04-13 03:05:17,539 - WARNING - bot.config - Обнаружен таймаут активности: 180.3 секунд без обновления
2025-04-13 03:05:17,539 - CRITICAL - bot.config - Обнаружен таймаут активности парсера (180 секунд без обновления)!
2025-04-13 03:05:17,539 - INFO - bot.config - Вызван обработчик таймаута активности
2025-04-14 00:54:52,576 - INFO - bot.config - Загружена конфигурация из bot\config.json
2025-04-14 00:54:52,606 - INFO - bot.utils.channel_utils - Загружено 194 каналов из файла sources.txt
2025-04-14 00:54:52,606 - INFO - bot.config - Итоговое количество источников: 193
2025-04-14 00:54:52,688 - WARNING - bot.config - Не удалось зарегистрировать обработчики сигналов: 
2025-04-14 00:54:52,689 - INFO - bot.config - Используется директория для сессий: sessions
2025-04-14 00:54:52,690 - INFO - bot.config - Проверка прав доступа к sessions пройдена успешно
2025-04-14 00:54:52,692 - INFO - bot.config - Удален файл сессии sessions\79939366352.session для принудительной авторизации
2025-04-14 00:54:52,693 - INFO - bot.config - Удален файл состояния parser_state.json
2025-04-14 00:54:53,047 - INFO - bot.config - Инициализирован бот и диспетчер
2025-04-14 00:54:53,048 - INFO - bot.config - Запуск обработки сообщений ботом
2025-04-14 00:54:56,058 - INFO - bot.config - Бот запущен и готов получать сообщения
2025-04-14 00:55:17,339 - INFO - bot.config - Отправлено предварительное уведомление администратору 5304440647
2025-04-14 00:55:20,392 - INFO - bot.data.storage - Файл состояния parser_state.json не найден, создаем новый
2025-04-14 00:55:20,393 - INFO - bot.config - Инициализация парсера Telegram
2025-04-14 00:55:20,393 - INFO - bot.config - Парсер инициализирован. Макс. конкурентных запросов: 5
2025-04-14 00:55:20,395 - INFO - bot.config - Путь к файлу сессии: sessions\79939366352
2025-04-14 00:55:20,395 - INFO - bot.data.storage - Файл состояния parser_state.json не найден, создаем новый
2025-04-14 00:55:20,395 - INFO - bot.config - Зарегистрированы обработчики сигналов для грациозного завершения
2025-04-14 00:55:20,396 - INFO - bot.config - Парсер инициализирован, время запуска: 2025-04-13 21:55:20.394942+00:00
2025-04-14 00:55:20,396 - INFO - bot.config - Привязан экземпляр бота к парсеру
2025-04-14 00:55:20,396 - INFO - bot.config - Подключение к API Telegram...
2025-04-14 00:55:20,396 - INFO - bot.config - Используется сессия: sessions\79939366352
2025-04-14 00:55:20,398 - INFO - bot.config - Попытка подключения к Telegram (попытка 1/5)...
2025-04-14 00:55:22,035 - INFO - bot.config - Начало авторизации для номера 79939366352
2025-04-14 00:55:22,151 - INFO - bot.config - Запрос кода авторизации отправлен
2025-04-14 00:55:51,724 - ERROR - bot.config - Получен код авторизации от администратора 5304440647: 67360
2025-04-14 00:55:52,656 - INFO - bot.config - Успешно авторизован как Will.i.am (ID: 7193033126)
2025-04-14 00:55:52,656 - INFO - bot.config - Запуск задачи парсера
2025-04-14 00:55:52,656 - INFO - bot.config - Парсер запущен
2025-04-14 00:55:52,656 - INFO - bot.config - Запущен мониторинг активности с таймаутом 180 секунд
2025-04-14 00:55:52,656 - INFO - bot.config - Проверка новых сообщений в каналах
2025-04-14 00:55:52,657 - INFO - bot.config - Нет каналов для проверки в текущей итерации
2025-04-14 00:55:52,657 - INFO - bot.config - Пауза 60 секунд до следующей проверки
2025-04-14 00:56:53,212 - INFO - bot.config - Проверка новых сообщений в каналах
2025-04-14 00:56:53,212 - INFO - bot.config - Нет каналов для проверки в текущей итерации
2025-04-14 00:56:53,212 - INFO - bot.config - Пауза 60 секунд до следующей проверки
2025-04-14 00:57:53,719 - INFO - bot.config - Проверка новых сообщений в каналах
2025-04-14 00:57:53,719 - INFO - bot.config - Нет каналов для проверки в текущей итерации
2025-04-14 00:57:53,719 - INFO - bot.config - Пауза 60 секунд до следующей проверки
2025-04-14 00:58:54,245 - INFO - bot.config - Проверка новых сообщений в каналах
2025-04-14 00:58:54,245 - INFO - bot.config - Нет каналов для проверки в текущей итерации
2025-04-14 00:58:54,245 - INFO - bot.config - Пауза 60 секунд до следующей проверки
2025-04-14 00:59:54,786 - INFO - bot.config - Проверка новых сообщений в каналах
2025-04-14 00:59:54,786 - INFO - bot.config - Нет каналов для проверки в текущей итерации
2025-04-14 00:59:54,787 - INFO - bot.config - Пауза 60 секунд до следующей проверки
2025-04-14 01:00:48,693 - INFO - bot.config - Загружена конфигурация из bot\config.json
2025-04-14 01:00:48,694 - INFO - bot.utils.channel_utils - Загружено 194 каналов из файла sources.txt
2025-04-14 01:00:48,695 - INFO - bot.config - Итоговое количество источников: 193
2025-04-14 01:00:48,771 - WARNING - bot.config - Не удалось зарегистрировать обработчики сигналов: 
2025-04-14 01:00:48,771 - INFO - bot.config - Используется директория для сессий: sessions
2025-04-14 01:00:48,773 - INFO - bot.config - Проверка прав доступа к sessions пройдена успешно
2025-04-14 01:00:48,774 - INFO - bot.config - Удален файл сессии sessions\79939366352.session для принудительной авторизации
2025-04-14 01:00:49,122 - INFO - bot.config - Инициализирован бот и диспетчер
2025-04-14 01:00:49,122 - INFO - bot.config - Запуск обработки сообщений ботом
2025-04-14 01:00:52,122 - INFO - bot.config - Бот запущен и готов получать сообщения
2025-04-14 01:01:13,374 - INFO - bot.config - Отправлено предварительное уведомление администратору 5304440647
2025-04-14 01:01:16,411 - INFO - bot.data.storage - Файл состояния parser_state.json не найден, создаем новый
2025-04-14 01:01:16,411 - INFO - bot.config - Инициализация парсера Telegram
2025-04-14 01:01:16,412 - INFO - bot.config - Парсер инициализирован. Макс. конкурентных запросов: 5
2025-04-14 01:01:16,413 - INFO - bot.config - Путь к файлу сессии: sessions\79939366352
2025-04-14 01:01:16,413 - INFO - bot.data.storage - Файл состояния parser_state.json не найден, создаем новый
2025-04-14 01:01:16,414 - INFO - bot.config - Зарегистрированы обработчики сигналов для грациозного завершения
2025-04-14 01:01:16,414 - INFO - bot.config - Парсер инициализирован, время запуска: 2025-04-13 22:01:16.413928+00:00
2025-04-14 01:01:16,414 - INFO - bot.config - Привязан экземпляр бота к парсеру
2025-04-14 01:01:16,414 - INFO - bot.config - Подключение к API Telegram...
2025-04-14 01:01:16,414 - INFO - bot.config - Используется сессия: sessions\79939366352
2025-04-14 01:01:16,417 - INFO - bot.config - Попытка подключения к Telegram (попытка 1/5)...
2025-04-14 01:01:17,942 - INFO - bot.config - Начало авторизации для номера 79939366352
2025-04-14 01:01:18,035 - INFO - bot.config - Запрос кода авторизации отправлен
2025-04-14 01:01:42,586 - ERROR - bot.config - Получен код авторизации от администратора 5304440647: 58874
2025-04-14 01:01:44,500 - INFO - bot.config - Успешно авторизован как Will.i.am (ID: 7193033126)
2025-04-14 01:01:44,500 - INFO - bot.config - Запуск задачи парсера
2025-04-14 01:01:44,500 - INFO - bot.config - Парсер запущен
2025-04-14 01:01:44,501 - INFO - bot.config - Запущен мониторинг активности с таймаутом 180 секунд
2025-04-14 01:01:44,501 - INFO - bot.config - Инициализация информации о каналах
2025-04-14 01:01:44,501 - INFO - bot.config - Инициализация: получение ID последних сообщений
2025-04-14 01:01:44,502 - INFO - bot.utils.channel_utils - Загружено 194 каналов из файла sources.txt
2025-04-14 01:01:44,564 - ERROR - bot.utils.channel_utils - Не удалось получить сущность для канала keshbek9: A wait of 3051 seconds is required (caused by ResolveUsernameRequest)
2025-04-14 01:01:44,564 - WARNING - bot.config - Не удалось получить entity для канала https://t.me/keshbek9, пропускаем
2025-04-14 01:01:44,564 - ERROR - bot.utils.channel_utils - Не удалось получить сущность для канала wbozoncash1: A wait of 3051 seconds is required (caused by ResolveUsernameRequest)
2025-04-14 01:01:44,564 - WARNING - bot.config - Не удалось получить entity для канала https://t.me/wbozoncash1, пропускаем
2025-04-14 01:01:44,565 - ERROR - bot.utils.channel_utils - Не удалось получить сущность для канала baraholka_wilberries: A wait of 3051 seconds is required (caused by ResolveUsernameRequest)
2025-04-14 01:01:44,565 - WARNING - bot.config - Не удалось получить entity для канала https://t.me/baraholka_wilberries, пропускаем
2025-04-14 01:01:44,565 - ERROR - bot.utils.channel_utils - Не удалось получить сущность для канала cashbacksv: A wait of 3051 seconds is required (caused by ResolveUsernameRequest)
2025-04-14 01:01:44,566 - WARNING - bot.config - Не удалось получить entity для канала https://t.me/cashbacksv, пропускаем
2025-04-14 01:01:44,566 - ERROR - bot.utils.channel_utils - Не удалось получить сущность для канала mpforcashback: A wait of 3051 seconds is required (caused by ResolveUsernameRequest)
2025-04-14 01:01:44,566 - WARNING - bot.config - Не удалось получить entity для канала https://t.me/mpforcashback, пропускаем
2025-04-14 01:01:44,566 - ERROR - bot.utils.channel_utils - Не удалось получить сущность для канала cashbackWBOZ: A wait of 3051 seconds is required (caused by ResolveUsernameRequest)
2025-04-14 01:01:44,566 - WARNING - bot.config - Не удалось получить entity для канала https://t.me/cashbackWBOZ, пропускаем
2025-04-14 01:01:44,566 - ERROR - bot.utils.channel_utils - Не удалось получить сущность для канала keshbekiwboz: A wait of 3051 seconds is required (caused by ResolveUsernameRequest)
2025-04-14 01:01:44,567 - WARNING - bot.config - Не удалось получить entity для канала https://t.me/keshbekiwboz, пропускаем
2025-04-14 01:01:44,567 - ERROR - bot.utils.channel_utils - Не удалось получить сущность для канала uletnuicashback: A wait of 3051 seconds is required (caused by ResolveUsernameRequest)
2025-04-14 01:01:44,567 - WARNING - bot.config - Не удалось получить entity для канала https://t.me/uletnuicashback, пропускаем
2025-04-14 01:01:44,567 - ERROR - bot.utils.channel_utils - Не удалось получить сущность для канала wildberries_top_YSMP: A wait of 3051 seconds is required (caused by ResolveUsernameRequest)
2025-04-14 01:01:44,567 - WARNING - bot.config - Не удалось получить entity для канала https://t.me/wildberries_top_YSMP, пропускаем
2025-04-14 01:01:44,567 - WARNING - bot.utils.channel_utils - Приватная ссылка на канал не поддерживается напрямую: +xgtGB-MZBAVlOTZi
2025-04-14 01:01:44,568 - WARNING - bot.config - Не удалось получить entity для канала https://t.me/+xgtGB-MZBAVlOTZi, пропускаем
2025-04-14 01:01:44,568 - ERROR - bot.utils.channel_utils - Не удалось получить сущность для канала cashbackonwb: A wait of 3051 seconds is required (caused by ResolveUsernameRequest)
2025-04-14 01:01:44,568 - WARNING - bot.config - Не удалось получить entity для канала https://t.me/cashbackonwb, пропускаем
2025-04-14 01:01:44,568 - ERROR - bot.utils.channel_utils - Не удалось получить сущность для канала VBBUKOP: A wait of 3051 seconds is required (caused by ResolveUsernameRequest)
2025-04-14 01:01:44,568 - WARNING - bot.config - Не удалось получить entity для канала https://t.me/VBBUKOP, пропускаем
2025-04-14 01:01:44,569 - ERROR - bot.utils.channel_utils - Не удалось получить сущность для канала tvoy_cashbek: A wait of 3051 seconds is required (caused by ResolveUsernameRequest)
2025-04-14 01:01:44,569 - WARNING - bot.config - Не удалось получить entity для канала https://t.me/tvoy_cashbek, пропускаем
2025-04-14 01:01:44,569 - WARNING - bot.utils.channel_utils - Приватная ссылка на канал не поддерживается напрямую: +I7fWHohKZ84zYWRi
2025-04-14 01:01:44,569 - WARNING - bot.config - Не удалось получить entity для канала https://t.me/+I7fWHohKZ84zYWRi, пропускаем
2025-04-14 01:01:44,569 - WARNING - bot.utils.channel_utils - Приватная ссылка на канал не поддерживается напрямую: +u-89-NYsWnozMDZi
2025-04-14 01:01:44,570 - WARNING - bot.config - Не удалось получить entity для канала https://t.me/+u-89-NYsWnozMDZi, пропускаем
2025-04-14 01:01:44,570 - ERROR - bot.utils.channel_utils - Не удалось получить сущность для канала keshbek_za_otzyv: A wait of 3051 seconds is required (caused by ResolveUsernameRequest)
2025-04-14 01:01:44,570 - WARNING - bot.config - Не удалось получить entity для канала https://t.me/keshbek_za_otzyv, пропускаем
2025-04-14 01:01:44,570 - ERROR - bot.utils.channel_utils - Не удалось получить сущность для канала kingssports_tg: A wait of 3051 seconds is required (caused by ResolveUsernameRequest)
2025-04-14 01:01:44,570 - WARNING - bot.config - Не удалось получить entity для канала https://t.me/kingssports_tg, пропускаем
2025-04-14 01:01:44,571 - ERROR - bot.utils.channel_utils - Не удалось получить сущность для канала Products_for_review: A wait of 3051 seconds is required (caused by ResolveUsernameRequest)
2025-04-14 01:01:44,571 - WARNING - bot.config - Не удалось получить entity для канала https://t.me/Products_for_review, пропускаем
2025-04-14 01:01:44,571 - ERROR - bot.utils.channel_utils - Не удалось получить сущность для канала wb_ozon_skidki_rasprodazha: A wait of 3051 seconds is required (caused by ResolveUsernameRequest)
2025-04-14 01:01:44,571 - WARNING - bot.config - Не удалось получить entity для канала https://t.me/wb_ozon_skidki_rasprodazha, пропускаем
2025-04-14 01:01:44,571 - ERROR - bot.utils.channel_utils - Не удалось получить сущность для канала item_for_rewiew: A wait of 3051 seconds is required (caused by ResolveUsernameRequest)
2025-04-14 01:01:44,571 - WARNING - bot.config - Не удалось получить entity для канала https://t.me/item_for_rewiew, пропускаем
2025-04-14 01:01:44,572 - ERROR - bot.utils.channel_utils - Не удалось получить сущность для канала wildberries_cash_back: A wait of 3051 seconds is required (caused by ResolveUsernameRequest)
2025-04-14 01:01:44,572 - WARNING - bot.config - Не удалось получить entity для канала https://t.me/wildberries_cash_back, пропускаем
2025-04-14 01:01:44,572 - ERROR - bot.utils.channel_utils - Не удалось получить сущность для канала wb_kesh100: A wait of 3051 seconds is required (caused by ResolveUsernameRequest)
2025-04-14 01:01:44,572 - WARNING - bot.config - Не удалось получить entity для канала https://t.me/wb_kesh100, пропускаем
2025-04-14 01:01:44,572 - ERROR - bot.utils.channel_utils - Не удалось получить сущность для канала cashbacknutie: A wait of 3051 seconds is required (caused by ResolveUsernameRequest)
2025-04-14 01:01:44,572 - WARNING - bot.config - Не удалось получить entity для канала https://t.me/cashbacknutie, пропускаем
2025-04-14 01:01:44,573 - ERROR - bot.utils.channel_utils - Не удалось получить сущность для канала cashback_za_tovar: A wait of 3051 seconds is required (caused by ResolveUsernameRequest)
2025-04-14 01:01:44,573 - WARNING - bot.config - Не удалось получить entity для канала https://t.me/cashback_za_tovar, пропускаем
2025-04-14 01:01:44,573 - ERROR - bot.utils.channel_utils - Не удалось получить сущность для канала HAXODKI_PAZDACHI: A wait of 3051 seconds is required (caused by ResolveUsernameRequest)
2025-04-14 01:01:44,573 - WARNING - bot.config - Не удалось получить entity для канала https://t.me/HAXODKI_PAZDACHI, пропускаем
2025-04-14 01:01:44,573 - ERROR - bot.utils.channel_utils - Не удалось получить сущность для канала cashbackpro100: A wait of 3051 seconds is required (caused by ResolveUsernameRequest)
2025-04-14 01:01:44,573 - WARNING - bot.config - Не удалось получить entity для канала https://t.me/cashbackpro100, пропускаем
2025-04-14 01:01:44,574 - ERROR - bot.utils.channel_utils - Не удалось получить сущность для канала cashback_WBiOzon: A wait of 3051 seconds is required (caused by ResolveUsernameRequest)
2025-04-14 01:01:44,574 - WARNING - bot.config - Не удалось получить entity для канала https://t.me/cashback_WBiOzon, пропускаем
2025-04-14 01:01:44,574 - ERROR - bot.utils.channel_utils - Не удалось получить сущность для канала chestnyreiting: A wait of 3051 seconds is required (caused by ResolveUsernameRequest)
2025-04-14 01:01:44,574 - WARNING - bot.config - Не удалось получить entity для канала https://t.me/chestnyreiting, пропускаем
2025-04-14 01:01:44,575 - ERROR - bot.utils.channel_utils - Не удалось получить сущность для канала discounts_on_marketplaces: A wait of 3051 seconds is required (caused by ResolveUsernameRequest)
2025-04-14 01:01:44,575 - WARNING - bot.config - Не удалось получить entity для канала https://t.me/discounts_on_marketplaces, пропускаем
2025-04-14 01:01:44,575 - ERROR - bot.utils.channel_utils - Не удалось получить сущность для канала gives_ozon_wb: A wait of 3051 seconds is required (caused by ResolveUsernameRequest)
2025-04-14 01:01:44,575 - WARNING - bot.config - Не удалось получить entity для канала https://t.me/gives_ozon_wb, пропускаем
2025-04-14 01:01:44,576 - ERROR - bot.utils.channel_utils - Не удалось получить сущность для канала onlyhitcash100: A wait of 3051 seconds is required (caused by ResolveUsernameRequest)
2025-04-14 01:01:44,576 - WARNING - bot.config - Не удалось получить entity для канала https://t.me/onlyhitcash100, пропускаем
2025-04-14 01:01:44,576 - ERROR - bot.utils.channel_utils - Не удалось получить сущность для канала ceshbek_wb: A wait of 3051 seconds is required (caused by ResolveUsernameRequest)
2025-04-14 01:01:44,576 - WARNING - bot.config - Не удалось получить entity для канала https://t.me/ceshbek_wb, пропускаем
2025-04-14 01:01:44,576 - ERROR - bot.utils.channel_utils - Не удалось получить сущность для канала supertovariwb1: A wait of 3051 seconds is required (caused by ResolveUsernameRequest)
2025-04-14 01:01:44,576 - WARNING - bot.config - Не удалось получить entity для канала https://t.me/supertovariwb1, пропускаем
2025-04-14 01:01:44,577 - ERROR - bot.utils.channel_utils - Не удалось получить сущность для канала tingresscahback: A wait of 3051 seconds is required (caused by ResolveUsernameRequest)
2025-04-14 01:01:44,577 - WARNING - bot.config - Не удалось получить entity для канала https://t.me/tingresscahback, пропускаем
2025-04-14 01:01:44,577 - ERROR - bot.utils.channel_utils - Не удалось получить сущность для канала cash_wb_and_ozon: A wait of 3051 seconds is required (caused by ResolveUsernameRequest)
2025-04-14 01:01:44,577 - WARNING - bot.config - Не удалось получить entity для канала https://t.me/cash_wb_and_ozon, пропускаем
2025-04-14 01:01:44,577 - ERROR - bot.utils.channel_utils - Не удалось получить сущность для канала tovarzaotziv: A wait of 3051 seconds is required (caused by ResolveUsernameRequest)
2025-04-14 01:01:44,578 - WARNING - bot.config - Не удалось получить entity для канала https://t.me/tovarzaotziv, пропускаем
2025-04-14 01:01:44,578 - ERROR - bot.utils.channel_utils - Не удалось получить сущность для канала razdachawbozoncashback: A wait of 3051 seconds is required (caused by ResolveUsernameRequest)
2025-04-14 01:01:44,578 - WARNING - bot.config - Не удалось получить entity для канала https://t.me/razdachawbozoncashback, пропускаем
2025-04-14 01:01:44,579 - ERROR - bot.utils.channel_utils - Не удалось получить сущность для канала wb_cashback_sales: A wait of 3051 seconds is required (caused by ResolveUsernameRequest)
2025-04-14 01:01:44,579 - WARNING - bot.config - Не удалось получить entity для канала https://t.me/wb_cashback_sales, пропускаем
2025-04-14 01:01:44,579 - ERROR - bot.utils.channel_utils - Не удалось получить сущность для канала Otzovik_WB_OZON_TOP: A wait of 3051 seconds is required (caused by ResolveUsernameRequest)
2025-04-14 01:01:44,579 - WARNING - bot.config - Не удалось получить entity для канала https://t.me/Otzovik_WB_OZON_TOP, пропускаем
2025-04-14 01:01:44,579 - ERROR - bot.utils.channel_utils - Не удалось получить сущность для канала CASH_Trash1000: A wait of 3051 seconds is required (caused by ResolveUsernameRequest)
2025-04-14 01:01:44,579 - WARNING - bot.config - Не удалось получить entity для канала https://t.me/CASH_Trash1000, пропускаем
2025-04-14 01:01:44,580 - ERROR - bot.utils.channel_utils - Не удалось получить сущность для канала wildberrieskesh: A wait of 3051 seconds is required (caused by ResolveUsernameRequest)
2025-04-14 01:01:44,580 - WARNING - bot.config - Не удалось получить entity для канала https://t.me/wildberrieskesh, пропускаем
2025-04-14 01:01:44,580 - ERROR - bot.utils.channel_utils - Не удалось получить сущность для канала produkty_vykup: A wait of 3051 seconds is required (caused by ResolveUsernameRequest)
2025-04-14 01:01:44,580 - WARNING - bot.config - Не удалось получить entity для канала https://t.me/produkty_vykup, пропускаем
2025-04-14 01:01:44,580 - ERROR - bot.utils.channel_utils - Не удалось получить сущность для канала vukypi: A wait of 3051 seconds is required (caused by ResolveUsernameRequest)
2025-04-14 01:01:44,581 - WARNING - bot.config - Не удалось получить entity для канала https://t.me/vukypi, пропускаем
2025-04-14 01:01:44,581 - ERROR - bot.utils.channel_utils - Не удалось получить сущность для канала wbcashback_go: A wait of 3051 seconds is required (caused by ResolveUsernameRequest)
2025-04-14 01:01:44,581 - WARNING - bot.config - Не удалось получить entity для канала https://t.me/wbcashback_go, пропускаем
2025-04-14 01:01:44,581 - ERROR - bot.utils.channel_utils - Не удалось получить сущность для канала wb_oz_cashback: A wait of 3051 seconds is required (caused by ResolveUsernameRequest)
2025-04-14 01:01:44,581 - WARNING - bot.config - Не удалось получить entity для канала https://t.me/wb_oz_cashback, пропускаем
2025-04-14 01:01:44,581 - ERROR - bot.utils.channel_utils - Не удалось получить сущность для канала moshenniki_wildberries_wb: A wait of 3051 seconds is required (caused by ResolveUsernameRequest)
2025-04-14 01:01:44,582 - WARNING - bot.config - Не удалось получить entity для канала https://t.me/moshenniki_wildberries_wb, пропускаем
2025-04-14 01:01:44,582 - ERROR - bot.utils.channel_utils - Не удалось получить сущность для канала chatstopmosh: A wait of 3051 seconds is required (caused by ResolveUsernameRequest)
2025-04-14 01:01:44,582 - WARNING - bot.config - Не удалось получить entity для канала https://t.me/chatstopmosh, пропускаем
2025-04-14 01:01:44,582 - ERROR - bot.utils.channel_utils - Не удалось получить сущность для канала tovar_za_otz: A wait of 3051 seconds is required (caused by ResolveUsernameRequest)
2025-04-14 01:01:44,582 - WARNING - bot.config - Не удалось получить entity для канала https://t.me/tovar_za_otz, пропускаем
2025-04-14 01:01:44,583 - ERROR - bot.utils.channel_utils - Не удалось получить сущность для канала aukzzionrazdach: A wait of 3051 seconds is required (caused by ResolveUsernameRequest)
2025-04-14 01:01:44,583 - WARNING - bot.config - Не удалось получить entity для канала https://t.me/aukzzionrazdach, пропускаем
2025-04-14 01:01:44,583 - ERROR - bot.utils.channel_utils - Не удалось получить сущность для канала vikup_razdacha_kashback: A wait of 3051 seconds is required (caused by ResolveUsernameRequest)
2025-04-14 01:01:44,583 - WARNING - bot.config - Не удалось получить entity для канала https://t.me/vikup_razdacha_kashback, пропускаем
2025-04-14 01:01:44,584 - ERROR - bot.utils.channel_utils - Не удалось получить сущность для канала cashback_cherny_spisok: A wait of 3051 seconds is required (caused by ResolveUsernameRequest)
2025-04-14 01:01:44,584 - WARNING - bot.config - Не удалось получить entity для канала https://t.me/cashback_cherny_spisok, пропускаем
2025-04-14 01:01:44,584 - ERROR - bot.utils.channel_utils - Не удалось получить сущность для канала cashbackitoshka2023: A wait of 3051 seconds is required (caused by ResolveUsernameRequest)
2025-04-14 01:01:44,584 - WARNING - bot.config - Не удалось получить entity для канала https://t.me/cashbackitoshka2023, пропускаем
2025-04-14 01:01:44,584 - ERROR - bot.utils.channel_utils - Не удалось получить сущность для канала OzonWbSales: A wait of 3051 seconds is required (caused by ResolveUsernameRequest)
2025-04-14 01:01:44,584 - WARNING - bot.config - Не удалось получить entity для канала https://t.me/OzonWbSales, пропускаем
2025-04-14 01:01:44,585 - ERROR - bot.utils.channel_utils - Не удалось получить сущность для канала blacklist_cashback: A wait of 3051 seconds is required (caused by ResolveUsernameRequest)
2025-04-14 01:01:44,585 - WARNING - bot.config - Не удалось получить entity для канала https://t.me/blacklist_cashback, пропускаем
2025-04-14 01:01:44,585 - ERROR - bot.utils.channel_utils - Не удалось получить сущность для канала skidkology: A wait of 3051 seconds is required (caused by ResolveUsernameRequest)
2025-04-14 01:01:44,585 - WARNING - bot.config - Не удалось получить entity для канала https://t.me/skidkology, пропускаем
2025-04-14 01:01:44,585 - ERROR - bot.utils.channel_utils - Не удалось получить сущность для канала tovari_waldberries: A wait of 3051 seconds is required (caused by ResolveUsernameRequest)
2025-04-14 01:01:44,586 - WARNING - bot.config - Не удалось получить entity для канала https://t.me/tovari_waldberries, пропускаем
2025-04-14 01:01:44,586 - WARNING - bot.utils.channel_utils - Приватная ссылка на канал не поддерживается напрямую: +Vwzt0Wl3ahllMDI6
2025-04-14 01:01:44,586 - WARNING - bot.config - Не удалось получить entity для канала https://t.me/+Vwzt0Wl3ahllMDI6, пропускаем
2025-04-14 01:01:44,586 - ERROR - bot.utils.channel_utils - Не удалось получить сущность для канала wb_ozonavito: A wait of 3051 seconds is required (caused by ResolveUsernameRequest)
2025-04-14 01:01:44,586 - WARNING - bot.config - Не удалось получить entity для канала https://t.me/wb_ozonavito, пропускаем
2025-04-14 01:01:44,586 - ERROR - bot.utils.channel_utils - Не удалось получить сущность для канала keshbek_za_otziv: A wait of 3051 seconds is required (caused by ResolveUsernameRequest)
2025-04-14 01:01:44,586 - WARNING - bot.config - Не удалось получить entity для канала https://t.me/keshbek_za_otziv, пропускаем
2025-04-14 01:01:44,587 - ERROR - bot.utils.channel_utils - Не удалось получить сущность для канала vJa3xvKmH9AxNzgy: A wait of 3051 seconds is required (caused by ResolveUsernameRequest)
2025-04-14 01:01:44,587 - WARNING - bot.config - Не удалось получить entity для канала https://t.me/vJa3xvKmH9AxNzgy, пропускаем
2025-04-14 01:01:44,587 - ERROR - bot.utils.channel_utils - Не удалось получить сущность для канала skidkiwblina: A wait of 3051 seconds is required (caused by ResolveUsernameRequest)
2025-04-14 01:01:44,587 - WARNING - bot.config - Не удалось получить entity для канала https://t.me/skidkiwblina, пропускаем
2025-04-14 01:01:44,587 - ERROR - bot.utils.channel_utils - Не удалось получить сущность для канала bookshaloba: A wait of 3051 seconds is required (caused by ResolveUsernameRequest)
2025-04-14 01:01:44,587 - WARNING - bot.config - Не удалось получить entity для канала https://t.me/bookshaloba, пропускаем
2025-04-14 01:01:44,588 - ERROR - bot.utils.channel_utils - Не удалось получить сущность для канала wbozonkesh: A wait of 3051 seconds is required (caused by ResolveUsernameRequest)
2025-04-14 01:01:44,588 - WARNING - bot.config - Не удалось получить entity для канала https://t.me/wbozonkesh, пропускаем
2025-04-14 01:01:44,588 - ERROR - bot.utils.channel_utils - Не удалось получить сущность для канала tovary_za_otzyvyy: A wait of 3051 seconds is required (caused by ResolveUsernameRequest)
2025-04-14 01:01:44,588 - WARNING - bot.config - Не удалось получить entity для канала https://t.me/tovary_za_otzyvyy, пропускаем
2025-04-14 01:01:44,588 - ERROR - bot.utils.channel_utils - Не удалось получить сущность для канала WB_OZON_for_Kidss: A wait of 3051 seconds is required (caused by ResolveUsernameRequest)
2025-04-14 01:01:44,588 - WARNING - bot.config - Не удалось получить entity для канала https://t.me/WB_OZON_for_Kidss, пропускаем
2025-04-14 01:01:44,588 - ERROR - bot.utils.channel_utils - Не удалось получить сущность для канала vikup_cashback: A wait of 3051 seconds is required (caused by ResolveUsernameRequest)
2025-04-14 01:01:44,589 - WARNING - bot.config - Не удалось получить entity для канала https://t.me/vikup_cashback, пропускаем
2025-04-14 01:01:44,589 - ERROR - bot.utils.channel_utils - Не удалось получить сущность для канала razdachaottani: A wait of 3051 seconds is required (caused by ResolveUsernameRequest)
2025-04-14 01:01:44,589 - WARNING - bot.config - Не удалось получить entity для канала https://t.me/razdachaottani, пропускаем
2025-04-14 01:01:44,589 - WARNING - bot.utils.channel_utils - Приватная ссылка на канал не поддерживается напрямую: +St2-cQONIA9lZjA6
2025-04-14 01:01:44,589 - WARNING - bot.config - Не удалось получить entity для канала https://t.me/+St2-cQONIA9lZjA6, пропускаем
2025-04-14 01:01:44,590 - ERROR - bot.utils.channel_utils - Не удалось получить сущность для канала yagoda_xalava: A wait of 3051 seconds is required (caused by ResolveUsernameRequest)
2025-04-14 01:01:44,590 - WARNING - bot.config - Не удалось получить entity для канала https://t.me/yagoda_xalava, пропускаем
2025-04-14 01:01:44,590 - ERROR - bot.utils.channel_utils - Не удалось получить сущность для канала Wildberries1cashback: A wait of 3051 seconds is required (caused by ResolveUsernameRequest)
2025-04-14 01:01:44,590 - WARNING - bot.config - Не удалось получить entity для канала https://t.me/Wildberries1cashback, пропускаем
2025-04-14 01:01:44,590 - ERROR - bot.utils.channel_utils - Не удалось получить сущность для канала svwboz: A wait of 3051 seconds is required (caused by ResolveUsernameRequest)
2025-04-14 01:01:44,591 - WARNING - bot.config - Не удалось получить entity для канала https://t.me/svwboz, пропускаем
2025-04-14 01:01:44,591 - ERROR - bot.utils.channel_utils - Не удалось получить сущность для канала discountforthewholeseason69: A wait of 3051 seconds is required (caused by ResolveUsernameRequest)
2025-04-14 01:01:44,591 - WARNING - bot.config - Не удалось получить entity для канала https://t.me/discountforthewholeseason69, пропускаем
2025-04-14 01:01:44,591 - ERROR - bot.utils.channel_utils - Не удалось получить сущность для канала cashbakzaotzyv: A wait of 3051 seconds is required (caused by ResolveUsernameRequest)
2025-04-14 01:01:44,591 - WARNING - bot.config - Не удалось получить entity для канала https://t.me/cashbakzaotzyv, пропускаем
2025-04-14 01:01:44,592 - ERROR - bot.utils.channel_utils - Не удалось получить сущность для канала cashback100only: A wait of 3051 seconds is required (caused by ResolveUsernameRequest)
2025-04-14 01:01:44,592 - WARNING - bot.config - Не удалось получить entity для канала https://t.me/cashback100only, пропускаем
2025-04-14 01:01:44,592 - ERROR - bot.utils.channel_utils - Не удалось получить сущность для канала wbpizdec: A wait of 3051 seconds is required (caused by ResolveUsernameRequest)
2025-04-14 01:01:44,592 - WARNING - bot.config - Не удалось получить entity для канала https://t.me/wbpizdec, пропускаем
2025-04-14 01:01:44,592 - ERROR - bot.utils.channel_utils - Не удалось получить сущность для канала tovariWB_po_sebestoimosti: A wait of 3051 seconds is required (caused by ResolveUsernameRequest)
2025-04-14 01:01:44,592 - WARNING - bot.config - Не удалось получить entity для канала https://t.me/tovariWB_po_sebestoimosti, пропускаем
2025-04-14 01:01:44,593 - ERROR - bot.utils.channel_utils - Не удалось получить сущность для канала cachbeck: A wait of 3051 seconds is required (caused by ResolveUsernameRequest)
2025-04-14 01:01:44,593 - WARNING - bot.config - Не удалось получить entity для канала https://t.me/cachbeck, пропускаем
2025-04-14 01:01:44,593 - ERROR - bot.utils.channel_utils - Не удалось получить сущность для канала keshbek_tovar1: A wait of 3051 seconds is required (caused by ResolveUsernameRequest)
2025-04-14 01:01:44,593 - WARNING - bot.config - Не удалось получить entity для канала https://t.me/keshbek_tovar1, пропускаем
2025-04-14 01:01:44,593 - ERROR - bot.utils.channel_utils - Не удалось получить сущность для канала za5zvezd: A wait of 3051 seconds is required (caused by ResolveUsernameRequest)
2025-04-14 01:01:44,594 - WARNING - bot.config - Не удалось получить entity для канала https://t.me/za5zvezd, пропускаем
2025-04-14 01:01:44,594 - ERROR - bot.utils.channel_utils - Не удалось получить сущность для канала marketplacehot: A wait of 3051 seconds is required (caused by ResolveUsernameRequest)
2025-04-14 01:01:44,594 - WARNING - bot.config - Не удалось получить entity для канала https://t.me/marketplacehot, пропускаем
2025-04-14 01:01:44,594 - ERROR - bot.utils.channel_utils - Не удалось получить сущность для канала razdachi_keshbek: A wait of 3051 seconds is required (caused by ResolveUsernameRequest)
2025-04-14 01:01:44,594 - WARNING - bot.config - Не удалось получить entity для канала https://t.me/razdachi_keshbek, пропускаем
2025-04-14 01:01:44,595 - ERROR - bot.utils.channel_utils - Не удалось получить сущность для канала onereklamatovara: A wait of 3051 seconds is required (caused by ResolveUsernameRequest)
2025-04-14 01:01:44,595 - WARNING - bot.config - Не удалось получить entity для канала https://t.me/onereklamatovara, пропускаем
2025-04-14 01:01:44,595 - ERROR - bot.utils.channel_utils - Не удалось получить сущность для канала tovar_za_otzivi_wb_ozon: A wait of 3051 seconds is required (caused by ResolveUsernameRequest)
2025-04-14 01:01:44,595 - WARNING - bot.config - Не удалось получить entity для канала https://t.me/tovar_za_otzivi_wb_ozon, пропускаем
2025-04-14 01:01:44,595 - ERROR - bot.utils.channel_utils - Не удалось получить сущность для канала cashback_wbozon: A wait of 3051 seconds is required (caused by ResolveUsernameRequest)
2025-04-14 01:01:44,596 - WARNING - bot.config - Не удалось получить entity для канала https://t.me/cashback_wbozon, пропускаем
2025-04-14 01:01:44,596 - ERROR - bot.utils.channel_utils - Не удалось получить сущность для канала cashback77777: A wait of 3051 seconds is required (caused by ResolveUsernameRequest)
2025-04-14 01:01:44,596 - WARNING - bot.config - Не удалось получить entity для канала https://t.me/cashback77777, пропускаем
2025-04-14 01:01:44,596 - ERROR - bot.utils.channel_utils - Не удалось получить сущность для канала cashbundi: A wait of 3051 seconds is required (caused by ResolveUsernameRequest)
2025-04-14 01:01:44,596 - WARNING - bot.config - Не удалось получить entity для канала https://t.me/cashbundi, пропускаем
2025-04-14 01:01:44,597 - ERROR - bot.utils.channel_utils - Не удалось получить сущность для канала online_hit_cashback: A wait of 3051 seconds is required (caused by ResolveUsernameRequest)
2025-04-14 01:01:44,597 - WARNING - bot.config - Не удалось получить entity для канала https://t.me/online_hit_cashback, пропускаем
2025-04-14 01:01:44,597 - ERROR - bot.utils.channel_utils - Не удалось получить сущность для канала besplatnowb: A wait of 3051 seconds is required (caused by ResolveUsernameRequest)
2025-04-14 01:01:44,597 - WARNING - bot.config - Не удалось получить entity для канала https://t.me/besplatnowb, пропускаем
2025-04-14 01:01:44,597 - ERROR - bot.utils.channel_utils - Не удалось получить сущность для канала wbozonkesh70100: A wait of 3051 seconds is required (caused by ResolveUsernameRequest)
2025-04-14 01:01:44,597 - WARNING - bot.config - Не удалось получить entity для канала https://t.me/wbozonkesh70100, пропускаем
2025-04-14 01:01:44,597 - ERROR - bot.utils.channel_utils - Не удалось получить сущность для канала wb_ozon_start: A wait of 3051 seconds is required (caused by ResolveUsernameRequest)
2025-04-14 01:01:44,597 - WARNING - bot.config - Не удалось получить entity для канала https://t.me/wb_ozon_start, пропускаем
2025-04-14 01:01:44,599 - ERROR - bot.utils.channel_utils - Не удалось получить сущность для канала tovar_waldberries: A wait of 3051 seconds is required (caused by ResolveUsernameRequest)
2025-04-14 01:01:44,599 - WARNING - bot.config - Не удалось получить entity для канала https://t.me/tovar_waldberries, пропускаем
2025-04-14 01:01:44,599 - ERROR - bot.utils.channel_utils - Не удалось получить сущность для канала vykup2: A wait of 3051 seconds is required (caused by ResolveUsernameRequest)
2025-04-14 01:01:44,599 - WARNING - bot.config - Не удалось получить entity для канала https://t.me/vykup2, пропускаем
2025-04-14 01:01:44,599 - ERROR - bot.utils.channel_utils - Не удалось получить сущность для канала best_wb_sale: A wait of 3051 seconds is required (caused by ResolveUsernameRequest)
2025-04-14 01:01:44,599 - WARNING - bot.config - Не удалось получить entity для канала https://t.me/best_wb_sale, пропускаем
2025-04-14 01:01:44,599 - ERROR - bot.utils.channel_utils - Не удалось получить сущность для канала keshmania: A wait of 3051 seconds is required (caused by ResolveUsernameRequest)
2025-04-14 01:01:44,599 - WARNING - bot.config - Не удалось получить entity для канала https://t.me/keshmania, пропускаем
2025-04-14 01:01:44,600 - ERROR - bot.utils.channel_utils - Не удалось получить сущность для канала ozonwbandsale: A wait of 3051 seconds is required (caused by ResolveUsernameRequest)
2025-04-14 01:01:44,600 - WARNING - bot.config - Не удалось получить entity для канала https://t.me/ozonwbandsale, пропускаем
2025-04-14 01:01:44,600 - ERROR - bot.utils.channel_utils - Не удалось получить сущность для канала razdazhawbozon2: A wait of 3051 seconds is required (caused by ResolveUsernameRequest)
2025-04-14 01:01:44,600 - WARNING - bot.config - Не удалось получить entity для канала https://t.me/razdazhawbozon2, пропускаем
2025-04-14 01:01:44,600 - ERROR - bot.utils.channel_utils - Не удалось получить сущность для канала jurello_youlove: A wait of 3051 seconds is required (caused by ResolveUsernameRequest)
2025-04-14 01:01:44,601 - WARNING - bot.config - Не удалось получить entity для канала https://t.me/jurello_youlove, пропускаем
2025-04-14 01:01:44,601 - ERROR - bot.utils.channel_utils - Не удалось получить сущность для канала cashback_wb_ozo: A wait of 3051 seconds is required (caused by ResolveUsernameRequest)
2025-04-14 01:01:44,601 - WARNING - bot.config - Не удалось получить entity для канала https://t.me/cashback_wb_ozo, пропускаем
2025-04-14 01:01:44,601 - ERROR - bot.utils.channel_utils - Не удалось получить сущность для канала keshbek_za_otzyv_lovi: A wait of 3051 seconds is required (caused by ResolveUsernameRequest)
2025-04-14 01:01:44,601 - WARNING - bot.config - Не удалось получить entity для канала https://t.me/keshbek_za_otzyv_lovi, пропускаем
2025-04-14 01:01:44,602 - ERROR - bot.utils.channel_utils - Не удалось получить сущность для канала otzev_go: A wait of 3051 seconds is required (caused by ResolveUsernameRequest)
2025-04-14 01:01:44,602 - WARNING - bot.config - Не удалось получить entity для канала https://t.me/otzev_go, пропускаем
2025-04-14 01:01:44,602 - ERROR - bot.utils.channel_utils - Не удалось получить сущность для канала salenawb: A wait of 3051 seconds is required (caused by ResolveUsernameRequest)
2025-04-14 01:01:44,602 - WARNING - bot.config - Не удалось получить entity для канала https://t.me/salenawb, пропускаем
2025-04-14 01:01:44,602 - ERROR - bot.utils.channel_utils - Не удалось получить сущность для канала Skid_best: A wait of 3051 seconds is required (caused by ResolveUsernameRequest)
2025-04-14 01:01:44,602 - WARNING - bot.config - Не удалось получить entity для канала https://t.me/Skid_best, пропускаем
2025-04-14 01:01:44,603 - ERROR - bot.utils.channel_utils - Не удалось получить сущность для канала reclamawbozonya: A wait of 3051 seconds is required (caused by ResolveUsernameRequest)
2025-04-14 01:01:44,603 - WARNING - bot.config - Не удалось получить entity для канала https://t.me/reclamawbozonya, пропускаем
2025-04-14 01:01:44,603 - WARNING - bot.utils.channel_utils - Приватная ссылка на канал не поддерживается напрямую: +i8MathZcizEwMmVi
2025-04-14 01:01:44,603 - WARNING - bot.config - Не удалось получить entity для канала https://t.me/+i8MathZcizEwMmVi, пропускаем
2025-04-14 01:01:44,603 - ERROR - bot.utils.channel_utils - Не удалось получить сущность для канала stop_moshennik_wb_ozon: A wait of 3051 seconds is required (caused by ResolveUsernameRequest)
2025-04-14 01:01:44,604 - WARNING - bot.config - Не удалось получить entity для канала https://t.me/stop_moshennik_wb_ozon, пропускаем
2025-04-14 01:01:44,604 - ERROR - bot.utils.channel_utils - Не удалось получить сущность для канала super_cash_back: A wait of 3051 seconds is required (caused by ResolveUsernameRequest)
2025-04-14 01:01:44,604 - WARNING - bot.config - Не удалось получить entity для канала https://t.me/super_cash_back, пропускаем
2025-04-14 01:01:44,604 - ERROR - bot.utils.channel_utils - Не удалось получить сущность для канала vykupiwbozon: A wait of 3051 seconds is required (caused by ResolveUsernameRequest)
2025-04-14 01:01:44,604 - WARNING - bot.config - Не удалось получить entity для канала https://t.me/vykupiwbozon, пропускаем
2025-04-14 01:01:44,605 - ERROR - bot.utils.channel_utils - Не удалось получить сущность для канала globalotzivi: A wait of 3051 seconds is required (caused by ResolveUsernameRequest)
2025-04-14 01:01:44,605 - WARNING - bot.config - Не удалось получить entity для канала https://t.me/globalotzivi, пропускаем
2025-04-14 01:01:44,605 - ERROR - bot.utils.channel_utils - Не удалось получить сущность для канала madiko431: A wait of 3051 seconds is required (caused by ResolveUsernameRequest)
2025-04-14 01:01:44,605 - WARNING - bot.config - Не удалось получить entity для канала https://t.me/madiko431, пропускаем
2025-04-14 01:01:44,605 - ERROR - bot.utils.channel_utils - Не удалось получить сущность для канала mani_egg: A wait of 3051 seconds is required (caused by ResolveUsernameRequest)
2025-04-14 01:01:44,606 - WARNING - bot.config - Не удалось получить entity для канала https://t.me/mani_egg, пропускаем
2025-04-14 01:01:44,606 - ERROR - bot.utils.channel_utils - Не удалось получить сущность для канала razdacha_za_otziv: A wait of 3051 seconds is required (caused by ResolveUsernameRequest)
2025-04-14 01:01:44,606 - WARNING - bot.config - Не удалось получить entity для канала https://t.me/razdacha_za_otziv, пропускаем
2025-04-14 01:01:44,606 - ERROR - bot.utils.channel_utils - Не удалось получить сущность для канала tovar_za_kesh1: A wait of 3051 seconds is required (caused by ResolveUsernameRequest)
2025-04-14 01:01:44,606 - WARNING - bot.config - Не удалось получить entity для канала https://t.me/tovar_za_kesh1, пропускаем
2025-04-14 01:01:44,607 - ERROR - bot.utils.channel_utils - Не удалось получить сущность для канала WBOZONBESPLATNO100: A wait of 3051 seconds is required (caused by ResolveUsernameRequest)
2025-04-14 01:01:44,607 - WARNING - bot.config - Не удалось получить entity для канала https://t.me/WBOZONBESPLATNO100, пропускаем
2025-04-14 01:01:44,607 - ERROR - bot.utils.channel_utils - Не удалось получить сущность для канала Cashback_WB_OZON_2024: A wait of 3051 seconds is required (caused by ResolveUsernameRequest)
2025-04-14 01:01:44,607 - WARNING - bot.config - Не удалось получить entity для канала https://t.me/Cashback_WB_OZON_2024, пропускаем
2025-04-14 01:01:44,607 - ERROR - bot.utils.channel_utils - Не удалось получить сущность для канала skidki_za_otzivi: A wait of 3051 seconds is required (caused by ResolveUsernameRequest)
2025-04-14 01:01:44,607 - WARNING - bot.config - Не удалось получить entity для канала https://t.me/skidki_za_otzivi, пропускаем
2025-04-14 01:01:44,608 - ERROR - bot.utils.channel_utils - Не удалось получить сущность для канала wb_saleobzor: A wait of 3051 seconds is required (caused by ResolveUsernameRequest)
2025-04-14 01:01:44,608 - WARNING - bot.config - Не удалось получить entity для канала https://t.me/wb_saleobzor, пропускаем
2025-04-14 01:01:44,608 - ERROR - bot.utils.channel_utils - Не удалось получить сущность для канала keshbekcs: A wait of 3051 seconds is required (caused by ResolveUsernameRequest)
2025-04-14 01:01:44,609 - WARNING - bot.config - Не удалось получить entity для канала https://t.me/keshbekcs, пропускаем
2025-04-14 01:01:44,609 - ERROR - bot.utils.channel_utils - Не удалось получить сущность для канала CashikWB: A wait of 3051 seconds is required (caused by ResolveUsernameRequest)
2025-04-14 01:01:44,609 - WARNING - bot.config - Не удалось получить entity для канала https://t.me/CashikWB, пропускаем
2025-04-14 01:01:44,609 - ERROR - bot.utils.channel_utils - Не удалось получить сущность для канала otzivi_wb_ozon: A wait of 3051 seconds is required (caused by ResolveUsernameRequest)
2025-04-14 01:01:44,609 - WARNING - bot.config - Не удалось получить entity для канала https://t.me/otzivi_wb_ozon, пропускаем
2025-04-14 01:01:44,610 - ERROR - bot.utils.channel_utils - Не удалось получить сущность для канала lovtsy_skidok: A wait of 3051 seconds is required (caused by ResolveUsernameRequest)
2025-04-14 01:01:44,610 - WARNING - bot.config - Не удалось получить entity для канала https://t.me/lovtsy_skidok, пропускаем
2025-04-14 01:01:44,610 - ERROR - bot.utils.channel_utils - Не удалось получить сущность для канала bestsellerpack: A wait of 3051 seconds is required (caused by ResolveUsernameRequest)
2025-04-14 01:01:44,610 - WARNING - bot.config - Не удалось получить entity для канала https://t.me/bestsellerpack, пропускаем
2025-04-14 01:01:44,610 - ERROR - bot.utils.channel_utils - Не удалось получить сущность для канала cashback_for_5_stars: A wait of 3051 seconds is required (caused by ResolveUsernameRequest)
2025-04-14 01:01:44,610 - WARNING - bot.config - Не удалось получить entity для канала https://t.me/cashback_for_5_stars, пропускаем
2025-04-14 01:01:44,611 - ERROR - bot.utils.channel_utils - Не удалось получить сущность для канала WOzonWb: A wait of 3051 seconds is required (caused by ResolveUsernameRequest)
2025-04-14 01:01:44,611 - WARNING - bot.config - Не удалось получить entity для канала https://t.me/WOzonWb, пропускаем
2025-04-14 01:01:44,611 - ERROR - bot.utils.channel_utils - Не удалось получить сущность для канала keshanytiigus: A wait of 3051 seconds is required (caused by ResolveUsernameRequest)
2025-04-14 01:01:44,611 - WARNING - bot.config - Не удалось получить entity для канала https://t.me/keshanytiigus, пропускаем
2025-04-14 01:01:44,611 - ERROR - bot.utils.channel_utils - Не удалось получить сущность для канала BLVDvikupay: A wait of 3051 seconds is required (caused by ResolveUsernameRequest)
2025-04-14 01:01:44,612 - WARNING - bot.config - Не удалось получить entity для канала https://t.me/BLVDvikupay, пропускаем
2025-04-14 01:01:44,612 - ERROR - bot.utils.channel_utils - Не удалось получить сущность для канала wilderries_free: A wait of 3051 seconds is required (caused by ResolveUsernameRequest)
2025-04-14 01:01:44,612 - WARNING - bot.config - Не удалось получить entity для канала https://t.me/wilderries_free, пропускаем
2025-04-14 01:01:44,612 - ERROR - bot.utils.channel_utils - Не удалось получить сущность для канала HALYAVASR1: A wait of 3051 seconds is required (caused by ResolveUsernameRequest)
2025-04-14 01:01:44,612 - WARNING - bot.config - Не удалось получить entity для канала https://t.me/HALYAVASR1, пропускаем
2025-04-14 01:01:44,612 - ERROR - bot.utils.channel_utils - Не удалось получить сущность для канала tovarotzuv: A wait of 3051 seconds is required (caused by ResolveUsernameRequest)
2025-04-14 01:01:44,613 - WARNING - bot.config - Не удалось получить entity для канала https://t.me/tovarotzuv, пропускаем
2025-04-14 01:01:44,613 - WARNING - bot.utils.channel_utils - Приватная ссылка на канал не поддерживается напрямую: +yOKXb9ugkVVhNDMy
2025-04-14 01:01:44,613 - WARNING - bot.config - Не удалось получить entity для канала https://t.me/+yOKXb9ugkVVhNDMy, пропускаем
2025-04-14 01:01:44,613 - ERROR - bot.utils.channel_utils - Не удалось получить сущность для канала wbrazdachi: A wait of 3051 seconds is required (caused by ResolveUsernameRequest)
2025-04-14 01:01:44,613 - WARNING - bot.config - Не удалось получить entity для канала https://t.me/wbrazdachi, пропускаем
2025-04-14 01:01:44,613 - ERROR - bot.utils.channel_utils - Не удалось получить сущность для канала backcashwb: A wait of 3051 seconds is required (caused by ResolveUsernameRequest)
2025-04-14 01:01:44,613 - WARNING - bot.config - Не удалось получить entity для канала https://t.me/backcashwb, пропускаем
2025-04-14 01:01:44,614 - ERROR - bot.utils.channel_utils - Не удалось получить сущность для канала tovar_za_otzyv_vykup_cashback: A wait of 3051 seconds is required (caused by ResolveUsernameRequest)
2025-04-14 01:01:44,614 - WARNING - bot.config - Не удалось получить entity для канала https://t.me/tovar_za_otzyv_vykup_cashback, пропускаем
2025-04-14 01:01:44,614 - ERROR - bot.utils.channel_utils - Не удалось получить сущность для канала cashbekwbozon: A wait of 3051 seconds is required (caused by ResolveUsernameRequest)
2025-04-14 01:01:44,615 - WARNING - bot.config - Не удалось получить entity для канала https://t.me/cashbekwbozon, пропускаем
2025-04-14 01:01:44,615 - ERROR - bot.utils.channel_utils - Не удалось получить сущность для канала cashback_wb_and_ozonn: A wait of 3051 seconds is required (caused by ResolveUsernameRequest)
2025-04-14 01:01:44,615 - WARNING - bot.config - Не удалось получить entity для канала https://t.me/cashback_wb_and_ozonn, пропускаем
2025-04-14 01:01:44,615 - WARNING - bot.utils.channel_utils - Приватная ссылка на канал не поддерживается напрямую: +lo9c0teJQrNiNzk6
2025-04-14 01:01:44,615 - WARNING - bot.config - Не удалось получить entity для канала https://t.me/+lo9c0teJQrNiNzk6, пропускаем
2025-04-14 01:01:44,615 - ERROR - bot.utils.channel_utils - Не удалось получить сущность для канала zona_raspakovku: A wait of 3051 seconds is required (caused by ResolveUsernameRequest)
2025-04-14 01:01:44,616 - WARNING - bot.config - Не удалось получить entity для канала https://t.me/zona_raspakovku, пропускаем
2025-04-14 01:01:44,616 - ERROR - bot.utils.channel_utils - Не удалось получить сущность для канала xalavshikipromokoda4: A wait of 3051 seconds is required (caused by ResolveUsernameRequest)
2025-04-14 01:01:44,616 - WARNING - bot.config - Не удалось получить entity для канала https://t.me/xalavshikipromokoda4, пропускаем
2025-04-14 01:01:44,616 - WARNING - bot.utils.channel_utils - Приватная ссылка на канал не поддерживается напрямую: +QeewdGww_go2YTYy
2025-04-14 01:01:44,616 - WARNING - bot.config - Не удалось получить entity для канала https://t.me/+QeewdGww_go2YTYy, пропускаем
2025-04-14 01:01:44,617 - ERROR - bot.utils.channel_utils - Не удалось получить сущность для канала dis_navigator: A wait of 3051 seconds is required (caused by ResolveUsernameRequest)
2025-04-14 01:01:44,617 - WARNING - bot.config - Не удалось получить entity для канала https://t.me/dis_navigator, пропускаем
2025-04-14 01:01:44,617 - ERROR - bot.utils.channel_utils - Не удалось получить сущность для канала keshanytiigoose: A wait of 3051 seconds is required (caused by ResolveUsernameRequest)
2025-04-14 01:01:44,617 - WARNING - bot.config - Не удалось получить entity для канала https://t.me/keshanytiigoose, пропускаем
2025-04-14 01:01:44,617 - ERROR - bot.utils.channel_utils - Не удалось получить сущность для канала cascbackcity: A wait of 3051 seconds is required (caused by ResolveUsernameRequest)
2025-04-14 01:01:44,617 - WARNING - bot.config - Не удалось получить entity для канала https://t.me/cascbackcity, пропускаем
2025-04-14 01:01:44,618 - ERROR - bot.utils.channel_utils - Не удалось получить сущность для канала WB_OZON_100_cashback: A wait of 3051 seconds is required (caused by ResolveUsernameRequest)
2025-04-14 01:01:44,618 - WARNING - bot.config - Не удалось получить entity для канала https://t.me/WB_OZON_100_cashback, пропускаем
2025-04-14 01:01:44,618 - ERROR - bot.utils.channel_utils - Не удалось получить сущность для канала darimzaotzyv: A wait of 3051 seconds is required (caused by ResolveUsernameRequest)
2025-04-14 01:01:44,618 - WARNING - bot.config - Не удалось получить entity для канала https://t.me/darimzaotzyv, пропускаем
2025-04-14 01:01:44,618 - ERROR - bot.utils.channel_utils - Не удалось получить сущность для канала father_cashback: A wait of 3051 seconds is required (caused by ResolveUsernameRequest)
2025-04-14 01:01:44,618 - WARNING - bot.config - Не удалось получить entity для канала https://t.me/father_cashback, пропускаем
2025-04-14 01:01:44,619 - ERROR - bot.utils.channel_utils - Не удалось получить сущность для канала keshbek7: A wait of 3051 seconds is required (caused by ResolveUsernameRequest)
2025-04-14 01:01:44,619 - WARNING - bot.config - Не удалось получить entity для канала https://t.me/keshbek7, пропускаем
2025-04-14 01:01:44,619 - ERROR - bot.utils.channel_utils - Не удалось получить сущность для канала cashforfeedback: A wait of 3051 seconds is required (caused by ResolveUsernameRequest)
2025-04-14 01:01:44,619 - WARNING - bot.config - Не удалось получить entity для канала https://t.me/cashforfeedback, пропускаем
2025-04-14 01:01:44,619 - ERROR - bot.utils.channel_utils - Не удалось получить сущность для канала razdazhawbozon: A wait of 3051 seconds is required (caused by ResolveUsernameRequest)
2025-04-14 01:01:44,619 - WARNING - bot.config - Не удалось получить entity для канала https://t.me/razdazhawbozon, пропускаем
2025-04-14 01:01:44,619 - ERROR - bot.utils.channel_utils - Не удалось получить сущность для канала collectionskidka: A wait of 3051 seconds is required (caused by ResolveUsernameRequest)
2025-04-14 01:01:44,619 - WARNING - bot.config - Не удалось получить entity для канала https://t.me/collectionskidka, пропускаем
2025-04-14 01:01:44,619 - ERROR - bot.utils.channel_utils - Не удалось получить сущность для канала wbozoncashbackyou: A wait of 3051 seconds is required (caused by ResolveUsernameRequest)
2025-04-14 01:01:44,620 - WARNING - bot.config - Не удалось получить entity для канала https://t.me/wbozoncashbackyou, пропускаем
2025-04-14 01:01:44,620 - ERROR - bot.utils.channel_utils - Не удалось получить сущность для канала cashzaotzyv: A wait of 3051 seconds is required (caused by ResolveUsernameRequest)
2025-04-14 01:01:44,620 - WARNING - bot.config - Не удалось получить entity для канала https://t.me/cashzaotzyv, пропускаем
2025-04-14 01:01:44,620 - ERROR - bot.utils.channel_utils - Не удалось получить сущность для канала razdachirosee: A wait of 3051 seconds is required (caused by ResolveUsernameRequest)
2025-04-14 01:01:44,620 - WARNING - bot.config - Не удалось получить entity для канала https://t.me/razdachirosee, пропускаем
2025-04-14 01:01:44,621 - ERROR - bot.utils.channel_utils - Не удалось получить сущность для канала tovarotzuvi: A wait of 3051 seconds is required (caused by ResolveUsernameRequest)
2025-04-14 01:01:44,621 - WARNING - bot.config - Не удалось получить entity для канала https://t.me/tovarotzuvi, пропускаем
2025-04-14 01:01:44,621 - ERROR - bot.utils.channel_utils - Не удалось получить сущность для канала vykup_keshbek6: A wait of 3051 seconds is required (caused by ResolveUsernameRequest)
2025-04-14 01:01:44,621 - WARNING - bot.config - Не удалось получить entity для канала https://t.me/vykup_keshbek6, пропускаем
2025-04-14 01:01:44,621 - ERROR - bot.utils.channel_utils - Не удалось получить сущность для канала keshbek_za_otzyv_WB: A wait of 3051 seconds is required (caused by ResolveUsernameRequest)
2025-04-14 01:01:44,622 - WARNING - bot.config - Не удалось получить entity для канала https://t.me/keshbek_za_otzyv_WB, пропускаем
2025-04-14 01:01:44,622 - ERROR - bot.utils.channel_utils - Не удалось получить сущность для канала zayka_nevinoven: A wait of 3051 seconds is required (caused by ResolveUsernameRequest)
2025-04-14 01:01:44,622 - WARNING - bot.config - Не удалось получить entity для канала https://t.me/zayka_nevinoven, пропускаем
2025-04-14 01:01:44,622 - ERROR - bot.utils.channel_utils - Не удалось получить сущность для канала wHvKsxJzQU0NjVi: A wait of 3051 seconds is required (caused by ResolveUsernameRequest)
2025-04-14 01:01:44,622 - WARNING - bot.config - Не удалось получить entity для канала https://t.me/wHvKsxJzQU0NjVi, пропускаем
2025-04-14 01:01:44,622 - ERROR - bot.utils.channel_utils - Не удалось получить сущность для канала zayachya_lapkaa: A wait of 3051 seconds is required (caused by ResolveUsernameRequest)
2025-04-14 01:01:44,623 - WARNING - bot.config - Не удалось получить entity для канала https://t.me/zayachya_lapkaa, пропускаем
2025-04-14 01:01:44,623 - ERROR - bot.utils.channel_utils - Не удалось получить сущность для канала grcashback: A wait of 3051 seconds is required (caused by ResolveUsernameRequest)
2025-04-14 01:01:44,623 - WARNING - bot.config - Не удалось получить entity для канала https://t.me/grcashback, пропускаем
2025-04-14 01:01:44,623 - ERROR - bot.utils.channel_utils - Не удалось получить сущность для канала topprodajizdec: A wait of 3051 seconds is required (caused by ResolveUsernameRequest)
2025-04-14 01:01:44,623 - WARNING - bot.config - Не удалось получить entity для канала https://t.me/topprodajizdec, пропускаем
2025-04-14 01:01:44,624 - ERROR - bot.utils.channel_utils - Не удалось получить сущность для канала walrus_best_cashbacks: A wait of 3051 seconds is required (caused by ResolveUsernameRequest)
2025-04-14 01:01:44,624 - WARNING - bot.config - Не удалось получить entity для канала https://t.me/walrus_best_cashbacks, пропускаем
2025-04-14 01:01:44,624 - ERROR - bot.utils.channel_utils - Не удалось получить сущность для канала best_kosmetics: A wait of 3051 seconds is required (caused by ResolveUsernameRequest)
2025-04-14 01:01:44,624 - WARNING - bot.config - Не удалось получить entity для канала https://t.me/best_kosmetics, пропускаем
2025-04-14 01:01:44,624 - ERROR - bot.utils.channel_utils - Не удалось получить сущность для канала raspakovkacpek: A wait of 3051 seconds is required (caused by ResolveUsernameRequest)
2025-04-14 01:01:44,624 - WARNING - bot.config - Не удалось получить entity для канала https://t.me/raspakovkacpek, пропускаем
2025-04-14 01:01:44,625 - ERROR - bot.utils.channel_utils - Не удалось получить сущность для канала HalyavaWildberriess: A wait of 3051 seconds is required (caused by ResolveUsernameRequest)
2025-04-14 01:01:44,625 - WARNING - bot.config - Не удалось получить entity для канала https://t.me/HalyavaWildberriess, пропускаем
2025-04-14 01:01:44,625 - ERROR - bot.utils.channel_utils - Не удалось получить сущность для канала black_cashbacks2: A wait of 3051 seconds is required (caused by ResolveUsernameRequest)
2025-04-14 01:01:44,625 - WARNING - bot.config - Не удалось получить entity для канала https://t.me/black_cashbacks2, пропускаем
2025-04-14 01:01:44,625 - ERROR - bot.utils.channel_utils - Не удалось получить сущность для канала cashbackLiza: A wait of 3051 seconds is required (caused by ResolveUsernameRequest)
2025-04-14 01:01:44,626 - WARNING - bot.config - Не удалось получить entity для канала https://t.me/cashbackLiza, пропускаем
2025-04-14 01:01:44,817 - INFO - bot.config - Канал -1002404189771: последнее сообщение ID = 16, дата = 2025-03-26 23:41:43+00:00
2025-04-14 01:01:44,817 - ERROR - bot.utils.channel_utils - Не удалось получить сущность для канала vykup5: A wait of 3051 seconds is required (caused by ResolveUsernameRequest)
2025-04-14 01:01:44,817 - WARNING - bot.config - Не удалось получить entity для канала https://t.me/vykup5, пропускаем
2025-04-14 01:01:44,817 - ERROR - bot.utils.channel_utils - Не удалось получить сущность для канала onlinehitkids: A wait of 3051 seconds is required (caused by ResolveUsernameRequest)
2025-04-14 01:01:44,817 - WARNING - bot.config - Не удалось получить entity для канала https://t.me/onlinehitkids, пропускаем
2025-04-14 01:01:44,818 - WARNING - bot.utils.channel_utils - Приватная ссылка на канал не поддерживается напрямую: +FkVWNsfMjJFjOWQ6
2025-04-14 01:01:44,818 - WARNING - bot.config - Не удалось получить entity для канала https://t.me/+FkVWNsfMjJFjOWQ6, пропускаем
2025-04-14 01:01:44,818 - ERROR - bot.utils.channel_utils - Не удалось получить сущность для канала samovikupibesplatno: A wait of 3051 seconds is required (caused by ResolveUsernameRequest)
2025-04-14 01:01:44,818 - WARNING - bot.config - Не удалось получить entity для канала https://t.me/samovikupibesplatno, пропускаем
2025-04-14 01:01:44,818 - ERROR - bot.utils.channel_utils - Не удалось получить сущность для канала cashbacknamp: A wait of 3051 seconds is required (caused by ResolveUsernameRequest)
2025-04-14 01:01:44,818 - WARNING - bot.config - Не удалось получить entity для канала https://t.me/cashbacknamp, пропускаем
2025-04-14 01:01:44,819 - ERROR - bot.utils.channel_utils - Не удалось получить сущность для канала otzyv_cashback: A wait of 3051 seconds is required (caused by ResolveUsernameRequest)
2025-04-14 01:01:44,819 - WARNING - bot.config - Не удалось получить entity для канала https://t.me/otzyv_cashback, пропускаем
2025-04-14 01:01:44,819 - ERROR - bot.utils.channel_utils - Не удалось получить сущность для канала razdahatovarov: A wait of 3051 seconds is required (caused by ResolveUsernameRequest)
2025-04-14 01:01:44,819 - WARNING - bot.config - Не удалось получить entity для канала https://t.me/razdahatovarov, пропускаем
2025-04-14 01:01:44,819 - ERROR - bot.utils.channel_utils - Не удалось получить сущность для канала wbskidka2023: A wait of 3051 seconds is required (caused by ResolveUsernameRequest)
2025-04-14 01:01:44,820 - WARNING - bot.config - Не удалось получить entity для канала https://t.me/wbskidka2023, пропускаем
2025-04-14 01:01:44,820 - ERROR - bot.utils.channel_utils - Не удалось получить сущность для канала halyava_za_otziv: A wait of 3051 seconds is required (caused by ResolveUsernameRequest)
2025-04-14 01:01:44,820 - WARNING - bot.config - Не удалось получить entity для канала https://t.me/halyava_za_otziv, пропускаем
2025-04-14 01:01:44,820 - ERROR - bot.utils.channel_utils - Не удалось получить сущность для канала LussiaK: A wait of 3051 seconds is required (caused by ResolveUsernameRequest)
2025-04-14 01:01:44,820 - WARNING - bot.config - Не удалось получить entity для канала https://t.me/LussiaK, пропускаем
2025-04-14 01:01:44,820 - ERROR - bot.utils.channel_utils - Не удалось получить сущность для канала razdachaWB2: A wait of 3051 seconds is required (caused by ResolveUsernameRequest)
2025-04-14 01:01:44,820 - WARNING - bot.config - Не удалось получить entity для канала https://t.me/razdachaWB2, пропускаем
2025-04-14 01:01:44,821 - ERROR - bot.utils.channel_utils - Не удалось получить сущность для канала wbozon_razdachi: A wait of 3051 seconds is required (caused by ResolveUsernameRequest)
2025-04-14 01:01:44,821 - WARNING - bot.config - Не удалось получить entity для канала https://t.me/wbozon_razdachi, пропускаем
2025-04-14 01:01:44,821 - ERROR - bot.utils.channel_utils - Не удалось получить сущность для канала mani_egg2: A wait of 3051 seconds is required (caused by ResolveUsernameRequest)
2025-04-14 01:01:44,821 - WARNING - bot.config - Не удалось получить entity для канала https://t.me/mani_egg2, пропускаем
2025-04-14 01:01:44,821 - ERROR - bot.utils.channel_utils - Не удалось получить сущность для канала cashback_halyva: A wait of 3051 seconds is required (caused by ResolveUsernameRequest)
2025-04-14 01:01:44,821 - WARNING - bot.config - Не удалось получить entity для канала https://t.me/cashback_halyva, пропускаем
2025-04-14 01:01:44,822 - ERROR - bot.utils.channel_utils - Не удалось получить сущность для канала top_sale_wildberries: A wait of 3051 seconds is required (caused by ResolveUsernameRequest)
2025-04-14 01:01:44,822 - WARNING - bot.config - Не удалось получить entity для канала https://t.me/top_sale_wildberries, пропускаем
2025-04-14 01:01:44,822 - ERROR - bot.utils.channel_utils - Не удалось получить сущность для канала tovar_za_otziv2: A wait of 3051 seconds is required (caused by ResolveUsernameRequest)
2025-04-14 01:01:44,822 - WARNING - bot.config - Не удалось получить entity для канала https://t.me/tovar_za_otziv2, пропускаем
2025-04-14 01:01:44,822 - ERROR - bot.utils.channel_utils - Не удалось получить сущность для канала otzyvy_cashback: A wait of 3051 seconds is required (caused by ResolveUsernameRequest)
2025-04-14 01:01:44,822 - WARNING - bot.config - Не удалось получить entity для канала https://t.me/otzyvy_cashback, пропускаем
2025-04-14 01:01:44,823 - ERROR - bot.utils.channel_utils - Не удалось получить сущность для канала wbozoncashback01: A wait of 3051 seconds is required (caused by ResolveUsernameRequest)
2025-04-14 01:01:44,823 - WARNING - bot.config - Не удалось получить entity для канала https://t.me/wbozoncashback01, пропускаем
2025-04-14 01:01:44,823 - ERROR - bot.utils.channel_utils - Не удалось получить сущность для канала kashartfamily: A wait of 3051 seconds is required (caused by ResolveUsernameRequest)
2025-04-14 01:01:44,823 - WARNING - bot.config - Не удалось получить entity для канала https://t.me/kashartfamily, пропускаем
2025-04-14 01:01:44,823 - ERROR - bot.utils.channel_utils - Не удалось получить сущность для канала wbzfree: A wait of 3051 seconds is required (caused by ResolveUsernameRequest)
2025-04-14 01:01:44,824 - WARNING - bot.config - Не удалось получить entity для канала https://t.me/wbzfree, пропускаем
2025-04-14 01:01:44,824 - ERROR - bot.utils.channel_utils - Не удалось получить сущность для канала tovarzakashbackwbozonn: A wait of 3051 seconds is required (caused by ResolveUsernameRequest)
2025-04-14 01:01:44,824 - WARNING - bot.config - Не удалось получить entity для канала https://t.me/tovarzakashbackwbozonn, пропускаем
2025-04-14 01:01:44,824 - ERROR - bot.utils.channel_utils - Не удалось получить сущность для канала razdachawbozon: A wait of 3051 seconds is required (caused by ResolveUsernameRequest)
2025-04-14 01:01:44,824 - WARNING - bot.config - Не удалось получить entity для канала https://t.me/razdachawbozon, пропускаем
2025-04-14 01:01:44,825 - ERROR - bot.utils.channel_utils - Не удалось получить сущность для канала wb_ozon_saless: A wait of 3051 seconds is required (caused by ResolveUsernameRequest)
2025-04-14 01:01:44,825 - WARNING - bot.config - Не удалось получить entity для канала https://t.me/wb_ozon_saless, пропускаем
2025-04-14 01:01:44,825 - ERROR - bot.utils.channel_utils - Не удалось получить сущность для канала sharovik_wb: A wait of 3051 seconds is required (caused by ResolveUsernameRequest)
2025-04-14 01:01:44,825 - WARNING - bot.config - Не удалось получить entity для канала https://t.me/sharovik_wb, пропускаем
2025-04-14 01:01:44,825 - ERROR - bot.utils.channel_utils - Не удалось получить сущность для канала supertovariwb: A wait of 3051 seconds is required (caused by ResolveUsernameRequest)
2025-04-14 01:01:44,826 - WARNING - bot.config - Не удалось получить entity для канала https://t.me/supertovariwb, пропускаем
2025-04-14 01:01:44,826 - ERROR - bot.utils.channel_utils - Не удалось получить сущность для канала Childrens_cashback: A wait of 3051 seconds is required (caused by ResolveUsernameRequest)
2025-04-14 01:01:44,826 - WARNING - bot.config - Не удалось получить entity для канала https://t.me/Childrens_cashback, пропускаем
2025-04-14 01:01:44,826 - ERROR - bot.utils.channel_utils - Не удалось получить сущность для канала shtrihkodhalyavy: A wait of 3051 seconds is required (caused by ResolveUsernameRequest)
2025-04-14 01:01:44,826 - WARNING - bot.config - Не удалось получить entity для канала https://t.me/shtrihkodhalyavy, пропускаем
2025-04-14 01:01:44,827 - INFO - bot.utils.channel_utils - Загружено 194 каналов из файла sources.txt
2025-04-14 01:01:44,828 - INFO - bot.config - Начало инициализации активности для 193 каналов
2025-04-14 01:01:45,074 - ERROR - bot.utils.channel_utils - Не удалось получить сущность для канала keshbek9: A wait of 3050 seconds is required (caused by ResolveUsernameRequest)
2025-04-14 01:01:45,074 - WARNING - bot.config - Не удалось получить сущность для канала https://t.me/keshbek9, пропускаем
2025-04-14 01:01:45,523 - ERROR - bot.utils.channel_utils - Не удалось получить сущность для канала wbozoncash1: A wait of 3050 seconds is required (caused by ResolveUsernameRequest)
2025-04-14 01:01:45,523 - WARNING - bot.config - Не удалось получить сущность для канала https://t.me/wbozoncash1, пропускаем
2025-04-14 01:01:45,818 - ERROR - bot.utils.channel_utils - Не удалось получить сущность для канала baraholka_wilberries: A wait of 3050 seconds is required (caused by ResolveUsernameRequest)
2025-04-14 01:01:45,818 - WARNING - bot.config - Не удалось получить сущность для канала https://t.me/baraholka_wilberries, пропускаем
2025-04-14 01:01:45,881 - ERROR - bot.utils.channel_utils - Не удалось получить сущность для канала cashbacksv: A wait of 3050 seconds is required (caused by ResolveUsernameRequest)
2025-04-14 01:01:45,881 - WARNING - bot.config - Не удалось получить сущность для канала https://t.me/cashbacksv, пропускаем
2025-04-14 01:01:46,423 - ERROR - bot.utils.channel_utils - Не удалось получить сущность для канала mpforcashback: A wait of 3049 seconds is required (caused by ResolveUsernameRequest)
2025-04-14 01:01:46,423 - WARNING - bot.config - Не удалось получить сущность для канала https://t.me/mpforcashback, пропускаем
2025-04-14 01:01:46,843 - ERROR - bot.utils.channel_utils - Не удалось получить сущность для канала cashbackWBOZ: A wait of 3049 seconds is required (caused by ResolveUsernameRequest)
2025-04-14 01:01:46,843 - WARNING - bot.config - Не удалось получить сущность для канала https://t.me/cashbackWBOZ, пропускаем
2025-04-14 01:01:46,998 - ERROR - bot.utils.channel_utils - Не удалось получить сущность для канала keshbekiwboz: A wait of 3049 seconds is required (caused by ResolveUsernameRequest)
2025-04-14 01:01:46,998 - WARNING - bot.config - Не удалось получить сущность для канала https://t.me/keshbekiwboz, пропускаем
2025-04-14 01:01:47,306 - ERROR - bot.utils.channel_utils - Не удалось получить сущность для канала uletnuicashback: A wait of 3048 seconds is required (caused by ResolveUsernameRequest)
2025-04-14 01:01:47,307 - WARNING - bot.config - Не удалось получить сущность для канала https://t.me/uletnuicashback, пропускаем
2025-04-14 01:01:47,476 - ERROR - bot.utils.channel_utils - Не удалось получить сущность для канала wildberries_top_YSMP: A wait of 3048 seconds is required (caused by ResolveUsernameRequest)
2025-04-14 01:01:47,476 - WARNING - bot.config - Не удалось получить сущность для канала https://t.me/wildberries_top_YSMP, пропускаем
2025-04-14 01:01:47,847 - WARNING - bot.utils.channel_utils - Приватная ссылка на канал не поддерживается напрямую: +xgtGB-MZBAVlOTZi
2025-04-14 01:01:47,847 - WARNING - bot.config - Не удалось получить сущность для канала https://t.me/+xgtGB-MZBAVlOTZi, пропускаем
2025-04-14 01:01:47,925 - INFO - bot.config - Инициализировано 0 каналов. Пауза 6.5 сек перед следующей партией
2025-04-14 01:01:54,587 - ERROR - bot.utils.channel_utils - Не удалось получить сущность для канала cashbackonwb: A wait of 3041 seconds is required (caused by ResolveUsernameRequest)
2025-04-14 01:01:54,588 - WARNING - bot.config - Не удалось получить сущность для канала https://t.me/cashbackonwb, пропускаем
2025-04-14 01:01:55,038 - ERROR - bot.utils.channel_utils - Не удалось получить сущность для канала VBBUKOP: A wait of 3041 seconds is required (caused by ResolveUsernameRequest)
2025-04-14 01:01:55,038 - WARNING - bot.config - Не удалось получить сущность для канала https://t.me/VBBUKOP, пропускаем
2025-04-14 01:01:55,334 - ERROR - bot.utils.channel_utils - Не удалось получить сущность для канала tvoy_cashbek: A wait of 3040 seconds is required (caused by ResolveUsernameRequest)
2025-04-14 01:01:55,334 - WARNING - bot.config - Не удалось получить сущность для канала https://t.me/tvoy_cashbek, пропускаем
2025-04-14 01:01:55,550 - WARNING - bot.utils.channel_utils - Приватная ссылка на канал не поддерживается напрямую: +I7fWHohKZ84zYWRi
2025-04-14 01:01:55,550 - WARNING - bot.config - Не удалось получить сущность для канала https://t.me/+I7fWHohKZ84zYWRi, пропускаем
2025-04-14 01:01:55,986 - WARNING - bot.utils.channel_utils - Приватная ссылка на канал не поддерживается напрямую: +u-89-NYsWnozMDZi
2025-04-14 01:01:55,986 - WARNING - bot.config - Не удалось получить сущность для канала https://t.me/+u-89-NYsWnozMDZi, пропускаем
2025-04-14 01:01:56,374 - ERROR - bot.utils.channel_utils - Не удалось получить сущность для канала keshbek_za_otzyv: A wait of 3039 seconds is required (caused by ResolveUsernameRequest)
2025-04-14 01:01:56,374 - WARNING - bot.config - Не удалось получить сущность для канала https://t.me/keshbek_za_otzyv, пропускаем
2025-04-14 01:01:56,421 - ERROR - bot.utils.channel_utils - Не удалось получить сущность для канала kingssports_tg: A wait of 3039 seconds is required (caused by ResolveUsernameRequest)
2025-04-14 01:01:56,421 - WARNING - bot.config - Не удалось получить сущность для канала https://t.me/kingssports_tg, пропускаем
2025-04-14 01:01:56,854 - ERROR - bot.utils.channel_utils - Не удалось получить сущность для канала Products_for_review: A wait of 3039 seconds is required (caused by ResolveUsernameRequest)
2025-04-14 01:01:56,854 - WARNING - bot.config - Не удалось получить сущность для канала https://t.me/Products_for_review, пропускаем
2025-04-14 01:01:57,348 - ERROR - bot.utils.channel_utils - Не удалось получить сущность для канала wb_ozon_skidki_rasprodazha: A wait of 3038 seconds is required (caused by ResolveUsernameRequest)
2025-04-14 01:01:57,348 - WARNING - bot.config - Не удалось получить сущность для канала https://t.me/wb_ozon_skidki_rasprodazha, пропускаем
2025-04-14 01:01:57,379 - ERROR - bot.utils.channel_utils - Не удалось получить сущность для канала item_for_rewiew: A wait of 3038 seconds is required (caused by ResolveUsernameRequest)
2025-04-14 01:01:57,379 - WARNING - bot.config - Не удалось получить сущность для канала https://t.me/item_for_rewiew, пропускаем
2025-04-14 01:01:57,505 - INFO - bot.config - Инициализировано 0 каналов. Пауза 5.8 сек перед следующей партией
2025-04-14 01:02:03,671 - ERROR - bot.utils.channel_utils - Не удалось получить сущность для канала wildberries_cash_back: A wait of 3032 seconds is required (caused by ResolveUsernameRequest)
2025-04-14 01:02:03,671 - WARNING - bot.config - Не удалось получить сущность для канала https://t.me/wildberries_cash_back, пропускаем
2025-04-14 01:02:04,089 - ERROR - bot.utils.channel_utils - Не удалось получить сущность для канала wb_kesh100: A wait of 3031 seconds is required (caused by ResolveUsernameRequest)
2025-04-14 01:02:04,089 - WARNING - bot.config - Не удалось получить сущность для канала https://t.me/wb_kesh100, пропускаем
2025-04-14 01:02:04,089 - ERROR - bot.utils.channel_utils - Не удалось получить сущность для канала cashbacknutie: A wait of 3031 seconds is required (caused by ResolveUsernameRequest)
2025-04-14 01:02:04,089 - WARNING - bot.config - Не удалось получить сущность для канала https://t.me/cashbacknutie, пропускаем
2025-04-14 01:02:04,632 - ERROR - bot.utils.channel_utils - Не удалось получить сущность для канала cashback_za_tovar: A wait of 3031 seconds is required (caused by ResolveUsernameRequest)
2025-04-14 01:02:04,632 - WARNING - bot.config - Не удалось получить сущность для канала https://t.me/cashback_za_tovar, пропускаем
2025-04-14 01:02:04,678 - ERROR - bot.utils.channel_utils - Не удалось получить сущность для канала HAXODKI_PAZDACHI: A wait of 3031 seconds is required (caused by ResolveUsernameRequest)
2025-04-14 01:02:04,678 - WARNING - bot.config - Не удалось получить сущность для канала https://t.me/HAXODKI_PAZDACHI, пропускаем
2025-04-14 01:02:05,333 - ERROR - bot.utils.channel_utils - Не удалось получить сущность для канала cashbackpro100: A wait of 3030 seconds is required (caused by ResolveUsernameRequest)
2025-04-14 01:02:05,333 - WARNING - bot.config - Не удалось получить сущность для канала https://t.me/cashbackpro100, пропускаем
2025-04-14 01:02:05,378 - ERROR - bot.utils.channel_utils - Не удалось получить сущность для канала cashback_WBiOzon: A wait of 3030 seconds is required (caused by ResolveUsernameRequest)
2025-04-14 01:02:05,378 - WARNING - bot.config - Не удалось получить сущность для канала https://t.me/cashback_WBiOzon, пропускаем
2025-04-14 01:02:05,921 - ERROR - bot.utils.channel_utils - Не удалось получить сущность для канала discounts_on_marketplaces: A wait of 3030 seconds is required (caused by ResolveUsernameRequest)
2025-04-14 01:02:05,921 - WARNING - bot.config - Не удалось получить сущность для канала https://t.me/discounts_on_marketplaces, пропускаем
2025-04-14 01:02:05,967 - ERROR - bot.utils.channel_utils - Не удалось получить сущность для канала chestnyreiting: A wait of 3030 seconds is required (caused by ResolveUsernameRequest)
2025-04-14 01:02:05,967 - WARNING - bot.config - Не удалось получить сущность для канала https://t.me/chestnyreiting, пропускаем
2025-04-14 01:02:06,201 - ERROR - bot.utils.channel_utils - Не удалось получить сущность для канала gives_ozon_wb: A wait of 3029 seconds is required (caused by ResolveUsernameRequest)
2025-04-14 01:02:06,201 - WARNING - bot.config - Не удалось получить сущность для канала https://t.me/gives_ozon_wb, пропускаем
2025-04-14 01:02:06,404 - INFO - bot.config - Инициализировано 0 каналов. Пауза 7.2 сек перед следующей партией
2025-04-14 01:04:31,155 - INFO - bot.config - Загружена конфигурация из bot\config.json
2025-04-14 01:04:31,156 - INFO - bot.utils.channel_utils - Загружено 194 каналов из файла sources.txt
2025-04-14 01:04:31,156 - INFO - bot.config - Итоговое количество источников: 193
2025-04-14 01:04:31,226 - WARNING - bot.config - Не удалось зарегистрировать обработчики сигналов: 
2025-04-14 01:04:31,226 - INFO - bot.config - Используется директория для сессий: sessions
2025-04-14 01:04:31,228 - INFO - bot.config - Проверка прав доступа к sessions пройдена успешно
2025-04-14 01:04:31,229 - INFO - bot.config - Удален файл сессии sessions\79939366352.session для принудительной авторизации
2025-04-14 01:04:31,230 - INFO - bot.config - Удален файл состояния parser_state.json
2025-04-14 01:04:31,581 - INFO - bot.config - Инициализирован бот и диспетчер
2025-04-14 01:04:31,581 - INFO - bot.config - Запуск обработки сообщений ботом
2025-04-14 01:04:34,587 - INFO - bot.config - Бот запущен и готов получать сообщения
2025-04-14 01:04:55,841 - INFO - bot.config - Отправлено предварительное уведомление администратору 5304440647
2025-04-14 01:04:58,880 - INFO - bot.data.storage - Файл состояния parser_state.json не найден, создаем новый
2025-04-14 01:04:58,880 - INFO - bot.config - Инициализация парсера Telegram
2025-04-14 01:04:58,880 - INFO - bot.config - Парсер инициализирован. Макс. конкурентных запросов: 5
2025-04-14 01:04:58,882 - INFO - bot.config - Путь к файлу сессии: sessions\79939366352
2025-04-14 01:04:58,882 - INFO - bot.data.storage - Файл состояния parser_state.json не найден, создаем новый
2025-04-14 01:04:58,883 - INFO - bot.config - Зарегистрированы обработчики сигналов для грациозного завершения
2025-04-14 01:04:58,883 - INFO - bot.config - Парсер инициализирован, время запуска: 2025-04-13 22:04:58.882941+00:00
2025-04-14 01:04:58,883 - INFO - bot.config - Привязан экземпляр бота к парсеру
2025-04-14 01:04:58,883 - INFO - bot.config - Подключение к API Telegram...
2025-04-14 01:04:58,883 - INFO - bot.config - Используется сессия: sessions\79939366352
2025-04-14 01:04:58,886 - INFO - bot.config - Попытка подключения к Telegram (попытка 1/5)...
2025-04-14 01:05:00,686 - INFO - bot.config - Начало авторизации для номера 79939366352
2025-04-14 01:05:00,780 - INFO - bot.config - Запрос кода авторизации отправлен
2025-04-14 01:05:09,774 - ERROR - bot.config - Получен код авторизации от администратора 5304440647: 67370
2025-04-14 01:05:11,163 - INFO - bot.config - Успешно авторизован как Will.i.am (ID: 7193033126)
2025-04-14 01:05:11,164 - INFO - bot.config - Запуск задачи парсера
2025-04-14 01:05:11,164 - INFO - bot.config - Парсер запущен
2025-04-14 01:05:11,164 - INFO - bot.config - Запущен мониторинг активности с таймаутом 180 секунд
2025-04-14 01:05:11,164 - INFO - bot.config - Инициализация информации о каналах
2025-04-14 01:05:11,164 - INFO - bot.config - Инициализация: получение ID последних сообщений
2025-04-14 01:05:11,165 - INFO - bot.config - Загружены каналы из файла sources.txt
2025-04-14 01:05:11,166 - INFO - bot.config - Всего получено 193 каналов-источников
2025-04-14 01:05:11,238 - ERROR - bot.config - Ошибка при получении сущности для канала https://t.me/keshbekiwboz: A wait of 2844 seconds is required (caused by ResolveUsernameRequest)
2025-04-14 01:05:11,239 - WARNING - bot.config - Не удалось получить entity для канала https://t.me/keshbekiwboz, пропускаем
2025-04-14 01:05:11,239 - ERROR - bot.config - Ошибка при получении сущности для канала https://t.me/VBBUKOP: A wait of 2844 seconds is required (caused by ResolveUsernameRequest)
2025-04-14 01:05:11,239 - WARNING - bot.config - Не удалось получить entity для канала https://t.me/VBBUKOP, пропускаем
2025-04-14 01:05:11,239 - ERROR - bot.config - Ошибка при получении сущности для канала https://t.me/Otzovik_WB_OZON_TOP: A wait of 2844 seconds is required (caused by ResolveUsernameRequest)
2025-04-14 01:05:11,240 - WARNING - bot.config - Не удалось получить entity для канала https://t.me/Otzovik_WB_OZON_TOP, пропускаем
2025-04-14 01:05:11,240 - ERROR - bot.config - Ошибка при получении сущности для канала https://t.me/cashback_halyva: A wait of 2844 seconds is required (caused by ResolveUsernameRequest)
2025-04-14 01:05:11,241 - WARNING - bot.config - Не удалось получить entity для канала https://t.me/cashback_halyva, пропускаем
2025-04-14 01:05:11,241 - ERROR - bot.config - Ошибка при получении сущности для канала https://t.me/Wildberries1cashback: A wait of 2844 seconds is required (caused by ResolveUsernameRequest)
2025-04-14 01:05:11,241 - WARNING - bot.config - Не удалось получить entity для канала https://t.me/Wildberries1cashback, пропускаем
2025-04-14 01:05:11,241 - ERROR - bot.config - Ошибка при получении сущности для канала https://t.me/razdachawbozon: A wait of 2844 seconds is required (caused by ResolveUsernameRequest)
2025-04-14 01:05:11,241 - WARNING - bot.config - Не удалось получить entity для канала https://t.me/razdachawbozon, пропускаем
2025-04-14 01:05:11,242 - ERROR - bot.config - Ошибка при получении сущности для канала https://t.me/cashbackpro100: A wait of 2844 seconds is required (caused by ResolveUsernameRequest)
2025-04-14 01:05:11,242 - WARNING - bot.config - Не удалось получить entity для канала https://t.me/cashbackpro100, пропускаем
2025-04-14 01:05:11,242 - ERROR - bot.config - Ошибка при получении сущности для канала https://t.me/keshbekcs: A wait of 2844 seconds is required (caused by ResolveUsernameRequest)
2025-04-14 01:05:11,242 - WARNING - bot.config - Не удалось получить entity для канала https://t.me/keshbekcs, пропускаем
2025-04-14 01:05:11,243 - ERROR - bot.config - Ошибка при получении сущности для канала https://t.me/HALYAVASR1: A wait of 2844 seconds is required (caused by ResolveUsernameRequest)
2025-04-14 01:05:11,243 - WARNING - bot.config - Не удалось получить entity для канала https://t.me/HALYAVASR1, пропускаем
2025-04-14 01:05:11,243 - ERROR - bot.config - Ошибка при получении сущности для канала https://t.me/razdazhawbozon2: A wait of 2844 seconds is required (caused by ResolveUsernameRequest)
2025-04-14 01:05:11,243 - WARNING - bot.config - Не удалось получить entity для канала https://t.me/razdazhawbozon2, пропускаем
2025-04-14 01:05:11,243 - ERROR - bot.config - Ошибка при получении сущности для канала https://t.me/walrus_best_cashbacks: A wait of 2844 seconds is required (caused by ResolveUsernameRequest)
2025-04-14 01:05:11,244 - WARNING - bot.config - Не удалось получить entity для канала https://t.me/walrus_best_cashbacks, пропускаем
2025-04-14 01:05:11,244 - ERROR - bot.config - Ошибка при получении сущности для канала https://t.me/reclamawbozonya: A wait of 2844 seconds is required (caused by ResolveUsernameRequest)
2025-04-14 01:05:11,244 - WARNING - bot.config - Не удалось получить entity для канала https://t.me/reclamawbozonya, пропускаем
2025-04-14 01:05:11,244 - ERROR - bot.config - Ошибка при получении сущности для канала https://t.me/wildberrieskesh: A wait of 2844 seconds is required (caused by ResolveUsernameRequest)
2025-04-14 01:05:11,245 - WARNING - bot.config - Не удалось получить entity для канала https://t.me/wildberrieskesh, пропускаем
2025-04-14 01:05:11,245 - ERROR - bot.config - Ошибка при получении сущности для канала https://t.me/cashback_wb_and_ozonn: A wait of 2844 seconds is required (caused by ResolveUsernameRequest)
2025-04-14 01:05:11,245 - WARNING - bot.config - Не удалось получить entity для канала https://t.me/cashback_wb_and_ozonn, пропускаем
2025-04-14 01:05:11,245 - ERROR - bot.config - Ошибка при получении сущности для канала https://t.me/tovar_za_kesh1: A wait of 2844 seconds is required (caused by ResolveUsernameRequest)
2025-04-14 01:05:11,245 - WARNING - bot.config - Не удалось получить entity для канала https://t.me/tovar_za_kesh1, пропускаем
2025-04-14 01:05:11,246 - ERROR - bot.config - Ошибка при получении сущности для канала https://t.me/tovarotzuv: A wait of 2844 seconds is required (caused by ResolveUsernameRequest)
2025-04-14 01:05:11,246 - WARNING - bot.config - Не удалось получить entity для канала https://t.me/tovarotzuv, пропускаем
2025-04-14 01:05:11,247 - ERROR - bot.config - Ошибка при получении сущности для канала https://t.me/item_for_rewiew: A wait of 2844 seconds is required (caused by ResolveUsernameRequest)
2025-04-14 01:05:11,247 - WARNING - bot.config - Не удалось получить entity для канала https://t.me/item_for_rewiew, пропускаем
2025-04-14 01:05:11,247 - ERROR - bot.config - Ошибка при получении сущности для канала https://t.me/raspakovkacpek: A wait of 2844 seconds is required (caused by ResolveUsernameRequest)
2025-04-14 01:05:11,247 - WARNING - bot.config - Не удалось получить entity для канала https://t.me/raspakovkacpek, пропускаем
2025-04-14 01:05:11,247 - ERROR - bot.config - Ошибка при получении сущности для канала https://t.me/WBOZONBESPLATNO100: A wait of 2844 seconds is required (caused by ResolveUsernameRequest)
2025-04-14 01:05:11,248 - WARNING - bot.config - Не удалось получить entity для канала https://t.me/WBOZONBESPLATNO100, пропускаем
2025-04-14 01:05:11,248 - ERROR - bot.config - Ошибка при получении сущности для канала https://t.me/uletnuicashback: A wait of 2844 seconds is required (caused by ResolveUsernameRequest)
2025-04-14 01:05:11,248 - WARNING - bot.config - Не удалось получить entity для канала https://t.me/uletnuicashback, пропускаем
2025-04-14 01:05:11,248 - ERROR - bot.config - Ошибка при получении сущности для канала https://t.me/razdachi_keshbek: A wait of 2844 seconds is required (caused by ResolveUsernameRequest)
2025-04-14 01:05:11,248 - WARNING - bot.config - Не удалось получить entity для канала https://t.me/razdachi_keshbek, пропускаем
2025-04-14 01:05:11,249 - ERROR - bot.config - Ошибка при получении сущности для канала https://t.me/shtrihkodhalyavy: A wait of 2844 seconds is required (caused by ResolveUsernameRequest)
2025-04-14 01:05:11,249 - WARNING - bot.config - Не удалось получить entity для канала https://t.me/shtrihkodhalyavy, пропускаем
2025-04-14 01:05:11,249 - ERROR - bot.config - Ошибка при получении сущности для канала https://t.me/cachbeck: A wait of 2844 seconds is required (caused by ResolveUsernameRequest)
2025-04-14 01:05:11,249 - WARNING - bot.config - Не удалось получить entity для канала https://t.me/cachbeck, пропускаем
2025-04-14 01:05:11,249 - ERROR - bot.config - Ошибка при получении сущности для канала https://t.me/onlinehitkids: A wait of 2844 seconds is required (caused by ResolveUsernameRequest)
2025-04-14 01:05:11,249 - WARNING - bot.config - Не удалось получить entity для канала https://t.me/onlinehitkids, пропускаем
2025-04-14 01:05:11,249 - ERROR - bot.config - Ошибка при получении сущности для канала https://t.me/zayka_nevinoven: A wait of 2844 seconds is required (caused by ResolveUsernameRequest)
2025-04-14 01:05:11,249 - WARNING - bot.config - Не удалось получить entity для канала https://t.me/zayka_nevinoven, пропускаем
2025-04-14 01:05:11,250 - ERROR - bot.config - Ошибка при получении сущности для канала https://t.me/bestsellerpack: A wait of 2844 seconds is required (caused by ResolveUsernameRequest)
2025-04-14 01:05:11,250 - WARNING - bot.config - Не удалось получить entity для канала https://t.me/bestsellerpack, пропускаем
2025-04-14 01:05:11,250 - ERROR - bot.config - Ошибка при получении сущности для канала https://t.me/stop_moshennik_wb_ozon: A wait of 2844 seconds is required (caused by ResolveUsernameRequest)
2025-04-14 01:05:11,250 - WARNING - bot.config - Не удалось получить entity для канала https://t.me/stop_moshennik_wb_ozon, пропускаем
2025-04-14 01:05:11,251 - ERROR - bot.config - Ошибка при получении сущности для канала https://t.me/keshbek9: A wait of 2844 seconds is required (caused by ResolveUsernameRequest)
2025-04-14 01:05:11,251 - WARNING - bot.config - Не удалось получить entity для канала https://t.me/keshbek9, пропускаем
2025-04-14 01:05:11,252 - ERROR - bot.config - Ошибка при получении сущности для канала https://t.me/cashback100only: A wait of 2844 seconds is required (caused by ResolveUsernameRequest)
2025-04-14 01:05:11,252 - WARNING - bot.config - Не удалось получить entity для канала https://t.me/cashback100only, пропускаем
2025-04-14 01:05:11,252 - ERROR - bot.config - Ошибка при получении сущности для канала https://t.me/collectionskidka: A wait of 2844 seconds is required (caused by ResolveUsernameRequest)
2025-04-14 01:05:11,252 - WARNING - bot.config - Не удалось получить entity для канала https://t.me/collectionskidka, пропускаем
2025-04-14 01:05:11,253 - ERROR - bot.config - Ошибка при получении сущности для канала https://t.me/HalyavaWildberriess: A wait of 2844 seconds is required (caused by ResolveUsernameRequest)
2025-04-14 01:05:11,253 - WARNING - bot.config - Не удалось получить entity для канала https://t.me/HalyavaWildberriess, пропускаем
2025-04-14 01:05:11,253 - ERROR - bot.config - Ошибка при получении сущности для канала https://t.me/wb_saleobzor: A wait of 2844 seconds is required (caused by ResolveUsernameRequest)
2025-04-14 01:05:11,253 - WARNING - bot.config - Не удалось получить entity для канала https://t.me/wb_saleobzor, пропускаем
2025-04-14 01:05:11,253 - ERROR - bot.config - Ошибка при получении сущности для канала https://t.me/cashzaotzyv: A wait of 2844 seconds is required (caused by ResolveUsernameRequest)
2025-04-14 01:05:11,254 - WARNING - bot.config - Не удалось получить entity для канала https://t.me/cashzaotzyv, пропускаем
2025-04-14 01:05:11,254 - ERROR - bot.config - Ошибка при получении сущности для канала https://t.me/skidki_za_otzivi: A wait of 2844 seconds is required (caused by ResolveUsernameRequest)
2025-04-14 01:05:11,254 - WARNING - bot.config - Не удалось получить entity для канала https://t.me/skidki_za_otzivi, пропускаем
2025-04-14 01:05:11,254 - ERROR - bot.config - Ошибка при получении сущности для канала https://t.me/ceshbek_wb: A wait of 2844 seconds is required (caused by ResolveUsernameRequest)
2025-04-14 01:05:11,255 - WARNING - bot.config - Не удалось получить entity для канала https://t.me/ceshbek_wb, пропускаем
2025-04-14 01:05:11,255 - ERROR - bot.config - Ошибка при получении сущности для канала https://t.me/tovar_waldberries: A wait of 2844 seconds is required (caused by ResolveUsernameRequest)
2025-04-14 01:05:11,255 - WARNING - bot.config - Не удалось получить entity для канала https://t.me/tovar_waldberries, пропускаем
2025-04-14 01:05:11,255 - ERROR - bot.config - Ошибка при получении сущности для канала https://t.me/vikup_cashback: A wait of 2844 seconds is required (caused by ResolveUsernameRequest)
2025-04-14 01:05:11,255 - WARNING - bot.config - Не удалось получить entity для канала https://t.me/vikup_cashback, пропускаем
2025-04-14 01:05:11,256 - ERROR - bot.config - Ошибка при получении сущности для канала https://t.me/razdachaWB2: A wait of 2844 seconds is required (caused by ResolveUsernameRequest)
2025-04-14 01:05:11,256 - WARNING - bot.config - Не удалось получить entity для канала https://t.me/razdachaWB2, пропускаем
2025-04-14 01:05:11,321 - WARNING - bot.config - Не удалось получить сущность для канала https://t.me/+FkVWNsfMjJFjOWQ6: Cannot find any entity corresponding to "https://t.me/+FkVWNsfMjJFjOWQ6"
2025-04-14 01:05:11,322 - WARNING - bot.config - Не удалось получить entity для канала https://t.me/+FkVWNsfMjJFjOWQ6, пропускаем
2025-04-14 01:05:11,322 - ERROR - bot.config - Ошибка при получении сущности для канала https://t.me/zona_raspakovku: A wait of 2844 seconds is required (caused by ResolveUsernameRequest)
2025-04-14 01:05:11,322 - WARNING - bot.config - Не удалось получить entity для канала https://t.me/zona_raspakovku, пропускаем
2025-04-14 01:05:11,322 - ERROR - bot.config - Ошибка при получении сущности для канала https://t.me/mani_egg: A wait of 2844 seconds is required (caused by ResolveUsernameRequest)
2025-04-14 01:05:11,322 - WARNING - bot.config - Не удалось получить entity для канала https://t.me/mani_egg, пропускаем
2025-04-14 01:05:11,323 - ERROR - bot.config - Ошибка при получении сущности для канала https://t.me/cashbundi: A wait of 2844 seconds is required (caused by ResolveUsernameRequest)
2025-04-14 01:05:11,323 - WARNING - bot.config - Не удалось получить entity для канала https://t.me/cashbundi, пропускаем
2025-04-14 01:05:11,323 - ERROR - bot.config - Ошибка при получении сущности для канала https://t.me/cashbacknutie: A wait of 2844 seconds is required (caused by ResolveUsernameRequest)
2025-04-14 01:05:11,323 - WARNING - bot.config - Не удалось получить entity для канала https://t.me/cashbacknutie, пропускаем
2025-04-14 01:05:11,324 - ERROR - bot.config - Ошибка при получении сущности для канала https://t.me/moshenniki_wildberries_wb: A wait of 2844 seconds is required (caused by ResolveUsernameRequest)
2025-04-14 01:05:11,324 - WARNING - bot.config - Не удалось получить entity для канала https://t.me/moshenniki_wildberries_wb, пропускаем
2025-04-14 01:05:11,324 - ERROR - bot.config - Ошибка при получении сущности для канала https://t.me/gives_ozon_wb: A wait of 2844 seconds is required (caused by ResolveUsernameRequest)
2025-04-14 01:05:11,324 - WARNING - bot.config - Не удалось получить entity для канала https://t.me/gives_ozon_wb, пропускаем
2025-04-14 01:05:11,324 - ERROR - bot.config - Ошибка при получении сущности для канала https://t.me/wbzfree: A wait of 2844 seconds is required (caused by ResolveUsernameRequest)
2025-04-14 01:05:11,324 - WARNING - bot.config - Не удалось получить entity для канала https://t.me/wbzfree, пропускаем
2025-04-14 01:05:11,325 - ERROR - bot.config - Ошибка при получении сущности для канала https://t.me/wilderries_free: A wait of 2844 seconds is required (caused by ResolveUsernameRequest)
2025-04-14 01:05:11,325 - WARNING - bot.config - Не удалось получить entity для канала https://t.me/wilderries_free, пропускаем
2025-04-14 01:05:11,325 - ERROR - bot.config - Ошибка при получении сущности для канала https://t.me/ozonwbandsale: A wait of 2844 seconds is required (caused by ResolveUsernameRequest)
2025-04-14 01:05:11,325 - WARNING - bot.config - Не удалось получить entity для канала https://t.me/ozonwbandsale, пропускаем
2025-04-14 01:05:11,325 - ERROR - bot.config - Ошибка при получении сущности для канала https://t.me/cashforfeedback: A wait of 2844 seconds is required (caused by ResolveUsernameRequest)
2025-04-14 01:05:11,326 - WARNING - bot.config - Не удалось получить entity для канала https://t.me/cashforfeedback, пропускаем
2025-04-14 01:05:11,326 - ERROR - bot.config - Ошибка при получении сущности для канала https://t.me/wb_ozon_start: A wait of 2844 seconds is required (caused by ResolveUsernameRequest)
2025-04-14 01:05:11,326 - WARNING - bot.config - Не удалось получить entity для канала https://t.me/wb_ozon_start, пропускаем
2025-04-14 01:05:11,327 - ERROR - bot.config - Ошибка при получении сущности для канала https://t.me/wbozon_razdachi: A wait of 2844 seconds is required (caused by ResolveUsernameRequest)
2025-04-14 01:05:11,327 - WARNING - bot.config - Не удалось получить entity для канала https://t.me/wbozon_razdachi, пропускаем
2025-04-14 01:05:11,327 - ERROR - bot.config - Ошибка при получении сущности для канала https://t.me/otzyv_cashback: A wait of 2844 seconds is required (caused by ResolveUsernameRequest)
2025-04-14 01:05:11,327 - WARNING - bot.config - Не удалось получить entity для канала https://t.me/otzyv_cashback, пропускаем
2025-04-14 01:05:11,393 - WARNING - bot.config - Не удалось получить сущность для канала https://t.me/+yOKXb9ugkVVhNDMy: Cannot get entity from a channel (or group) that you are not part of. Join the group and retry
2025-04-14 01:05:11,393 - WARNING - bot.config - Не удалось получить entity для канала https://t.me/+yOKXb9ugkVVhNDMy, пропускаем
2025-04-14 01:05:11,393 - ERROR - bot.config - Ошибка при получении сущности для канала https://t.me/cashbacknamp: A wait of 2844 seconds is required (caused by ResolveUsernameRequest)
2025-04-14 01:05:11,394 - WARNING - bot.config - Не удалось получить entity для канала https://t.me/cashbacknamp, пропускаем
2025-04-14 01:05:11,394 - ERROR - bot.config - Ошибка при получении сущности для канала https://t.me/cashbackWBOZ: A wait of 2844 seconds is required (caused by ResolveUsernameRequest)
2025-04-14 01:05:11,394 - WARNING - bot.config - Не удалось получить entity для канала https://t.me/cashbackWBOZ, пропускаем
2025-04-14 01:05:11,394 - ERROR - bot.config - Ошибка при получении сущности для канала https://t.me/cascbackcity: A wait of 2844 seconds is required (caused by ResolveUsernameRequest)
2025-04-14 01:05:11,395 - WARNING - bot.config - Не удалось получить entity для канала https://t.me/cascbackcity, пропускаем
2025-04-14 01:05:11,395 - ERROR - bot.config - Ошибка при получении сущности для канала https://t.me/svwboz: A wait of 2844 seconds is required (caused by ResolveUsernameRequest)
2025-04-14 01:05:11,395 - WARNING - bot.config - Не удалось получить entity для канала https://t.me/svwboz, пропускаем
2025-04-14 01:05:11,395 - ERROR - bot.config - Ошибка при получении сущности для канала https://t.me/xalavshikipromokoda4: A wait of 2844 seconds is required (caused by ResolveUsernameRequest)
2025-04-14 01:05:11,395 - WARNING - bot.config - Не удалось получить entity для канала https://t.me/xalavshikipromokoda4, пропускаем
2025-04-14 01:05:11,497 - WARNING - bot.config - Не удалось получить сущность для канала https://t.me/+I7fWHohKZ84zYWRi: Cannot get entity from a channel (or group) that you are not part of. Join the group and retry
2025-04-14 01:05:11,497 - WARNING - bot.config - Не удалось получить entity для канала https://t.me/+I7fWHohKZ84zYWRi, пропускаем
2025-04-14 01:05:11,498 - ERROR - bot.config - Ошибка при получении сущности для канала https://t.me/wildberries_top_YSMP: A wait of 2844 seconds is required (caused by ResolveUsernameRequest)
2025-04-14 01:05:11,498 - WARNING - bot.config - Не удалось получить entity для канала https://t.me/wildberries_top_YSMP, пропускаем
2025-04-14 01:05:11,498 - ERROR - bot.config - Ошибка при получении сущности для канала https://t.me/darimzaotzyv: A wait of 2844 seconds is required (caused by ResolveUsernameRequest)
2025-04-14 01:05:11,498 - WARNING - bot.config - Не удалось получить entity для канала https://t.me/darimzaotzyv, пропускаем
2025-04-14 01:05:11,499 - ERROR - bot.config - Ошибка при получении сущности для канала https://t.me/wbrazdachi: A wait of 2844 seconds is required (caused by ResolveUsernameRequest)
2025-04-14 01:05:11,499 - WARNING - bot.config - Не удалось получить entity для канала https://t.me/wbrazdachi, пропускаем
2025-04-14 01:05:11,499 - ERROR - bot.config - Ошибка при получении сущности для канала https://t.me/WB_OZON_for_Kidss: A wait of 2844 seconds is required (caused by ResolveUsernameRequest)
2025-04-14 01:05:11,499 - WARNING - bot.config - Не удалось получить entity для канала https://t.me/WB_OZON_for_Kidss, пропускаем
2025-04-14 01:05:11,499 - ERROR - bot.config - Ошибка при получении сущности для канала https://t.me/chatstopmosh: A wait of 2844 seconds is required (caused by ResolveUsernameRequest)
2025-04-14 01:05:11,500 - WARNING - bot.config - Не удалось получить entity для канала https://t.me/chatstopmosh, пропускаем
2025-04-14 01:05:11,500 - ERROR - bot.config - Ошибка при получении сущности для канала https://t.me/onlyhitcash100: A wait of 2844 seconds is required (caused by ResolveUsernameRequest)
2025-04-14 01:05:11,500 - WARNING - bot.config - Не удалось получить entity для канала https://t.me/onlyhitcash100, пропускаем
2025-04-14 01:05:11,500 - ERROR - bot.config - Ошибка при получении сущности для канала https://t.me/cash_wb_and_ozon: A wait of 2844 seconds is required (caused by ResolveUsernameRequest)
2025-04-14 01:05:11,500 - WARNING - bot.config - Не удалось получить entity для канала https://t.me/cash_wb_and_ozon, пропускаем
2025-04-14 01:05:11,501 - ERROR - bot.config - Ошибка при получении сущности для канала https://t.me/best_wb_sale: A wait of 2844 seconds is required (caused by ResolveUsernameRequest)
2025-04-14 01:05:11,501 - WARNING - bot.config - Не удалось получить entity для канала https://t.me/best_wb_sale, пропускаем
2025-04-14 01:05:11,501 - ERROR - bot.config - Ошибка при получении сущности для канала https://t.me/keshbek_za_otziv: A wait of 2844 seconds is required (caused by ResolveUsernameRequest)
2025-04-14 01:05:11,502 - WARNING - bot.config - Не удалось получить entity для канала https://t.me/keshbek_za_otziv, пропускаем
2025-04-14 01:05:11,502 - ERROR - bot.config - Ошибка при получении сущности для канала https://t.me/backcashwb: A wait of 2844 seconds is required (caused by ResolveUsernameRequest)
2025-04-14 01:05:11,502 - WARNING - bot.config - Не удалось получить entity для канала https://t.me/backcashwb, пропускаем
2025-04-14 01:05:11,502 - ERROR - bot.config - Ошибка при получении сущности для канала https://t.me/tovariWB_po_sebestoimosti: A wait of 2844 seconds is required (caused by ResolveUsernameRequest)
2025-04-14 01:05:11,503 - WARNING - bot.config - Не удалось получить entity для канала https://t.me/tovariWB_po_sebestoimosti, пропускаем
2025-04-14 01:05:11,503 - ERROR - bot.config - Ошибка при получении сущности для канала https://t.me/sharovik_wb: A wait of 2844 seconds is required (caused by ResolveUsernameRequest)
2025-04-14 01:05:11,503 - WARNING - bot.config - Не удалось получить entity для канала https://t.me/sharovik_wb, пропускаем
2025-04-14 01:05:11,503 - ERROR - bot.config - Ошибка при получении сущности для канала https://t.me/cashback_for_5_stars: A wait of 2844 seconds is required (caused by ResolveUsernameRequest)
2025-04-14 01:05:11,504 - WARNING - bot.config - Не удалось получить entity для канала https://t.me/cashback_for_5_stars, пропускаем
2025-04-14 01:05:11,504 - ERROR - bot.config - Ошибка при получении сущности для канала https://t.me/tvoy_cashbek: A wait of 2844 seconds is required (caused by ResolveUsernameRequest)
2025-04-14 01:05:11,504 - WARNING - bot.config - Не удалось получить entity для канала https://t.me/tvoy_cashbek, пропускаем
2025-04-14 01:05:11,504 - ERROR - bot.config - Ошибка при получении сущности для канала https://t.me/wildberries_cash_back: A wait of 2844 seconds is required (caused by ResolveUsernameRequest)
2025-04-14 01:05:11,504 - WARNING - bot.config - Не удалось получить entity для канала https://t.me/wildberries_cash_back, пропускаем
2025-04-14 01:05:11,505 - ERROR - bot.config - Ошибка при получении сущности для канала https://t.me/halyava_za_otziv: A wait of 2844 seconds is required (caused by ResolveUsernameRequest)
2025-04-14 01:05:11,505 - WARNING - bot.config - Не удалось получить entity для канала https://t.me/halyava_za_otziv, пропускаем
2025-04-14 01:05:11,505 - ERROR - bot.config - Ошибка при получении сущности для канала https://t.me/baraholka_wilberries: A wait of 2844 seconds is required (caused by ResolveUsernameRequest)
2025-04-14 01:05:11,505 - WARNING - bot.config - Не удалось получить entity для канала https://t.me/baraholka_wilberries, пропускаем
2025-04-14 01:05:11,506 - ERROR - bot.config - Ошибка при получении сущности для канала https://t.me/wb_oz_cashback: A wait of 2844 seconds is required (caused by ResolveUsernameRequest)
2025-04-14 01:05:11,506 - WARNING - bot.config - Не удалось получить entity для канала https://t.me/wb_oz_cashback, пропускаем
2025-04-14 01:05:11,506 - ERROR - bot.config - Ошибка при получении сущности для канала https://t.me/salenawb: A wait of 2844 seconds is required (caused by ResolveUsernameRequest)
2025-04-14 01:05:11,506 - WARNING - bot.config - Не удалось получить entity для канала https://t.me/salenawb, пропускаем
2025-04-14 01:05:11,506 - ERROR - bot.config - Ошибка при получении сущности для канала https://t.me/CashikWB: A wait of 2844 seconds is required (caused by ResolveUsernameRequest)
2025-04-14 01:05:11,507 - WARNING - bot.config - Не удалось получить entity для канала https://t.me/CashikWB, пропускаем
2025-04-14 01:05:11,507 - ERROR - bot.config - Ошибка при получении сущности для канала https://t.me/top_sale_wildberries: A wait of 2844 seconds is required (caused by ResolveUsernameRequest)
2025-04-14 01:05:11,507 - WARNING - bot.config - Не удалось получить entity для канала https://t.me/top_sale_wildberries, пропускаем
2025-04-14 01:05:11,507 - ERROR - bot.config - Ошибка при получении сущности для канала https://t.me/blacklist_cashback: A wait of 2844 seconds is required (caused by ResolveUsernameRequest)
2025-04-14 01:05:11,508 - WARNING - bot.config - Не удалось получить entity для канала https://t.me/blacklist_cashback, пропускаем
2025-04-14 01:05:11,508 - ERROR - bot.config - Ошибка при получении сущности для канала https://t.me/cashback_WBiOzon: A wait of 2844 seconds is required (caused by ResolveUsernameRequest)
2025-04-14 01:05:11,508 - WARNING - bot.config - Не удалось получить entity для канала https://t.me/cashback_WBiOzon, пропускаем
2025-04-14 01:05:11,588 - WARNING - bot.config - Не удалось получить сущность для канала https://t.me/+Vwzt0Wl3ahllMDI6: Cannot get entity from a channel (or group) that you are not part of. Join the group and retry
2025-04-14 01:05:11,588 - WARNING - bot.config - Не удалось получить entity для канала https://t.me/+Vwzt0Wl3ahllMDI6, пропускаем
2025-04-14 01:05:11,588 - ERROR - bot.config - Ошибка при получении сущности для канала https://t.me/bookshaloba: A wait of 2844 seconds is required (caused by ResolveUsernameRequest)
2025-04-14 01:05:11,588 - WARNING - bot.config - Не удалось получить entity для канала https://t.me/bookshaloba, пропускаем
2025-04-14 01:05:11,589 - ERROR - bot.config - Ошибка при получении сущности для канала https://t.me/cashback77777: A wait of 2844 seconds is required (caused by ResolveUsernameRequest)
2025-04-14 01:05:11,589 - WARNING - bot.config - Не удалось получить entity для канала https://t.me/cashback77777, пропускаем
2025-04-14 01:05:11,589 - ERROR - bot.config - Ошибка при получении сущности для канала https://t.me/cashbackitoshka2023: A wait of 2844 seconds is required (caused by ResolveUsernameRequest)
2025-04-14 01:05:11,589 - WARNING - bot.config - Не удалось получить entity для канала https://t.me/cashbackitoshka2023, пропускаем
2025-04-14 01:05:11,589 - ERROR - bot.config - Ошибка при получении сущности для канала https://t.me/wb_cashback_sales: A wait of 2844 seconds is required (caused by ResolveUsernameRequest)
2025-04-14 01:05:11,590 - WARNING - bot.config - Не удалось получить entity для канала https://t.me/wb_cashback_sales, пропускаем
2025-04-14 01:05:11,590 - ERROR - bot.config - Ошибка при получении сущности для канала https://t.me/BLVDvikupay: A wait of 2844 seconds is required (caused by ResolveUsernameRequest)
2025-04-14 01:05:11,590 - WARNING - bot.config - Не удалось получить entity для канала https://t.me/BLVDvikupay, пропускаем
2025-04-14 01:05:11,590 - ERROR - bot.config - Ошибка при получении сущности для канала https://t.me/keshbek_za_otzyv: A wait of 2844 seconds is required (caused by ResolveUsernameRequest)
2025-04-14 01:05:11,590 - WARNING - bot.config - Не удалось получить entity для канала https://t.me/keshbek_za_otzyv, пропускаем
2025-04-14 01:05:11,591 - ERROR - bot.config - Ошибка при получении сущности для канала https://t.me/supertovariwb1: A wait of 2844 seconds is required (caused by ResolveUsernameRequest)
2025-04-14 01:05:11,591 - WARNING - bot.config - Не удалось получить entity для канала https://t.me/supertovariwb1, пропускаем
2025-04-14 01:05:11,591 - ERROR - bot.config - Ошибка при получении сущности для канала https://t.me/cashbakzaotzyv: A wait of 2844 seconds is required (caused by ResolveUsernameRequest)
2025-04-14 01:05:11,591 - WARNING - bot.config - Не удалось получить entity для канала https://t.me/cashbakzaotzyv, пропускаем
2025-04-14 01:05:11,591 - ERROR - bot.config - Ошибка при получении сущности для канала https://t.me/Cashback_WB_OZON_2024: A wait of 2844 seconds is required (caused by ResolveUsernameRequest)
2025-04-14 01:05:11,592 - WARNING - bot.config - Не удалось получить entity для канала https://t.me/Cashback_WB_OZON_2024, пропускаем
2025-04-14 01:05:11,592 - ERROR - bot.config - Ошибка при получении сущности для канала https://t.me/tovar_za_otziv2: A wait of 2844 seconds is required (caused by ResolveUsernameRequest)
2025-04-14 01:05:11,592 - WARNING - bot.config - Не удалось получить entity для канала https://t.me/tovar_za_otziv2, пропускаем
2025-04-14 01:05:11,592 - ERROR - bot.config - Ошибка при получении сущности для канала https://t.me/tovary_za_otzyvyy: A wait of 2844 seconds is required (caused by ResolveUsernameRequest)
2025-04-14 01:05:11,593 - WARNING - bot.config - Не удалось получить entity для канала https://t.me/tovary_za_otzyvyy, пропускаем
2025-04-14 01:05:11,593 - ERROR - bot.config - Ошибка при получении сущности для канала https://t.me/wbozoncash1: A wait of 2844 seconds is required (caused by ResolveUsernameRequest)
2025-04-14 01:05:11,593 - WARNING - bot.config - Не удалось получить entity для канала https://t.me/wbozoncash1, пропускаем
2025-04-14 01:05:11,593 - ERROR - bot.config - Ошибка при получении сущности для канала https://t.me/wHvKsxJzQU0NjVi: A wait of 2844 seconds is required (caused by ResolveUsernameRequest)
2025-04-14 01:05:11,593 - WARNING - bot.config - Не удалось получить entity для канала https://t.me/wHvKsxJzQU0NjVi, пропускаем
2025-04-14 01:05:11,594 - ERROR - bot.config - Ошибка при получении сущности для канала https://t.me/super_cash_back: A wait of 2844 seconds is required (caused by ResolveUsernameRequest)
2025-04-14 01:05:11,594 - WARNING - bot.config - Не удалось получить entity для канала https://t.me/super_cash_back, пропускаем
2025-04-14 01:05:11,594 - ERROR - bot.config - Ошибка при получении сущности для канала https://t.me/razdacha_za_otziv: A wait of 2844 seconds is required (caused by ResolveUsernameRequest)
2025-04-14 01:05:11,594 - WARNING - bot.config - Не удалось получить entity для канала https://t.me/razdacha_za_otziv, пропускаем
2025-04-14 01:05:11,594 - ERROR - bot.config - Ошибка при получении сущности для канала https://t.me/chestnyreiting: A wait of 2844 seconds is required (caused by ResolveUsernameRequest)
2025-04-14 01:05:11,595 - WARNING - bot.config - Не удалось получить entity для канала https://t.me/chestnyreiting, пропускаем
2025-04-14 01:05:11,595 - ERROR - bot.config - Ошибка при получении сущности для канала https://t.me/supertovariwb: A wait of 2844 seconds is required (caused by ResolveUsernameRequest)
2025-04-14 01:05:11,596 - WARNING - bot.config - Не удалось получить entity для канала https://t.me/supertovariwb, пропускаем
2025-04-14 01:05:11,596 - ERROR - bot.config - Ошибка при получении сущности для канала https://t.me/tovarzakashbackwbozonn: A wait of 2844 seconds is required (caused by ResolveUsernameRequest)
2025-04-14 01:05:11,596 - WARNING - bot.config - Не удалось получить entity для канала https://t.me/tovarzakashbackwbozonn, пропускаем
2025-04-14 01:05:11,596 - ERROR - bot.config - Ошибка при получении сущности для канала https://t.me/onereklamatovara: A wait of 2844 seconds is required (caused by ResolveUsernameRequest)
2025-04-14 01:05:11,596 - WARNING - bot.config - Не удалось получить entity для канала https://t.me/onereklamatovara, пропускаем
2025-04-14 01:05:11,597 - ERROR - bot.config - Ошибка при получении сущности для канала https://t.me/cashback_za_tovar: A wait of 2844 seconds is required (caused by ResolveUsernameRequest)
2025-04-14 01:05:11,597 - WARNING - bot.config - Не удалось получить entity для канала https://t.me/cashback_za_tovar, пропускаем
2025-04-14 01:05:11,597 - ERROR - bot.config - Ошибка при получении сущности для канала https://t.me/samovikupibesplatno: A wait of 2844 seconds is required (caused by ResolveUsernameRequest)
2025-04-14 01:05:11,597 - WARNING - bot.config - Не удалось получить entity для канала https://t.me/samovikupibesplatno, пропускаем
2025-04-14 01:05:11,597 - ERROR - bot.config - Ошибка при получении сущности для канала https://t.me/razdachawbozoncashback: A wait of 2844 seconds is required (caused by ResolveUsernameRequest)
2025-04-14 01:05:11,598 - WARNING - bot.config - Не удалось получить entity для канала https://t.me/razdachawbozoncashback, пропускаем
2025-04-14 01:05:11,662 - WARNING - bot.config - Не удалось получить сущность для канала https://t.me/+xgtGB-MZBAVlOTZi: Cannot find any entity corresponding to "https://t.me/+xgtGB-MZBAVlOTZi"
2025-04-14 01:05:11,662 - WARNING - bot.config - Не удалось получить entity для канала https://t.me/+xgtGB-MZBAVlOTZi, пропускаем
2025-04-14 01:05:11,663 - ERROR - bot.config - Ошибка при получении сущности для канала https://t.me/tovar_za_otz: A wait of 2844 seconds is required (caused by ResolveUsernameRequest)
2025-04-14 01:05:11,663 - WARNING - bot.config - Не удалось получить entity для канала https://t.me/tovar_za_otz, пропускаем
2025-04-14 01:05:11,663 - ERROR - bot.config - Ошибка при получении сущности для канала https://t.me/dis_navigator: A wait of 2844 seconds is required (caused by ResolveUsernameRequest)
2025-04-14 01:05:11,663 - WARNING - bot.config - Не удалось получить entity для канала https://t.me/dis_navigator, пропускаем
2025-04-14 01:05:11,663 - ERROR - bot.config - Ошибка при получении сущности для канала https://t.me/mani_egg2: A wait of 2844 seconds is required (caused by ResolveUsernameRequest)
2025-04-14 01:05:11,664 - WARNING - bot.config - Не удалось получить entity для канала https://t.me/mani_egg2, пропускаем
2025-04-14 01:05:11,664 - ERROR - bot.config - Ошибка при получении сущности для канала https://t.me/marketplacehot: A wait of 2844 seconds is required (caused by ResolveUsernameRequest)
2025-04-14 01:05:11,664 - WARNING - bot.config - Не удалось получить entity для канала https://t.me/marketplacehot, пропускаем
2025-04-14 01:05:11,664 - ERROR - bot.config - Ошибка при получении сущности для канала https://t.me/vikup_razdacha_kashback: A wait of 2844 seconds is required (caused by ResolveUsernameRequest)
2025-04-14 01:05:11,664 - WARNING - bot.config - Не удалось получить entity для канала https://t.me/vikup_razdacha_kashback, пропускаем
2025-04-14 01:05:11,665 - ERROR - bot.config - Ошибка при получении сущности для канала https://t.me/razdazhawbozon: A wait of 2844 seconds is required (caused by ResolveUsernameRequest)
2025-04-14 01:05:11,665 - WARNING - bot.config - Не удалось получить entity для канала https://t.me/razdazhawbozon, пропускаем
2025-04-14 01:05:11,665 - ERROR - bot.config - Ошибка при получении сущности для канала https://t.me/tovar_za_otzivi_wb_ozon: A wait of 2844 seconds is required (caused by ResolveUsernameRequest)
2025-04-14 01:05:11,665 - WARNING - bot.config - Не удалось получить entity для канала https://t.me/tovar_za_otzivi_wb_ozon, пропускаем
2025-04-14 01:05:11,665 - ERROR - bot.config - Ошибка при получении сущности для канала https://t.me/cashback_wbozon: A wait of 2844 seconds is required (caused by ResolveUsernameRequest)
2025-04-14 01:05:11,666 - WARNING - bot.config - Не удалось получить entity для канала https://t.me/cashback_wbozon, пропускаем
2025-04-14 01:05:11,666 - ERROR - bot.config - Ошибка при получении сущности для канала https://t.me/best_kosmetics: A wait of 2844 seconds is required (caused by ResolveUsernameRequest)
2025-04-14 01:05:11,666 - WARNING - bot.config - Не удалось получить entity для канала https://t.me/best_kosmetics, пропускаем
2025-04-14 01:05:11,666 - ERROR - bot.config - Ошибка при получении сущности для канала https://t.me/cashbacksv: A wait of 2844 seconds is required (caused by ResolveUsernameRequest)
2025-04-14 01:05:11,666 - WARNING - bot.config - Не удалось получить entity для канала https://t.me/cashbacksv, пропускаем
2025-04-14 01:05:11,667 - ERROR - bot.config - Ошибка при получении сущности для канала https://t.me/wbcashback_go: A wait of 2844 seconds is required (caused by ResolveUsernameRequest)
2025-04-14 01:05:11,667 - WARNING - bot.config - Не удалось получить entity для канала https://t.me/wbcashback_go, пропускаем
2025-04-14 01:05:11,667 - ERROR - bot.config - Ошибка при получении сущности для канала https://t.me/wbozoncashback01: A wait of 2844 seconds is required (caused by ResolveUsernameRequest)
2025-04-14 01:05:11,667 - WARNING - bot.config - Не удалось получить entity для канала https://t.me/wbozoncashback01, пропускаем
2025-04-14 01:05:11,668 - ERROR - bot.config - Ошибка при получении сущности для канала https://t.me/OzonWbSales: A wait of 2844 seconds is required (caused by ResolveUsernameRequest)
2025-04-14 01:05:11,668 - WARNING - bot.config - Не удалось получить entity для канала https://t.me/OzonWbSales, пропускаем
2025-04-14 01:05:11,669 - ERROR - bot.config - Ошибка при получении сущности для канала https://t.me/keshmania: A wait of 2844 seconds is required (caused by ResolveUsernameRequest)
2025-04-14 01:05:11,669 - WARNING - bot.config - Не удалось получить entity для канала https://t.me/keshmania, пропускаем
2025-04-14 01:05:11,669 - ERROR - bot.config - Ошибка при получении сущности для канала https://t.me/black_cashbacks2: A wait of 2844 seconds is required (caused by ResolveUsernameRequest)
2025-04-14 01:05:11,669 - WARNING - bot.config - Не удалось получить entity для канала https://t.me/black_cashbacks2, пропускаем
2025-04-14 01:05:11,670 - ERROR - bot.config - Ошибка при получении сущности для канала https://t.me/razdachaottani: A wait of 2844 seconds is required (caused by ResolveUsernameRequest)
2025-04-14 01:05:11,670 - WARNING - bot.config - Не удалось получить entity для канала https://t.me/razdachaottani, пропускаем
2025-04-14 01:05:11,670 - ERROR - bot.config - Ошибка при получении сущности для канала https://t.me/CASH_Trash1000: A wait of 2844 seconds is required (caused by ResolveUsernameRequest)
2025-04-14 01:05:11,670 - WARNING - bot.config - Не удалось получить entity для канала https://t.me/CASH_Trash1000, пропускаем
2025-04-14 01:05:11,670 - ERROR - bot.config - Ошибка при получении сущности для канала https://t.me/otzev_go: A wait of 2844 seconds is required (caused by ResolveUsernameRequest)
2025-04-14 01:05:11,671 - WARNING - bot.config - Не удалось получить entity для канала https://t.me/otzev_go, пропускаем
2025-04-14 01:05:11,671 - ERROR - bot.config - Ошибка при получении сущности для канала https://t.me/keshanytiigus: A wait of 2844 seconds is required (caused by ResolveUsernameRequest)
2025-04-14 01:05:11,671 - WARNING - bot.config - Не удалось получить entity для канала https://t.me/keshanytiigus, пропускаем
2025-04-14 01:05:11,671 - ERROR - bot.config - Ошибка при получении сущности для канала https://t.me/otzyvy_cashback: A wait of 2844 seconds is required (caused by ResolveUsernameRequest)
2025-04-14 01:05:11,671 - WARNING - bot.config - Не удалось получить entity для канала https://t.me/otzyvy_cashback, пропускаем
2025-04-14 01:05:11,672 - ERROR - bot.config - Ошибка при получении сущности для канала https://t.me/wbozonkesh: A wait of 2844 seconds is required (caused by ResolveUsernameRequest)
2025-04-14 01:05:11,672 - WARNING - bot.config - Не удалось получить entity для канала https://t.me/wbozonkesh, пропускаем
2025-04-14 01:05:11,672 - ERROR - bot.config - Ошибка при получении сущности для канала https://t.me/father_cashback: A wait of 2844 seconds is required (caused by ResolveUsernameRequest)
2025-04-14 01:05:11,672 - WARNING - bot.config - Не удалось получить entity для канала https://t.me/father_cashback, пропускаем
2025-04-14 01:05:11,672 - ERROR - bot.config - Ошибка при получении сущности для канала https://t.me/mpforcashback: A wait of 2844 seconds is required (caused by ResolveUsernameRequest)
2025-04-14 01:05:11,672 - WARNING - bot.config - Не удалось получить entity для канала https://t.me/mpforcashback, пропускаем
2025-04-14 01:05:11,672 - ERROR - bot.config - Ошибка при получении сущности для канала https://t.me/skidkology: A wait of 2844 seconds is required (caused by ResolveUsernameRequest)
2025-04-14 01:05:11,673 - WARNING - bot.config - Не удалось получить entity для канала https://t.me/skidkology, пропускаем
2025-04-14 01:05:11,673 - ERROR - bot.config - Ошибка при получении сущности для канала https://t.me/online_hit_cashback: A wait of 2844 seconds is required (caused by ResolveUsernameRequest)
2025-04-14 01:05:11,673 - WARNING - bot.config - Не удалось получить entity для канала https://t.me/online_hit_cashback, пропускаем
2025-04-14 01:05:11,673 - ERROR - bot.config - Ошибка при получении сущности для канала https://t.me/skidkiwblina: A wait of 2844 seconds is required (caused by ResolveUsernameRequest)
2025-04-14 01:05:11,674 - WARNING - bot.config - Не удалось получить entity для канала https://t.me/skidkiwblina, пропускаем
2025-04-14 01:05:11,674 - ERROR - bot.config - Ошибка при получении сущности для канала https://t.me/tovarotzuvi: A wait of 2844 seconds is required (caused by ResolveUsernameRequest)
2025-04-14 01:05:11,674 - WARNING - bot.config - Не удалось получить entity для канала https://t.me/tovarotzuvi, пропускаем
2025-04-14 01:05:11,674 - ERROR - bot.config - Ошибка при получении сущности для канала https://t.me/aukzzionrazdach: A wait of 2844 seconds is required (caused by ResolveUsernameRequest)
2025-04-14 01:05:11,674 - WARNING - bot.config - Не удалось получить entity для канала https://t.me/aukzzionrazdach, пропускаем
2025-04-14 01:05:11,747 - WARNING - bot.config - Не удалось получить сущность для канала https://t.me/+i8MathZcizEwMmVi: Cannot get entity from a channel (or group) that you are not part of. Join the group and retry
2025-04-14 01:05:11,748 - WARNING - bot.config - Не удалось получить entity для канала https://t.me/+i8MathZcizEwMmVi, пропускаем
2025-04-14 01:05:11,749 - ERROR - bot.config - Ошибка при получении сущности для канала https://t.me/tovarzaotziv: A wait of 2843 seconds is required (caused by ResolveUsernameRequest)
2025-04-14 01:05:11,749 - WARNING - bot.config - Не удалось получить entity для канала https://t.me/tovarzaotziv, пропускаем
2025-04-14 01:05:11,749 - ERROR - bot.config - Ошибка при получении сущности для канала https://t.me/wb_ozon_saless: A wait of 2843 seconds is required (caused by ResolveUsernameRequest)
2025-04-14 01:05:11,749 - WARNING - bot.config - Не удалось получить entity для канала https://t.me/wb_ozon_saless, пропускаем
2025-04-14 01:05:11,749 - ERROR - bot.config - Ошибка при получении сущности для канала https://t.me/lovtsy_skidok: A wait of 2843 seconds is required (caused by ResolveUsernameRequest)
2025-04-14 01:05:11,750 - WARNING - bot.config - Не удалось получить entity для канала https://t.me/lovtsy_skidok, пропускаем
2025-04-14 01:05:11,750 - ERROR - bot.config - Ошибка при получении сущности для канала https://t.me/tovar_za_otzyv_vykup_cashback: A wait of 2843 seconds is required (caused by ResolveUsernameRequest)
2025-04-14 01:05:11,750 - WARNING - bot.config - Не удалось получить entity для канала https://t.me/tovar_za_otzyv_vykup_cashback, пропускаем
2025-04-14 01:05:11,750 - ERROR - bot.config - Ошибка при получении сущности для канала https://t.me/wb_kesh100: A wait of 2843 seconds is required (caused by ResolveUsernameRequest)
2025-04-14 01:05:11,750 - WARNING - bot.config - Не удалось получить entity для канала https://t.me/wb_kesh100, пропускаем
2025-04-14 01:05:11,751 - ERROR - bot.config - Ошибка при получении сущности для канала https://t.me/HAXODKI_PAZDACHI: A wait of 2843 seconds is required (caused by ResolveUsernameRequest)
2025-04-14 01:05:11,751 - WARNING - bot.config - Не удалось получить entity для канала https://t.me/HAXODKI_PAZDACHI, пропускаем
2025-04-14 01:05:11,751 - ERROR - bot.config - Ошибка при получении сущности для канала https://t.me/cashbackLiza: A wait of 2843 seconds is required (caused by ResolveUsernameRequest)
2025-04-14 01:05:11,751 - WARNING - bot.config - Не удалось получить entity для канала https://t.me/cashbackLiza, пропускаем
2025-04-14 01:05:11,751 - ERROR - bot.config - Ошибка при получении сущности для канала https://t.me/cashbekwbozon: A wait of 2843 seconds is required (caused by ResolveUsernameRequest)
2025-04-14 01:05:11,752 - WARNING - bot.config - Не удалось получить entity для канала https://t.me/cashbekwbozon, пропускаем
2025-04-14 01:05:11,752 - ERROR - bot.config - Ошибка при получении сущности для канала https://t.me/tingresscahback: A wait of 2843 seconds is required (caused by ResolveUsernameRequest)
2025-04-14 01:05:11,752 - WARNING - bot.config - Не удалось получить entity для канала https://t.me/tingresscahback, пропускаем
2025-04-14 01:05:11,752 - ERROR - bot.config - Ошибка при получении сущности для канала https://t.me/vykup2: A wait of 2843 seconds is required (caused by ResolveUsernameRequest)
2025-04-14 01:05:11,752 - WARNING - bot.config - Не удалось получить entity для канала https://t.me/vykup2, пропускаем
2025-04-14 01:05:11,753 - ERROR - bot.config - Ошибка при получении сущности для канала https://t.me/yagoda_xalava: A wait of 2843 seconds is required (caused by ResolveUsernameRequest)
2025-04-14 01:05:11,753 - WARNING - bot.config - Не удалось получить entity для канала https://t.me/yagoda_xalava, пропускаем
2025-04-14 01:05:11,753 - ERROR - bot.config - Ошибка при получении сущности для канала https://t.me/kingssports_tg: A wait of 2843 seconds is required (caused by ResolveUsernameRequest)
2025-04-14 01:05:11,753 - WARNING - bot.config - Не удалось получить entity для канала https://t.me/kingssports_tg, пропускаем
2025-04-14 01:05:11,754 - ERROR - bot.config - Ошибка при получении сущности для канала https://t.me/cashbackonwb: A wait of 2843 seconds is required (caused by ResolveUsernameRequest)
2025-04-14 01:05:11,754 - WARNING - bot.config - Не удалось получить entity для канала https://t.me/cashbackonwb, пропускаем
2025-04-14 01:05:11,754 - ERROR - bot.config - Ошибка при получении сущности для канала https://t.me/LussiaK: A wait of 2843 seconds is required (caused by ResolveUsernameRequest)
2025-04-14 01:05:11,754 - WARNING - bot.config - Не удалось получить entity для канала https://t.me/LussiaK, пропускаем
2025-04-14 01:05:11,754 - ERROR - bot.config - Ошибка при получении сущности для канала https://t.me/keshbek_tovar1: A wait of 2843 seconds is required (caused by ResolveUsernameRequest)
2025-04-14 01:05:11,755 - WARNING - bot.config - Не удалось получить entity для канала https://t.me/keshbek_tovar1, пропускаем
2025-04-14 01:05:11,755 - ERROR - bot.config - Ошибка при получении сущности для канала https://t.me/vJa3xvKmH9AxNzgy: A wait of 2843 seconds is required (caused by ResolveUsernameRequest)
2025-04-14 01:05:11,755 - WARNING - bot.config - Не удалось получить entity для канала https://t.me/vJa3xvKmH9AxNzgy, пропускаем
2025-04-14 01:05:11,755 - ERROR - bot.config - Ошибка при получении сущности для канала https://t.me/razdahatovarov: A wait of 2843 seconds is required (caused by ResolveUsernameRequest)
2025-04-14 01:05:11,756 - WARNING - bot.config - Не удалось получить entity для канала https://t.me/razdahatovarov, пропускаем
2025-04-14 01:05:11,756 - ERROR - bot.config - Ошибка при получении сущности для канала https://t.me/produkty_vykup: A wait of 2843 seconds is required (caused by ResolveUsernameRequest)
2025-04-14 01:05:11,756 - WARNING - bot.config - Не удалось получить entity для канала https://t.me/produkty_vykup, пропускаем
2025-04-14 01:05:11,757 - ERROR - bot.config - Ошибка при получении сущности для канала https://t.me/WB_OZON_100_cashback: A wait of 2843 seconds is required (caused by ResolveUsernameRequest)
2025-04-14 01:05:11,757 - WARNING - bot.config - Не удалось получить entity для канала https://t.me/WB_OZON_100_cashback, пропускаем
2025-04-14 01:05:11,757 - ERROR - bot.config - Ошибка при получении сущности для канала https://t.me/Products_for_review: A wait of 2843 seconds is required (caused by ResolveUsernameRequest)
2025-04-14 01:05:11,757 - WARNING - bot.config - Не удалось получить entity для канала https://t.me/Products_for_review, пропускаем
2025-04-14 01:05:11,757 - ERROR - bot.config - Ошибка при получении сущности для канала https://t.me/za5zvezd: A wait of 2843 seconds is required (caused by ResolveUsernameRequest)
2025-04-14 01:05:11,758 - WARNING - bot.config - Не удалось получить entity для канала https://t.me/za5zvezd, пропускаем
2025-04-14 01:05:11,758 - ERROR - bot.config - Ошибка при получении сущности для канала https://t.me/grcashback: A wait of 2843 seconds is required (caused by ResolveUsernameRequest)
2025-04-14 01:05:11,758 - WARNING - bot.config - Не удалось получить entity для канала https://t.me/grcashback, пропускаем
2025-04-14 01:05:11,846 - WARNING - bot.config - Не удалось получить сущность для канала https://t.me/+u-89-NYsWnozMDZi: Cannot get entity from a channel (or group) that you are not part of. Join the group and retry
2025-04-14 01:05:11,846 - WARNING - bot.config - Не удалось получить entity для канала https://t.me/+u-89-NYsWnozMDZi, пропускаем
2025-04-14 01:05:11,847 - ERROR - bot.config - Ошибка при получении сущности для канала https://t.me/vukypi: A wait of 2843 seconds is required (caused by ResolveUsernameRequest)
2025-04-14 01:05:11,847 - WARNING - bot.config - Не удалось получить entity для канала https://t.me/vukypi, пропускаем
2025-04-14 01:05:11,847 - ERROR - bot.config - Ошибка при получении сущности для канала https://t.me/globalotzivi: A wait of 2843 seconds is required (caused by ResolveUsernameRequest)
2025-04-14 01:05:11,847 - WARNING - bot.config - Не удалось получить entity для канала https://t.me/globalotzivi, пропускаем
2025-04-14 01:05:11,848 - ERROR - bot.config - Ошибка при получении сущности для канала https://t.me/keshbek_za_otzyv_WB: A wait of 2843 seconds is required (caused by ResolveUsernameRequest)
2025-04-14 01:05:11,848 - WARNING - bot.config - Не удалось получить entity для канала https://t.me/keshbek_za_otzyv_WB, пропускаем
2025-04-14 01:05:11,970 - INFO - bot.config - Получена сущность для канала -1002404189771
2025-04-14 01:05:12,038 - INFO - bot.config - Канал -1002404189771: последнее сообщение ID = 16, дата = 2025-03-26 23:41:43+00:00
2025-04-14 01:05:12,038 - ERROR - bot.config - Ошибка при получении сущности для канала https://t.me/wb_ozon_skidki_rasprodazha: A wait of 2843 seconds is required (caused by ResolveUsernameRequest)
2025-04-14 01:05:12,038 - WARNING - bot.config - Не удалось получить entity для канала https://t.me/wb_ozon_skidki_rasprodazha, пропускаем
2025-04-14 01:05:12,104 - WARNING - bot.config - Не удалось получить сущность для канала https://t.me/+lo9c0teJQrNiNzk6: Cannot get entity from a channel (or group) that you are not part of. Join the group and retry
2025-04-14 01:05:12,105 - WARNING - bot.config - Не удалось получить entity для канала https://t.me/+lo9c0teJQrNiNzk6, пропускаем
2025-04-14 01:05:12,105 - ERROR - bot.config - Ошибка при получении сущности для канала https://t.me/topprodajizdec: A wait of 2843 seconds is required (caused by ResolveUsernameRequest)
2025-04-14 01:05:12,105 - WARNING - bot.config - Не удалось получить entity для канала https://t.me/topprodajizdec, пропускаем
2025-04-14 01:05:12,105 - ERROR - bot.config - Ошибка при получении сущности для канала https://t.me/madiko431: A wait of 2843 seconds is required (caused by ResolveUsernameRequest)
2025-04-14 01:05:12,105 - WARNING - bot.config - Не удалось получить entity для канала https://t.me/madiko431, пропускаем
2025-04-14 01:05:12,105 - ERROR - bot.config - Ошибка при получении сущности для канала https://t.me/wbpizdec: A wait of 2843 seconds is required (caused by ResolveUsernameRequest)
2025-04-14 01:05:12,106 - WARNING - bot.config - Не удалось получить entity для канала https://t.me/wbpizdec, пропускаем
2025-04-14 01:05:12,106 - ERROR - bot.config - Ошибка при получении сущности для канала https://t.me/otzivi_wb_ozon: A wait of 2843 seconds is required (caused by ResolveUsernameRequest)
2025-04-14 01:05:12,106 - WARNING - bot.config - Не удалось получить entity для канала https://t.me/otzivi_wb_ozon, пропускаем
2025-04-14 01:05:12,106 - ERROR - bot.config - Ошибка при получении сущности для канала https://t.me/discounts_on_marketplaces: A wait of 2843 seconds is required (caused by ResolveUsernameRequest)
2025-04-14 01:05:12,106 - WARNING - bot.config - Не удалось получить entity для канала https://t.me/discounts_on_marketplaces, пропускаем
2025-04-14 01:05:12,107 - ERROR - bot.config - Ошибка при получении сущности для канала https://t.me/razdachirosee: A wait of 2843 seconds is required (caused by ResolveUsernameRequest)
2025-04-14 01:05:12,107 - WARNING - bot.config - Не удалось получить entity для канала https://t.me/razdachirosee, пропускаем
2025-04-14 01:05:12,107 - ERROR - bot.config - Ошибка при получении сущности для канала https://t.me/zayachya_lapkaa: A wait of 2843 seconds is required (caused by ResolveUsernameRequest)
2025-04-14 01:05:12,107 - WARNING - bot.config - Не удалось получить entity для канала https://t.me/zayachya_lapkaa, пропускаем
2025-04-14 01:05:12,108 - ERROR - bot.config - Ошибка при получении сущности для канала https://t.me/jurello_youlove: A wait of 2843 seconds is required (caused by ResolveUsernameRequest)
2025-04-14 01:05:12,108 - WARNING - bot.config - Не удалось получить entity для канала https://t.me/jurello_youlove, пропускаем
2025-04-14 01:05:12,108 - ERROR - bot.config - Ошибка при получении сущности для канала https://t.me/tovari_waldberries: A wait of 2843 seconds is required (caused by ResolveUsernameRequest)
2025-04-14 01:05:12,108 - WARNING - bot.config - Не удалось получить entity для канала https://t.me/tovari_waldberries, пропускаем
2025-04-14 01:05:12,108 - ERROR - bot.config - Ошибка при получении сущности для канала https://t.me/cashback_wb_ozo: A wait of 2843 seconds is required (caused by ResolveUsernameRequest)
2025-04-14 01:05:12,109 - WARNING - bot.config - Не удалось получить entity для канала https://t.me/cashback_wb_ozo, пропускаем
2025-04-14 01:05:12,175 - WARNING - bot.config - Не удалось получить сущность для канала https://t.me/+QeewdGww_go2YTYy: Cannot get entity from a channel (or group) that you are not part of. Join the group and retry
2025-04-14 01:05:12,175 - WARNING - bot.config - Не удалось получить entity для канала https://t.me/+QeewdGww_go2YTYy, пропускаем
2025-04-14 01:05:12,175 - ERROR - bot.config - Ошибка при получении сущности для канала https://t.me/keshbek7: A wait of 2843 seconds is required (caused by ResolveUsernameRequest)
2025-04-14 01:05:12,176 - WARNING - bot.config - Не удалось получить entity для канала https://t.me/keshbek7, пропускаем
2025-04-14 01:05:12,176 - ERROR - bot.config - Ошибка при получении сущности для канала https://t.me/vykup_keshbek6: A wait of 2843 seconds is required (caused by ResolveUsernameRequest)
2025-04-14 01:05:12,176 - WARNING - bot.config - Не удалось получить entity для канала https://t.me/vykup_keshbek6, пропускаем
2025-04-14 01:05:12,246 - INFO - bot.config - Получена сущность для канала https://t.me/+St2-cQONIA9lZjA6
2025-04-14 01:05:12,321 - INFO - bot.config - Канал https://t.me/+St2-cQONIA9lZjA6: последнее сообщение ID = 4611, дата = 2025-04-13 18:12:57+00:00
2025-04-14 01:05:12,321 - ERROR - bot.config - Ошибка при получении сущности для канала https://t.me/vykup5: A wait of 2843 seconds is required (caused by ResolveUsernameRequest)
2025-04-14 01:05:12,322 - WARNING - bot.config - Не удалось получить entity для канала https://t.me/vykup5, пропускаем
2025-04-14 01:05:12,322 - ERROR - bot.config - Ошибка при получении сущности для канала https://t.me/vykupiwbozon: A wait of 2843 seconds is required (caused by ResolveUsernameRequest)
2025-04-14 01:05:12,322 - WARNING - bot.config - Не удалось получить entity для канала https://t.me/vykupiwbozon, пропускаем
2025-04-14 01:05:12,322 - ERROR - bot.config - Ошибка при получении сущности для канала https://t.me/cashback_cherny_spisok: A wait of 2843 seconds is required (caused by ResolveUsernameRequest)
2025-04-14 01:05:12,323 - WARNING - bot.config - Не удалось получить entity для канала https://t.me/cashback_cherny_spisok, пропускаем
2025-04-14 01:05:12,323 - ERROR - bot.config - Ошибка при получении сущности для канала https://t.me/wbozonkesh70100: A wait of 2843 seconds is required (caused by ResolveUsernameRequest)
2025-04-14 01:05:12,324 - WARNING - bot.config - Не удалось получить entity для канала https://t.me/wbozonkesh70100, пропускаем
2025-04-14 01:05:12,324 - ERROR - bot.config - Ошибка при получении сущности для канала https://t.me/WOzonWb: A wait of 2843 seconds is required (caused by ResolveUsernameRequest)
2025-04-14 01:05:12,324 - WARNING - bot.config - Не удалось получить entity для канала https://t.me/WOzonWb, пропускаем
2025-04-14 01:05:12,324 - ERROR - bot.config - Ошибка при получении сущности для канала https://t.me/wbskidka2023: A wait of 2843 seconds is required (caused by ResolveUsernameRequest)
2025-04-14 01:05:12,324 - WARNING - bot.config - Не удалось получить entity для канала https://t.me/wbskidka2023, пропускаем
2025-04-14 01:05:12,325 - ERROR - bot.config - Ошибка при получении сущности для канала https://t.me/wbozoncashbackyou: A wait of 2843 seconds is required (caused by ResolveUsernameRequest)
2025-04-14 01:05:12,325 - WARNING - bot.config - Не удалось получить entity для канала https://t.me/wbozoncashbackyou, пропускаем
2025-04-14 01:05:12,325 - ERROR - bot.config - Ошибка при получении сущности для канала https://t.me/Childrens_cashback: A wait of 2843 seconds is required (caused by ResolveUsernameRequest)
2025-04-14 01:05:12,325 - WARNING - bot.config - Не удалось получить entity для канала https://t.me/Childrens_cashback, пропускаем
2025-04-14 01:05:12,325 - ERROR - bot.config - Ошибка при получении сущности для канала https://t.me/wb_ozonavito: A wait of 2843 seconds is required (caused by ResolveUsernameRequest)
2025-04-14 01:05:12,326 - WARNING - bot.config - Не удалось получить entity для канала https://t.me/wb_ozonavito, пропускаем
2025-04-14 01:05:12,326 - ERROR - bot.config - Ошибка при получении сущности для канала https://t.me/keshbek_za_otzyv_lovi: A wait of 2843 seconds is required (caused by ResolveUsernameRequest)
2025-04-14 01:05:12,326 - WARNING - bot.config - Не удалось получить entity для канала https://t.me/keshbek_za_otzyv_lovi, пропускаем
2025-04-14 01:05:12,326 - ERROR - bot.config - Ошибка при получении сущности для канала https://t.me/Skid_best: A wait of 2843 seconds is required (caused by ResolveUsernameRequest)
2025-04-14 01:05:12,326 - WARNING - bot.config - Не удалось получить entity для канала https://t.me/Skid_best, пропускаем
2025-04-14 01:05:12,327 - ERROR - bot.config - Ошибка при получении сущности для канала https://t.me/keshanytiigoose: A wait of 2843 seconds is required (caused by ResolveUsernameRequest)
2025-04-14 01:05:12,327 - WARNING - bot.config - Не удалось получить entity для канала https://t.me/keshanytiigoose, пропускаем
2025-04-14 01:05:12,327 - ERROR - bot.config - Ошибка при получении сущности для канала https://t.me/kashartfamily: A wait of 2843 seconds is required (caused by ResolveUsernameRequest)
2025-04-14 01:05:12,327 - WARNING - bot.config - Не удалось получить entity для канала https://t.me/kashartfamily, пропускаем
2025-04-14 01:05:12,328 - ERROR - bot.config - Ошибка при получении сущности для канала https://t.me/besplatnowb: A wait of 2843 seconds is required (caused by ResolveUsernameRequest)
2025-04-14 01:05:12,328 - WARNING - bot.config - Не удалось получить entity для канала https://t.me/besplatnowb, пропускаем
2025-04-14 01:05:12,328 - ERROR - bot.config - Ошибка при получении сущности для канала https://t.me/discountforthewholeseason69: A wait of 2843 seconds is required (caused by ResolveUsernameRequest)
2025-04-14 01:05:12,328 - WARNING - bot.config - Не удалось получить entity для канала https://t.me/discountforthewholeseason69, пропускаем
2025-04-14 01:05:12,330 - INFO - bot.config - Загружены каналы из файла sources.txt
2025-04-14 01:05:12,330 - INFO - bot.config - Всего получено 193 каналов-источников
2025-04-14 01:05:12,330 - INFO - bot.config - Начало инициализации активности для 193 каналов
2025-04-14 01:05:12,631 - ERROR - bot.config - Ошибка при получении сущности для канала https://t.me/keshbekiwboz: A wait of 2843 seconds is required (caused by ResolveUsernameRequest)
2025-04-14 01:05:12,632 - WARNING - bot.config - Не удалось получить сущность для канала https://t.me/keshbekiwboz, пропускаем
2025-04-14 01:05:13,080 - ERROR - bot.config - Ошибка при получении сущности для канала https://t.me/VBBUKOP: A wait of 2842 seconds is required (caused by ResolveUsernameRequest)
2025-04-14 01:05:13,081 - WARNING - bot.config - Не удалось получить сущность для канала https://t.me/VBBUKOP, пропускаем
2025-04-14 01:05:13,329 - ERROR - bot.config - Ошибка при получении сущности для канала https://t.me/Otzovik_WB_OZON_TOP: A wait of 2842 seconds is required (caused by ResolveUsernameRequest)
2025-04-14 01:05:13,330 - WARNING - bot.config - Не удалось получить сущность для канала https://t.me/Otzovik_WB_OZON_TOP, пропускаем
2025-04-14 01:05:13,375 - ERROR - bot.config - Ошибка при получении сущности для канала https://t.me/cashback_halyva: A wait of 2842 seconds is required (caused by ResolveUsernameRequest)
2025-04-14 01:05:13,376 - WARNING - bot.config - Не удалось получить сущность для канала https://t.me/cashback_halyva, пропускаем
2025-04-14 01:05:13,697 - ERROR - bot.config - Ошибка при получении сущности для канала https://t.me/Wildberries1cashback: A wait of 2842 seconds is required (caused by ResolveUsernameRequest)
2025-04-14 01:05:13,697 - WARNING - bot.config - Не удалось получить сущность для канала https://t.me/Wildberries1cashback, пропускаем
2025-04-14 01:05:14,164 - ERROR - bot.config - Ошибка при получении сущности для канала https://t.me/razdachawbozon: A wait of 2841 seconds is required (caused by ResolveUsernameRequest)
2025-04-14 01:05:14,164 - WARNING - bot.config - Не удалось получить сущность для канала https://t.me/razdachawbozon, пропускаем
2025-04-14 01:05:14,398 - ERROR - bot.config - Ошибка при получении сущности для канала https://t.me/cashbackpro100: A wait of 2841 seconds is required (caused by ResolveUsernameRequest)
2025-04-14 01:05:14,398 - WARNING - bot.config - Не удалось получить сущность для канала https://t.me/cashbackpro100, пропускаем
2025-04-14 01:05:14,677 - ERROR - bot.config - Ошибка при получении сущности для канала https://t.me/keshbekcs: A wait of 2841 seconds is required (caused by ResolveUsernameRequest)
2025-04-14 01:05:14,678 - WARNING - bot.config - Не удалось получить сущность для канала https://t.me/keshbekcs, пропускаем
2025-04-14 01:05:15,160 - ERROR - bot.config - Ошибка при получении сущности для канала https://t.me/HALYAVASR1: A wait of 2840 seconds is required (caused by ResolveUsernameRequest)
2025-04-14 01:05:15,160 - WARNING - bot.config - Не удалось получить сущность для канала https://t.me/HALYAVASR1, пропускаем
2025-04-14 01:05:15,332 - ERROR - bot.config - Ошибка при получении сущности для канала https://t.me/razdazhawbozon2: A wait of 2840 seconds is required (caused by ResolveUsernameRequest)
2025-04-14 01:05:15,333 - WARNING - bot.config - Не удалось получить сущность для канала https://t.me/razdazhawbozon2, пропускаем
2025-04-14 01:05:15,411 - INFO - bot.config - Инициализировано 0 каналов. Пауза 7.1 сек перед следующей партией
2025-04-14 01:05:22,710 - ERROR - bot.config - Ошибка при получении сущности для канала https://t.me/walrus_best_cashbacks: A wait of 2833 seconds is required (caused by ResolveUsernameRequest)
2025-04-14 01:05:22,710 - WARNING - bot.config - Не удалось получить сущность для канала https://t.me/walrus_best_cashbacks, пропускаем
2025-04-14 01:05:23,196 - ERROR - bot.config - Ошибка при получении сущности для канала https://t.me/reclamawbozonya: A wait of 2832 seconds is required (caused by ResolveUsernameRequest)
2025-04-14 01:05:23,197 - WARNING - bot.config - Не удалось получить сущность для канала https://t.me/reclamawbozonya, пропускаем
2025-04-14 01:05:23,592 - ERROR - bot.config - Ошибка при получении сущности для канала https://t.me/wildberrieskesh: A wait of 2832 seconds is required (caused by ResolveUsernameRequest)
2025-04-14 01:05:23,592 - WARNING - bot.config - Не удалось получить сущность для канала https://t.me/wildberrieskesh, пропускаем
2025-04-14 01:05:23,756 - ERROR - bot.config - Ошибка при получении сущности для канала https://t.me/cashback_wb_and_ozonn: A wait of 2831 seconds is required (caused by ResolveUsernameRequest)
2025-04-14 01:05:23,756 - WARNING - bot.config - Не удалось получить сущность для канала https://t.me/cashback_wb_and_ozonn, пропускаем
2025-04-14 01:05:23,906 - ERROR - bot.config - Ошибка при получении сущности для канала https://t.me/tovar_za_kesh1: A wait of 2831 seconds is required (caused by ResolveUsernameRequest)
2025-04-14 01:05:23,906 - WARNING - bot.config - Не удалось получить сущность для канала https://t.me/tovar_za_kesh1, пропускаем
2025-04-14 01:05:24,459 - ERROR - bot.config - Ошибка при получении сущности для канала https://t.me/tovarotzuv: A wait of 2831 seconds is required (caused by ResolveUsernameRequest)
2025-04-14 01:05:24,459 - WARNING - bot.config - Не удалось получить сущность для канала https://t.me/tovarotzuv, пропускаем
2025-04-14 01:05:24,859 - ERROR - bot.config - Ошибка при получении сущности для канала https://t.me/item_for_rewiew: A wait of 2830 seconds is required (caused by ResolveUsernameRequest)
2025-04-14 01:05:24,859 - WARNING - bot.config - Не удалось получить сущность для канала https://t.me/item_for_rewiew, пропускаем
2025-04-14 01:05:25,164 - ERROR - bot.config - Ошибка при получении сущности для канала https://t.me/raspakovkacpek: A wait of 2830 seconds is required (caused by ResolveUsernameRequest)
2025-04-14 01:05:25,164 - WARNING - bot.config - Не удалось получить сущность для канала https://t.me/raspakovkacpek, пропускаем
2025-04-14 01:05:25,469 - ERROR - bot.config - Ошибка при получении сущности для канала https://t.me/WBOZONBESPLATNO100: A wait of 2830 seconds is required (caused by ResolveUsernameRequest)
2025-04-14 01:05:25,469 - WARNING - bot.config - Не удалось получить сущность для канала https://t.me/WBOZONBESPLATNO100, пропускаем
2025-04-14 01:05:25,780 - ERROR - bot.config - Ошибка при получении сущности для канала https://t.me/uletnuicashback: A wait of 2829 seconds is required (caused by ResolveUsernameRequest)
2025-04-14 01:05:25,780 - WARNING - bot.config - Не удалось получить сущность для канала https://t.me/uletnuicashback, пропускаем
2025-04-14 01:05:25,780 - INFO - bot.config - Инициализировано 0 каналов. Пауза 6.9 сек перед следующей партией
2025-04-14 01:05:32,981 - ERROR - bot.config - Ошибка при получении сущности для канала https://t.me/razdachi_keshbek: A wait of 2822 seconds is required (caused by ResolveUsernameRequest)
2025-04-14 01:05:32,981 - WARNING - bot.config - Не удалось получить сущность для канала https://t.me/razdachi_keshbek, пропускаем
2025-04-14 01:05:33,434 - ERROR - bot.config - Ошибка при получении сущности для канала https://t.me/shtrihkodhalyavy: A wait of 2822 seconds is required (caused by ResolveUsernameRequest)
2025-04-14 01:05:33,434 - WARNING - bot.config - Не удалось получить сущность для канала https://t.me/shtrihkodhalyavy, пропускаем
2025-04-14 01:05:33,434 - ERROR - bot.config - Ошибка при получении сущности для канала https://t.me/cachbeck: A wait of 2822 seconds is required (caused by ResolveUsernameRequest)
2025-04-14 01:05:33,434 - WARNING - bot.config - Не удалось получить сущность для канала https://t.me/cachbeck, пропускаем
2025-04-14 01:05:33,850 - ERROR - bot.config - Ошибка при получении сущности для канала https://t.me/onlinehitkids: A wait of 2821 seconds is required (caused by ResolveUsernameRequest)
2025-04-14 01:05:33,850 - WARNING - bot.config - Не удалось получить сущность для канала https://t.me/onlinehitkids, пропускаем
2025-04-14 01:05:34,393 - ERROR - bot.config - Ошибка при получении сущности для канала https://t.me/zayka_nevinoven: A wait of 2821 seconds is required (caused by ResolveUsernameRequest)
2025-04-14 01:05:34,393 - WARNING - bot.config - Не удалось получить сущность для канала https://t.me/zayka_nevinoven, пропускаем
2025-04-14 01:05:34,692 - ERROR - bot.config - Ошибка при получении сущности для канала https://t.me/bestsellerpack: A wait of 2821 seconds is required (caused by ResolveUsernameRequest)
2025-04-14 01:05:34,692 - WARNING - bot.config - Не удалось получить сущность для канала https://t.me/bestsellerpack, пропускаем
2025-04-14 01:05:34,821 - ERROR - bot.config - Ошибка при получении сущности для канала https://t.me/stop_moshennik_wb_ozon: A wait of 2820 seconds is required (caused by ResolveUsernameRequest)
2025-04-14 01:05:34,821 - WARNING - bot.config - Не удалось получить сущность для канала https://t.me/stop_moshennik_wb_ozon, пропускаем
2025-04-14 01:05:35,029 - ERROR - bot.config - Ошибка при получении сущности для канала https://t.me/keshbek9: A wait of 2820 seconds is required (caused by ResolveUsernameRequest)
2025-04-14 01:05:35,030 - WARNING - bot.config - Не удалось получить сущность для канала https://t.me/keshbek9, пропускаем
2025-04-14 01:05:35,376 - ERROR - bot.config - Ошибка при получении сущности для канала https://t.me/cashback100only: A wait of 2820 seconds is required (caused by ResolveUsernameRequest)
2025-04-14 01:05:35,376 - WARNING - bot.config - Не удалось получить сущность для канала https://t.me/cashback100only, пропускаем
